-18,2,EBKarrJLtNnGJMF5xFykeF8JO1I=,OULCDo862W3N/lelJbiqFOoSex4=
-19,1,EBKarrJLtNnGJMF5xFykeF8JO1I=,cbVJY6t2yckPfyuzpbq9+LWdWZQ=
-18,1,EBKarrJLtNnGJMF5xFykeF8JO1I=,+3lZ9nrHn3FoVx1vsnOafz0IgfE=
-19,2,EBKarrJLtNnGJMF5xFykeF8JO1I=,OAneqHWu3vt1ph214i4TuwjduwQ=
-21,3,K1r7O9EkfxAScg5QrIlzFCklf4s=,7AVoiFM1XmzI1Bx4trEh7CvW1b4=
-20,3,K1r7O9EkfxAScg5QrIlzFCklf4s=,OAneqHWu3vt1ph214i4TuwjduwQ=
-20,4,K1r7O9EkfxAScg5QrIlzFCklf4s=,TmlIXUseMtrbubley/r9g8SRqVk=
-21,4,K1r7O9EkfxAScg5QrIlzFCklf4s=,nWHtxp0cjh/g25p89qI5J4DfzGo=
-20,6,vyJSkG5qVlOoavR+xMtoGdcPsKI=,fX90KQsI0EKFePNgqNCFRyWxcuQ=
-21,5,vyJSkG5qVlOoavR+xMtoGdcPsKI=,nWHtxp0cjh/g25p89qI5J4DfzGo=
-20,5,vyJSkG5qVlOoavR+xMtoGdcPsKI=,TmlIXUseMtrbubley/r9g8SRqVk=
-21,6,vyJSkG5qVlOoavR+xMtoGdcPsKI=,Jd0Hhnq8HtlC0Bl1tVG4iKUumwg=
-20,8,OsZ5kpb3HTHbxKFn9DMzi4v7pQg=,IFN9u5qkaen72ySRhCCyiWhTy9k=
-20,7,OsZ5kpb3HTHbxKFn9DMzi4v7pQg=,fX90KQsI0EKFePNgqNCFRyWxcuQ=
-21,7,OsZ5kpb3HTHbxKFn9DMzi4v7pQg=,Jd0Hhnq8HtlC0Bl1tVG4iKUumwg=
-21,8,OsZ5kpb3HTHbxKFn9DMzi4v7pQg=,2Av+uqwaK2QtLs/JHspoRLPXS3M=
-19,7,MVrem/hV0a0AyBS2pml86BW38wY=,fX90KQsI0EKFePNgqNCFRyWxcuQ=
-19,8,MVrem/hV0a0AyBS2pml86BW38wY=,IFN9u5qkaen72ySRhCCyiWhTy9k=
-18,8,MVrem/hV0a0AyBS2pml86BW38wY=,3rftZ74dvqBLNT39PAWRfHv+Ggc=
-18,7,MVrem/hV0a0AyBS2pml86BW38wY=,4rFpgEOtpQDT1Z7pGaolVKkUX6Y=
-20,10,MVrem/hV0a0AyBS2pml86BW38wY=,grYgfQd7ID61Eu4BP7WvHzRJcc4=
-21,9,MVrem/hV0a0AyBS2pml86BW38wY=,2Av+uqwaK2QtLs/JHspoRLPXS3M=
-20,9,MVrem/hV0a0AyBS2pml86BW38wY=,IFN9u5qkaen72ySRhCCyiWhTy9k=
-21,10,MVrem/hV0a0AyBS2pml86BW38wY=,LofBaRHd8VBZSQefF/bQgb68aw8=
-18,10,MVrem/hV0a0AyBS2pml86BW38wY=,gedJ5Aw+Pg41yePRL7SMHiliN24=
-19,9,MVrem/hV0a0AyBS2pml86BW38wY=,IFN9u5qkaen72ySRhCCyiWhTy9k=
-19,10,MVrem/hV0a0AyBS2pml86BW38wY=,grYgfQd7ID61Eu4BP7WvHzRJcc4=
-18,9,MVrem/hV0a0AyBS2pml86BW38wY=,3rftZ74dvqBLNT39PAWRfHv+Ggc=
-18,12,gOKf93YlztCP/L+V39GOYyptDS8=,eBrGMEOZpGkvkjJpe32k7pUcx1Q=
-19,11,gOKf93YlztCP/L+V39GOYyptDS8=,grYgfQd7ID61Eu4BP7WvHzRJcc4=
-18,11,gOKf93YlztCP/L+V39GOYyptDS8=,gedJ5Aw+Pg41yePRL7SMHiliN24=
-19,12,gOKf93YlztCP/L+V39GOYyptDS8=,wheOohxC16AxuYzjG/BgWpBuRnA=
-20,11,gOKf93YlztCP/L+V39GOYyptDS8=,grYgfQd7ID61Eu4BP7WvHzRJcc4=
-20,12,gOKf93YlztCP/L+V39GOYyptDS8=,wheOohxC16AxuYzjG/BgWpBuRnA=
-21,12,gOKf93YlztCP/L+V39GOYyptDS8=,oGSo9abG+DiaOmJmzl/GHJXVcJg=
-21,11,gOKf93YlztCP/L+V39GOYyptDS8=,LofBaRHd8VBZSQefF/bQgb68aw8=
-20,14,y4A+4CCHuI2Qn0QhqwDawl7NvlE=,cXg5VWLSarz+PjibO8EONne8mJU=
-20,13,y4A+4CCHuI2Qn0QhqwDawl7NvlE=,wheOohxC16AxuYzjG/BgWpBuRnA=
-21,13,y4A+4CCHuI2Qn0QhqwDawl7NvlE=,oGSo9abG+DiaOmJmzl/GHJXVcJg=
-21,14,y4A+4CCHuI2Qn0QhqwDawl7NvlE=,PxanB9kKzePm6t81T8wmIc5mf90=
-22,13,y4A+4CCHuI2Qn0QhqwDawl7NvlE=,oGSo9abG+DiaOmJmzl/GHJXVcJg=
-23,14,y4A+4CCHuI2Qn0QhqwDawl7NvlE=,NN/rVaK8ovd5O70SbOUmRjHNWBM=
-22,14,y4A+4CCHuI2Qn0QhqwDawl7NvlE=,PxanB9kKzePm6t81T8wmIc5mf90=
-23,13,y4A+4CCHuI2Qn0QhqwDawl7NvlE=,14iup7vMwd9vLsc8p1BwgeU+ElQ=
-19,13,y4A+4CCHuI2Qn0QhqwDawl7NvlE=,wheOohxC16AxuYzjG/BgWpBuRnA=
-19,14,y4A+4CCHuI2Qn0QhqwDawl7NvlE=,cXg5VWLSarz+PjibO8EONne8mJU=
-18,13,y4A+4CCHuI2Qn0QhqwDawl7NvlE=,eBrGMEOZpGkvkjJpe32k7pUcx1Q=
-18,14,y4A+4CCHuI2Qn0QhqwDawl7NvlE=,wflfLOEon1hcGy87DHqy1I3yKVs=
-22,12,W4bRwG6X0Azw17ZtdTkI2zzCOC8=,oGSo9abG+DiaOmJmzl/GHJXVcJg=
-22,11,W4bRwG6X0Azw17ZtdTkI2zzCOC8=,LofBaRHd8VBZSQefF/bQgb68aw8=
-23,11,W4bRwG6X0Azw17ZtdTkI2zzCOC8=,g/wR0YCx11/s0GrH5uXPEIJanCg=
-23,12,W4bRwG6X0Azw17ZtdTkI2zzCOC8=,14iup7vMwd9vLsc8p1BwgeU+ElQ=
-22,10,W4bRwG6X0Azw17ZtdTkI2zzCOC8=,LofBaRHd8VBZSQefF/bQgb68aw8=
-23,10,W4bRwG6X0Azw17ZtdTkI2zzCOC8=,g/wR0YCx11/s0GrH5uXPEIJanCg=
-23,9,W4bRwG6X0Azw17ZtdTkI2zzCOC8=,JpgSbqMpiHUpVvXuZ4gNKAXOQmU=
-22,9,W4bRwG6X0Azw17ZtdTkI2zzCOC8=,2Av+uqwaK2QtLs/JHspoRLPXS3M=
-23,8,W4bRwG6X0Azw17ZtdTkI2zzCOC8=,JpgSbqMpiHUpVvXuZ4gNKAXOQmU=
-23,5,W4bRwG6X0Azw17ZtdTkI2zzCOC8=,ccjnbN9uM+ITc97OUd9Qo8/8Uu0=
-22,5,W4bRwG6X0Azw17ZtdTkI2zzCOC8=,nWHtxp0cjh/g25p89qI5J4DfzGo=
-22,6,W4bRwG6X0Azw17ZtdTkI2zzCOC8=,Jd0Hhnq8HtlC0Bl1tVG4iKUumwg=
-23,6,W4bRwG6X0Azw17ZtdTkI2zzCOC8=,yCVsk6FGG9i1e+JMx81X6ekXOKw=
-22,8,W4bRwG6X0Azw17ZtdTkI2zzCOC8=,2Av+uqwaK2QtLs/JHspoRLPXS3M=
-22,7,W4bRwG6X0Azw17ZtdTkI2zzCOC8=,Jd0Hhnq8HtlC0Bl1tVG4iKUumwg=
-23,7,W4bRwG6X0Azw17ZtdTkI2zzCOC8=,yCVsk6FGG9i1e+JMx81X6ekXOKw=
-18,0,3lyjTatG/wgaje8265FC+BujeMk=,+3lZ9nrHn3FoVx1vsnOafz0IgfE=
-19,0,3lyjTatG/wgaje8265FC+BujeMk=,cbVJY6t2yckPfyuzpbq9+LWdWZQ=
-17,2,3lyjTatG/wgaje8265FC+BujeMk=,OULCDo862W3N/lelJbiqFOoSex4=
-17,1,3lyjTatG/wgaje8265FC+BujeMk=,+3lZ9nrHn3FoVx1vsnOafz0IgfE=
-24,4,3lyjTatG/wgaje8265FC+BujeMk=,ccjnbN9uM+ITc97OUd9Qo8/8Uu0=
-23,4,3lyjTatG/wgaje8265FC+BujeMk=,ccjnbN9uM+ITc97OUd9Qo8/8Uu0=
-22,3,3lyjTatG/wgaje8265FC+BujeMk=,7AVoiFM1XmzI1Bx4trEh7CvW1b4=
-22,4,3lyjTatG/wgaje8265FC+BujeMk=,nWHtxp0cjh/g25p89qI5J4DfzGo=
-24,3,3lyjTatG/wgaje8265FC+BujeMk=,QnTtT5u1QjtomEsait7j8q+1/OU=
-23,3,3lyjTatG/wgaje8265FC+BujeMk=,QnTtT5u1QjtomEsait7j8q+1/OU=
-17,8,tCtuEL5IWIRRUf5KdxHFss01J3s=,3rftZ74dvqBLNT39PAWRfHv+Ggc=
-17,7,tCtuEL5IWIRRUf5KdxHFss01J3s=,4rFpgEOtpQDT1Z7pGaolVKkUX6Y=
-17,10,tCtuEL5IWIRRUf5KdxHFss01J3s=,gedJ5Aw+Pg41yePRL7SMHiliN24=
-17,9,tCtuEL5IWIRRUf5KdxHFss01J3s=,3rftZ74dvqBLNT39PAWRfHv+Ggc=
-24,1,tCtuEL5IWIRRUf5KdxHFss01J3s=,ceajMMR2VRFie2FFx2d5ks98GX4=
-24,0,tCtuEL5IWIRRUf5KdxHFss01J3s=,ceajMMR2VRFie2FFx2d5ks98GX4=
-24,2,tCtuEL5IWIRRUf5KdxHFss01J3s=,QnTtT5u1QjtomEsait7j8q+1/OU=
-17,11,tCtuEL5IWIRRUf5KdxHFss01J3s=,gedJ5Aw+Pg41yePRL7SMHiliN24=
-17,12,tCtuEL5IWIRRUf5KdxHFss01J3s=,eBrGMEOZpGkvkjJpe32k7pUcx1Q=
-17,14,tCtuEL5IWIRRUf5KdxHFss01J3s=,wflfLOEon1hcGy87DHqy1I3yKVs=
-17,13,tCtuEL5IWIRRUf5KdxHFss01J3s=,eBrGMEOZpGkvkjJpe32k7pUcx1Q=
-23,0,tCtuEL5IWIRRUf5KdxHFss01J3s=,ceajMMR2VRFie2FFx2d5ks98GX4=
-23,2,tCtuEL5IWIRRUf5KdxHFss01J3s=,QnTtT5u1QjtomEsait7j8q+1/OU=
-20,1,tCtuEL5IWIRRUf5KdxHFss01J3s=,cbVJY6t2yckPfyuzpbq9+LWdWZQ=
-21,1,tCtuEL5IWIRRUf5KdxHFss01J3s=,11rNTr2lzY+bi+G9RhMbK+cy5IY=
-22,0,tCtuEL5IWIRRUf5KdxHFss01J3s=,11rNTr2lzY+bi+G9RhMbK+cy5IY=
-23,1,tCtuEL5IWIRRUf5KdxHFss01J3s=,ceajMMR2VRFie2FFx2d5ks98GX4=
-22,1,tCtuEL5IWIRRUf5KdxHFss01J3s=,11rNTr2lzY+bi+G9RhMbK+cy5IY=
-21,0,tCtuEL5IWIRRUf5KdxHFss01J3s=,11rNTr2lzY+bi+G9RhMbK+cy5IY=
-20,2,tCtuEL5IWIRRUf5KdxHFss01J3s=,OAneqHWu3vt1ph214i4TuwjduwQ=
-20,0,tCtuEL5IWIRRUf5KdxHFss01J3s=,cbVJY6t2yckPfyuzpbq9+LWdWZQ=
-22,2,tCtuEL5IWIRRUf5KdxHFss01J3s=,7AVoiFM1XmzI1Bx4trEh7CvW1b4=
-21,2,tCtuEL5IWIRRUf5KdxHFss01J3s=,7AVoiFM1XmzI1Bx4trEh7CvW1b4=
-18,15,tCtuEL5IWIRRUf5KdxHFss01J3s=,wflfLOEon1hcGy87DHqy1I3yKVs=
-19,15,tCtuEL5IWIRRUf5KdxHFss01J3s=,cXg5VWLSarz+PjibO8EONne8mJU=
-24,14,tCtuEL5IWIRRUf5KdxHFss01J3s=,NN/rVaK8ovd5O70SbOUmRjHNWBM=
-24,13,tCtuEL5IWIRRUf5KdxHFss01J3s=,14iup7vMwd9vLsc8p1BwgeU+ElQ=
-20,15,tCtuEL5IWIRRUf5KdxHFss01J3s=,cXg5VWLSarz+PjibO8EONne8mJU=
-21,15,tCtuEL5IWIRRUf5KdxHFss01J3s=,PxanB9kKzePm6t81T8wmIc5mf90=
-24,11,tCtuEL5IWIRRUf5KdxHFss01J3s=,g/wR0YCx11/s0GrH5uXPEIJanCg=
-24,12,tCtuEL5IWIRRUf5KdxHFss01J3s=,14iup7vMwd9vLsc8p1BwgeU+ElQ=
-17,15,tCtuEL5IWIRRUf5KdxHFss01J3s=,wflfLOEon1hcGy87DHqy1I3yKVs=
-24,6,tCtuEL5IWIRRUf5KdxHFss01J3s=,yCVsk6FGG9i1e+JMx81X6ekXOKw=
-24,5,tCtuEL5IWIRRUf5KdxHFss01J3s=,ccjnbN9uM+ITc97OUd9Qo8/8Uu0=
-24,7,tCtuEL5IWIRRUf5KdxHFss01J3s=,yCVsk6FGG9i1e+JMx81X6ekXOKw=
-24,10,tCtuEL5IWIRRUf5KdxHFss01J3s=,g/wR0YCx11/s0GrH5uXPEIJanCg=
-24,9,tCtuEL5IWIRRUf5KdxHFss01J3s=,JpgSbqMpiHUpVvXuZ4gNKAXOQmU=
-24,8,tCtuEL5IWIRRUf5KdxHFss01J3s=,JpgSbqMpiHUpVvXuZ4gNKAXOQmU=
-17,0,tCtuEL5IWIRRUf5KdxHFss01J3s=,+3lZ9nrHn3FoVx1vsnOafz0IgfE=
-23,15,tCtuEL5IWIRRUf5KdxHFss01J3s=,NN/rVaK8ovd5O70SbOUmRjHNWBM=
-24,15,tCtuEL5IWIRRUf5KdxHFss01J3s=,NN/rVaK8ovd5O70SbOUmRjHNWBM=
-22,15,tCtuEL5IWIRRUf5KdxHFss01J3s=,PxanB9kKzePm6t81T8wmIc5mf90=
-19,5,tCtuEL5IWIRRUf5KdxHFss01J3s=,TmlIXUseMtrbubley/r9g8SRqVk=
-19,3,tCtuEL5IWIRRUf5KdxHFss01J3s=,OAneqHWu3vt1ph214i4TuwjduwQ=
-19,6,tCtuEL5IWIRRUf5KdxHFss01J3s=,fX90KQsI0EKFePNgqNCFRyWxcuQ=
-18,3,tCtuEL5IWIRRUf5KdxHFss01J3s=,OULCDo862W3N/lelJbiqFOoSex4=
-17,5,tCtuEL5IWIRRUf5KdxHFss01J3s=,+9IG/XR8RMIYlFbDRkgVDbRxYZQ=
-18,5,tCtuEL5IWIRRUf5KdxHFss01J3s=,+9IG/XR8RMIYlFbDRkgVDbRxYZQ=
-17,3,tCtuEL5IWIRRUf5KdxHFss01J3s=,OULCDo862W3N/lelJbiqFOoSex4=
-19,4,tCtuEL5IWIRRUf5KdxHFss01J3s=,TmlIXUseMtrbubley/r9g8SRqVk=
-18,6,tCtuEL5IWIRRUf5KdxHFss01J3s=,4rFpgEOtpQDT1Z7pGaolVKkUX6Y=
-17,6,tCtuEL5IWIRRUf5KdxHFss01J3s=,4rFpgEOtpQDT1Z7pGaolVKkUX6Y=
-18,4,tCtuEL5IWIRRUf5KdxHFss01J3s=,+9IG/XR8RMIYlFbDRkgVDbRxYZQ=
-17,4,tCtuEL5IWIRRUf5KdxHFss01J3s=,+9IG/XR8RMIYlFbDRkgVDbRxYZQ=
-23,29,eRbZ1rQDr95yx+KDf/LczzrTVHs=,CgVbdxR2DGmiKc/d21LYCerjIRo=
-23,30,eRbZ1rQDr95yx+KDf/LczzrTVHs=,n7ou59axeeCmCtPJ/cNOk01X8OU=
-22,30,eRbZ1rQDr95yx+KDf/LczzrTVHs=,iBg8zVw769s1n88mL7pkgC8ustg=
-22,29,eRbZ1rQDr95yx+KDf/LczzrTVHs=,Ff+LXU9I9nNDnuRwmlnQL8CFzOI=
-21,29,q3LYNkbGLGFWXoqb6P3AI1gLFqo=,Ff+LXU9I9nNDnuRwmlnQL8CFzOI=
-20,29,q3LYNkbGLGFWXoqb6P3AI1gLFqo=,3PrbGC1VirHQYlxady03hArIYvY=
-20,30,q3LYNkbGLGFWXoqb6P3AI1gLFqo=,PsZKZtT8Tm/Pd5D0zxNo/55l9dk=
-21,30,q3LYNkbGLGFWXoqb6P3AI1gLFqo=,iBg8zVw769s1n88mL7pkgC8ustg=
-19,30,q3LYNkbGLGFWXoqb6P3AI1gLFqo=,PsZKZtT8Tm/Pd5D0zxNo/55l9dk=
-19,29,q3LYNkbGLGFWXoqb6P3AI1gLFqo=,3PrbGC1VirHQYlxady03hArIYvY=
-18,29,q3LYNkbGLGFWXoqb6P3AI1gLFqo=,ShNQAlysfiF2L8RzXrL9920s8nM=
-18,30,q3LYNkbGLGFWXoqb6P3AI1gLFqo=,pIfNwfWOqPDRq1+haKbJzDwbPdw=
-18,28,uvuUeoyVEEDTC/ou35nXHBVaVD4=,ShNQAlysfiF2L8RzXrL9920s8nM=
-19,28,uvuUeoyVEEDTC/ou35nXHBVaVD4=,3PrbGC1VirHQYlxady03hArIYvY=
-19,27,uvuUeoyVEEDTC/ou35nXHBVaVD4=,QXd4wucblKg7LC62WffGcA1uGKk=
-18,27,uvuUeoyVEEDTC/ou35nXHBVaVD4=,ltMlh2JwFZQzNSpnYFjbJMdkJII=
-20,28,uvuUeoyVEEDTC/ou35nXHBVaVD4=,3PrbGC1VirHQYlxady03hArIYvY=
-21,28,uvuUeoyVEEDTC/ou35nXHBVaVD4=,Ff+LXU9I9nNDnuRwmlnQL8CFzOI=
-21,27,uvuUeoyVEEDTC/ou35nXHBVaVD4=,MT+2m5YrnyZ6NO44+MR7/EhiHpM=
-20,27,uvuUeoyVEEDTC/ou35nXHBVaVD4=,QXd4wucblKg7LC62WffGcA1uGKk=
-21,25,bho7aJIdiLzo9SafkB9E40nPgwQ=,yZikgGmPQBL79+O10XMbpSkgrTA=
-20,26,bho7aJIdiLzo9SafkB9E40nPgwQ=,QXd4wucblKg7LC62WffGcA1uGKk=
-21,26,bho7aJIdiLzo9SafkB9E40nPgwQ=,MT+2m5YrnyZ6NO44+MR7/EhiHpM=
-20,25,bho7aJIdiLzo9SafkB9E40nPgwQ=,6UKf75rpcnA1Ztf+7X+dVBL/hL0=
-18,25,bho7aJIdiLzo9SafkB9E40nPgwQ=,XnIV4kHuy/cvxTCebJXdQWHb0M8=
-18,26,bho7aJIdiLzo9SafkB9E40nPgwQ=,ltMlh2JwFZQzNSpnYFjbJMdkJII=
-19,25,bho7aJIdiLzo9SafkB9E40nPgwQ=,6UKf75rpcnA1Ztf+7X+dVBL/hL0=
-19,26,bho7aJIdiLzo9SafkB9E40nPgwQ=,QXd4wucblKg7LC62WffGcA1uGKk=
-21,24,jRTNl2IEcftEyuUA/DQzUIrdzck=,yZikgGmPQBL79+O10XMbpSkgrTA=
-21,23,jRTNl2IEcftEyuUA/DQzUIrdzck=,+CmLKjiJQX0orF2idzXjqDYTzys=
-20,24,jRTNl2IEcftEyuUA/DQzUIrdzck=,6UKf75rpcnA1Ztf+7X+dVBL/hL0=
-20,23,jRTNl2IEcftEyuUA/DQzUIrdzck=,OtS5uQQI/+7VypsjKLPCkr6tZ2c=
-18,24,AUH6oWur4jNQFPiHpVtSkXdS15A=,XnIV4kHuy/cvxTCebJXdQWHb0M8=
-18,23,AUH6oWur4jNQFPiHpVtSkXdS15A=,ouu5pE4bAyM+vDt8MEqhUNTe9ok=
-19,23,AUH6oWur4jNQFPiHpVtSkXdS15A=,OtS5uQQI/+7VypsjKLPCkr6tZ2c=
-19,24,AUH6oWur4jNQFPiHpVtSkXdS15A=,6UKf75rpcnA1Ztf+7X+dVBL/hL0=
-18,22,AUH6oWur4jNQFPiHpVtSkXdS15A=,ouu5pE4bAyM+vDt8MEqhUNTe9ok=
-19,21,AUH6oWur4jNQFPiHpVtSkXdS15A=,6QsXw7AALf1hjXxfdVGaNluMN5Q=
-19,22,AUH6oWur4jNQFPiHpVtSkXdS15A=,OtS5uQQI/+7VypsjKLPCkr6tZ2c=
-18,21,AUH6oWur4jNQFPiHpVtSkXdS15A=,9ssESccsgS+ELLQ0PTkYJfqRxo8=
-21,22,+dneA7S9do7HA+7f/Y58godXSs0=,+CmLKjiJQX0orF2idzXjqDYTzys=
-21,21,+dneA7S9do7HA+7f/Y58godXSs0=,jCz8K3S0EF7X2pON7+iGt6eAgvM=
-20,22,+dneA7S9do7HA+7f/Y58godXSs0=,OtS5uQQI/+7VypsjKLPCkr6tZ2c=
-20,21,+dneA7S9do7HA+7f/Y58godXSs0=,6QsXw7AALf1hjXxfdVGaNluMN5Q=
-20,20,v2RE3BK264Znm06MmfsW3jh6cLo=,6QsXw7AALf1hjXxfdVGaNluMN5Q=
-21,20,v2RE3BK264Znm06MmfsW3jh6cLo=,jCz8K3S0EF7X2pON7+iGt6eAgvM=
-20,19,v2RE3BK264Znm06MmfsW3jh6cLo=,1CeqUzj+wY5K5XuI3puecsIjkuM=
-21,19,v2RE3BK264Znm06MmfsW3jh6cLo=,Cr80nd7y6Qcejb6BABI0vT2UZ5E=
-19,19,v2RE3BK264Znm06MmfsW3jh6cLo=,1CeqUzj+wY5K5XuI3puecsIjkuM=
-18,20,v2RE3BK264Znm06MmfsW3jh6cLo=,9ssESccsgS+ELLQ0PTkYJfqRxo8=
-18,19,v2RE3BK264Znm06MmfsW3jh6cLo=,LSal7fXGVWTegI17gr5PQ1k7mnk=
-19,20,v2RE3BK264Znm06MmfsW3jh6cLo=,6QsXw7AALf1hjXxfdVGaNluMN5Q=
-23,19,26MaKBs0j/Yvswcv+J6XODbudqc=,Hgzbitk2s43QjHFkX+aD/k57IyY=
-22,20,26MaKBs0j/Yvswcv+J6XODbudqc=,jCz8K3S0EF7X2pON7+iGt6eAgvM=
-23,20,26MaKBs0j/Yvswcv+J6XODbudqc=,F0brq79e89OTRmqHPURqrTps/7E=
-22,19,26MaKBs0j/Yvswcv+J6XODbudqc=,Cr80nd7y6Qcejb6BABI0vT2UZ5E=
-20,16,RDg1JNhtrEclC+gf/SIghuHa3XU=,DlJzkN+XHJtX+4YsoC+gdV8iX6w=
-21,16,RDg1JNhtrEclC+gf/SIghuHa3XU=,SorK5JeXTcDB3jnF8f/z/Nfk6yY=
-21,17,RDg1JNhtrEclC+gf/SIghuHa3XU=,SorK5JeXTcDB3jnF8f/z/Nfk6yY=
-20,18,RDg1JNhtrEclC+gf/SIghuHa3XU=,1CeqUzj+wY5K5XuI3puecsIjkuM=
-21,18,RDg1JNhtrEclC+gf/SIghuHa3XU=,Cr80nd7y6Qcejb6BABI0vT2UZ5E=
-20,17,RDg1JNhtrEclC+gf/SIghuHa3XU=,DlJzkN+XHJtX+4YsoC+gdV8iX6w=
-22,16,RDg1JNhtrEclC+gf/SIghuHa3XU=,SorK5JeXTcDB3jnF8f/z/Nfk6yY=
-22,18,RDg1JNhtrEclC+gf/SIghuHa3XU=,Cr80nd7y6Qcejb6BABI0vT2UZ5E=
-23,16,RDg1JNhtrEclC+gf/SIghuHa3XU=,oS1DNMBz6FL9R0+awHZQj2x4CCQ=
-23,17,RDg1JNhtrEclC+gf/SIghuHa3XU=,oS1DNMBz6FL9R0+awHZQj2x4CCQ=
-23,18,RDg1JNhtrEclC+gf/SIghuHa3XU=,Hgzbitk2s43QjHFkX+aD/k57IyY=
-22,17,RDg1JNhtrEclC+gf/SIghuHa3XU=,SorK5JeXTcDB3jnF8f/z/Nfk6yY=
-17,20,RDg1JNhtrEclC+gf/SIghuHa3XU=,9ssESccsgS+ELLQ0PTkYJfqRxo8=
-17,22,RDg1JNhtrEclC+gf/SIghuHa3XU=,ouu5pE4bAyM+vDt8MEqhUNTe9ok=
-17,21,RDg1JNhtrEclC+gf/SIghuHa3XU=,9ssESccsgS+ELLQ0PTkYJfqRxo8=
-17,19,RDg1JNhtrEclC+gf/SIghuHa3XU=,LSal7fXGVWTegI17gr5PQ1k7mnk=
-17,23,RDg1JNhtrEclC+gf/SIghuHa3XU=,ouu5pE4bAyM+vDt8MEqhUNTe9ok=
-17,24,RDg1JNhtrEclC+gf/SIghuHa3XU=,XnIV4kHuy/cvxTCebJXdQWHb0M8=
-17,25,XqjxcWhoos8yVrTUGVxEHiEzzvQ=,XnIV4kHuy/cvxTCebJXdQWHb0M8=
-17,26,XqjxcWhoos8yVrTUGVxEHiEzzvQ=,ltMlh2JwFZQzNSpnYFjbJMdkJII=
-17,28,XqjxcWhoos8yVrTUGVxEHiEzzvQ=,ShNQAlysfiF2L8RzXrL9920s8nM=
-18,31,XqjxcWhoos8yVrTUGVxEHiEzzvQ=,pIfNwfWOqPDRq1+haKbJzDwbPdw=
-17,27,XqjxcWhoos8yVrTUGVxEHiEzzvQ=,ltMlh2JwFZQzNSpnYFjbJMdkJII=
-19,31,XqjxcWhoos8yVrTUGVxEHiEzzvQ=,PsZKZtT8Tm/Pd5D0zxNo/55l9dk=
-20,31,XqjxcWhoos8yVrTUGVxEHiEzzvQ=,PsZKZtT8Tm/Pd5D0zxNo/55l9dk=
-21,31,XqjxcWhoos8yVrTUGVxEHiEzzvQ=,iBg8zVw769s1n88mL7pkgC8ustg=
-23,31,XqjxcWhoos8yVrTUGVxEHiEzzvQ=,n7ou59axeeCmCtPJ/cNOk01X8OU=
-22,31,XqjxcWhoos8yVrTUGVxEHiEzzvQ=,iBg8zVw769s1n88mL7pkgC8ustg=
-17,29,XqjxcWhoos8yVrTUGVxEHiEzzvQ=,ShNQAlysfiF2L8RzXrL9920s8nM=
-17,31,XqjxcWhoos8yVrTUGVxEHiEzzvQ=,pIfNwfWOqPDRq1+haKbJzDwbPdw=
-17,30,XqjxcWhoos8yVrTUGVxEHiEzzvQ=,pIfNwfWOqPDRq1+haKbJzDwbPdw=
-19,17,lrwGobWcA1Fir41B5NR8I2nT6Cg=,DlJzkN+XHJtX+4YsoC+gdV8iX6w=
-18,17,lrwGobWcA1Fir41B5NR8I2nT6Cg=,mlZXU0f36mvtZ/SWcve4nnwLHUA=
-19,16,lrwGobWcA1Fir41B5NR8I2nT6Cg=,DlJzkN+XHJtX+4YsoC+gdV8iX6w=
-17,17,lrwGobWcA1Fir41B5NR8I2nT6Cg=,mlZXU0f36mvtZ/SWcve4nnwLHUA=
-18,16,lrwGobWcA1Fir41B5NR8I2nT6Cg=,mlZXU0f36mvtZ/SWcve4nnwLHUA=
-17,18,lrwGobWcA1Fir41B5NR8I2nT6Cg=,LSal7fXGVWTegI17gr5PQ1k7mnk=
-18,18,lrwGobWcA1Fir41B5NR8I2nT6Cg=,LSal7fXGVWTegI17gr5PQ1k7mnk=
-17,16,lrwGobWcA1Fir41B5NR8I2nT6Cg=,mlZXU0f36mvtZ/SWcve4nnwLHUA=
-19,18,lrwGobWcA1Fir41B5NR8I2nT6Cg=,1CeqUzj+wY5K5XuI3puecsIjkuM=
-24,30,lrwGobWcA1Fir41B5NR8I2nT6Cg=,n7ou59axeeCmCtPJ/cNOk01X8OU=
-24,29,lrwGobWcA1Fir41B5NR8I2nT6Cg=,CgVbdxR2DGmiKc/d21LYCerjIRo=
-24,31,lrwGobWcA1Fir41B5NR8I2nT6Cg=,n7ou59axeeCmCtPJ/cNOk01X8OU=
-24,20,lrwGobWcA1Fir41B5NR8I2nT6Cg=,F0brq79e89OTRmqHPURqrTps/7E=
-24,17,lrwGobWcA1Fir41B5NR8I2nT6Cg=,oS1DNMBz6FL9R0+awHZQj2x4CCQ=
-24,19,lrwGobWcA1Fir41B5NR8I2nT6Cg=,Hgzbitk2s43QjHFkX+aD/k57IyY=
-24,18,lrwGobWcA1Fir41B5NR8I2nT6Cg=,Hgzbitk2s43QjHFkX+aD/k57IyY=
-24,16,lrwGobWcA1Fir41B5NR8I2nT6Cg=,oS1DNMBz6FL9R0+awHZQj2x4CCQ=
-23,22,4bdBqR/pjtMw9SKE2y9sJ6C5Hzc=,FDjLH/T7VlhgV8nu8gKr5o3bPdE=
-24,21,4bdBqR/pjtMw9SKE2y9sJ6C5Hzc=,F0brq79e89OTRmqHPURqrTps/7E=
-24,22,4bdBqR/pjtMw9SKE2y9sJ6C5Hzc=,FDjLH/T7VlhgV8nu8gKr5o3bPdE=
-22,22,4bdBqR/pjtMw9SKE2y9sJ6C5Hzc=,+CmLKjiJQX0orF2idzXjqDYTzys=
-22,21,4bdBqR/pjtMw9SKE2y9sJ6C5Hzc=,jCz8K3S0EF7X2pON7+iGt6eAgvM=
-23,21,4bdBqR/pjtMw9SKE2y9sJ6C5Hzc=,F0brq79e89OTRmqHPURqrTps/7E=
-24,24,4bdBqR/pjtMw9SKE2y9sJ6C5Hzc=,c7kEo4QXXxb88G2OyQwdbFa8WD8=
-24,23,4bdBqR/pjtMw9SKE2y9sJ6C5Hzc=,FDjLH/T7VlhgV8nu8gKr5o3bPdE=
-22,23,4bdBqR/pjtMw9SKE2y9sJ6C5Hzc=,+CmLKjiJQX0orF2idzXjqDYTzys=
-22,24,4bdBqR/pjtMw9SKE2y9sJ6C5Hzc=,yZikgGmPQBL79+O10XMbpSkgrTA=
-23,23,4bdBqR/pjtMw9SKE2y9sJ6C5Hzc=,FDjLH/T7VlhgV8nu8gKr5o3bPdE=
-23,24,4bdBqR/pjtMw9SKE2y9sJ6C5Hzc=,c7kEo4QXXxb88G2OyQwdbFa8WD8=
-22,25,2xIA/EhOSUJj44+7sA4OjKC5aWQ=,yZikgGmPQBL79+O10XMbpSkgrTA=
-23,28,2xIA/EhOSUJj44+7sA4OjKC5aWQ=,CgVbdxR2DGmiKc/d21LYCerjIRo=
-22,27,2xIA/EhOSUJj44+7sA4OjKC5aWQ=,MT+2m5YrnyZ6NO44+MR7/EhiHpM=
-22,28,2xIA/EhOSUJj44+7sA4OjKC5aWQ=,Ff+LXU9I9nNDnuRwmlnQL8CFzOI=
-24,28,2xIA/EhOSUJj44+7sA4OjKC5aWQ=,CgVbdxR2DGmiKc/d21LYCerjIRo=
-23,25,2xIA/EhOSUJj44+7sA4OjKC5aWQ=,c7kEo4QXXxb88G2OyQwdbFa8WD8=
-22,26,2xIA/EhOSUJj44+7sA4OjKC5aWQ=,MT+2m5YrnyZ6NO44+MR7/EhiHpM=
-24,25,2xIA/EhOSUJj44+7sA4OjKC5aWQ=,c7kEo4QXXxb88G2OyQwdbFa8WD8=
-23,26,2xIA/EhOSUJj44+7sA4OjKC5aWQ=,NPtcWpriWyHyR2+hJwOe9Roz8aA=
-24,27,2xIA/EhOSUJj44+7sA4OjKC5aWQ=,NPtcWpriWyHyR2+hJwOe9Roz8aA=
-23,27,2xIA/EhOSUJj44+7sA4OjKC5aWQ=,NPtcWpriWyHyR2+hJwOe9Roz8aA=
-24,26,2xIA/EhOSUJj44+7sA4OjKC5aWQ=,NPtcWpriWyHyR2+hJwOe9Roz8aA=
-5,30,CcUQ3UYQddpgdKCo7IoL7o6E9/4=,kgJ74YlCd1GDS6Wk69vpGxEF2f4=
-4,30,CcUQ3UYQddpgdKCo7IoL7o6E9/4=,DZvwMRLJrJkZ9QlxhPa5hpYAMEo=
-4,29,CcUQ3UYQddpgdKCo7IoL7o6E9/4=,BIIAFWQdN/LWx9QI63IcCbowyUU=
-5,29,CcUQ3UYQddpgdKCo7IoL7o6E9/4=,qMn+22vF224f5bsP/k+xuHc9/7Q=
-4,28,OlMqq+W40HYerATZrLRuRiz3rfo=,BIIAFWQdN/LWx9QI63IcCbowyUU=
-5,28,OlMqq+W40HYerATZrLRuRiz3rfo=,qMn+22vF224f5bsP/k+xuHc9/7Q=
-5,27,OlMqq+W40HYerATZrLRuRiz3rfo=,RdELIb1AAKKyBg9SF/CqZXbCcsc=
-4,27,OlMqq+W40HYerATZrLRuRiz3rfo=,dSn/+T6wav7zWDeQYQmLUFQCvco=
-5,26,f4Q2+pWQErlhZ7kVUrUSfF1LTuo=,RdELIb1AAKKyBg9SF/CqZXbCcsc=
-4,26,f4Q2+pWQErlhZ7kVUrUSfF1LTuo=,dSn/+T6wav7zWDeQYQmLUFQCvco=
-4,25,f4Q2+pWQErlhZ7kVUrUSfF1LTuo=,IYu776wMj+QceaYGEaF4K1QH7lQ=
-5,25,f4Q2+pWQErlhZ7kVUrUSfF1LTuo=,LTPAbuPh6IZW0dqQbSTu+vt62vw=
-3,25,/tGvshnJEAkzodFDU0xHTu/1L5I=,IYu776wMj+QceaYGEaF4K1QH7lQ=
-3,26,/tGvshnJEAkzodFDU0xHTu/1L5I=,dSn/+T6wav7zWDeQYQmLUFQCvco=
-2,25,/tGvshnJEAkzodFDU0xHTu/1L5I=,aTbxo+cJoclXwD7/qRoz56vGRVk=
-2,26,/tGvshnJEAkzodFDU0xHTu/1L5I=,mzubv9Fszy3vCu+Kyza+zG+K9PU=
-3,23,rR7LUdHBp7ioQqQBezxatPaYLks=,3a/0lC94z8pksVQyF3ibqv2L/0w=
-3,24,rR7LUdHBp7ioQqQBezxatPaYLks=,IYu776wMj+QceaYGEaF4K1QH7lQ=
-2,23,rR7LUdHBp7ioQqQBezxatPaYLks=,beKOxT/ReHL8d70MwPk07uvvXFI=
-2,24,rR7LUdHBp7ioQqQBezxatPaYLks=,aTbxo+cJoclXwD7/qRoz56vGRVk=
-2,22,f+YkfVl1VEfpm5hhB8xdQziFgM0=,beKOxT/ReHL8d70MwPk07uvvXFI=
-3,22,f+YkfVl1VEfpm5hhB8xdQziFgM0=,3a/0lC94z8pksVQyF3ibqv2L/0w=
-3,21,f+YkfVl1VEfpm5hhB8xdQziFgM0=,6lYEa26Weo4YFL55ix2vceRMLU0=
-2,21,f+YkfVl1VEfpm5hhB8xdQziFgM0=,2pYkNJd+iKRgCicpNLuFNA1js/k=
-3,20,iWseouvAdT4abfTv+Gjibp9StN8=,6lYEa26Weo4YFL55ix2vceRMLU0=
-2,20,iWseouvAdT4abfTv+Gjibp9StN8=,2pYkNJd+iKRgCicpNLuFNA1js/k=
-3,19,iWseouvAdT4abfTv+Gjibp9StN8=,ljtrP2Z5mL8PPGXNHpR7ozPIlfc=
-2,19,iWseouvAdT4abfTv+Gjibp9StN8=,E0SIVoN4QDg84ZAoYkVSX0pPm8Q=
-2,18,bjrYvFgKuqL+mEFtgwk6MSK1WAI=,E0SIVoN4QDg84ZAoYkVSX0pPm8Q=
-3,18,bjrYvFgKuqL+mEFtgwk6MSK1WAI=,ljtrP2Z5mL8PPGXNHpR7ozPIlfc=
-2,17,bjrYvFgKuqL+mEFtgwk6MSK1WAI=,P9BW5q7xwDRQ4CIXbgey/R1BNlg=
-3,17,bjrYvFgKuqL+mEFtgwk6MSK1WAI=,UoYbsz25iRj85tIpagxF03xnGKM=
-4,18,9/K4VgvjBC40DjDJLaU0XTU5Fjg=,ljtrP2Z5mL8PPGXNHpR7ozPIlfc=
-5,18,9/K4VgvjBC40DjDJLaU0XTU5Fjg=,g1f1ozxYOIC2Urdvxp2BtbGbcEM=
-5,17,9/K4VgvjBC40DjDJLaU0XTU5Fjg=,sMb5lXIq0kagULJ4C4/05Fc5Wbs=
-4,17,9/K4VgvjBC40DjDJLaU0XTU5Fjg=,UoYbsz25iRj85tIpagxF03xnGKM=
-4,24,pQdUujgyHHS0XXboCazX89qdoI8=,IYu776wMj+QceaYGEaF4K1QH7lQ=
-5,24,pQdUujgyHHS0XXboCazX89qdoI8=,LTPAbuPh6IZW0dqQbSTu+vt62vw=
-4,23,pQdUujgyHHS0XXboCazX89qdoI8=,3a/0lC94z8pksVQyF3ibqv2L/0w=
-5,23,pQdUujgyHHS0XXboCazX89qdoI8=,MnmPvE95ERlVAW5eha1kqH8yJww=
-4,19,nX555vXvaabZ0cSvVJ1GaOlP5mU=,ljtrP2Z5mL8PPGXNHpR7ozPIlfc=
-5,22,nX555vXvaabZ0cSvVJ1GaOlP5mU=,MnmPvE95ERlVAW5eha1kqH8yJww=
-5,20,nX555vXvaabZ0cSvVJ1GaOlP5mU=,ce5hTQp6sblTgPHUcQWA06PDk5o=
-5,21,nX555vXvaabZ0cSvVJ1GaOlP5mU=,ce5hTQp6sblTgPHUcQWA06PDk5o=
-5,19,nX555vXvaabZ0cSvVJ1GaOlP5mU=,g1f1ozxYOIC2Urdvxp2BtbGbcEM=
-4,21,nX555vXvaabZ0cSvVJ1GaOlP5mU=,6lYEa26Weo4YFL55ix2vceRMLU0=
-4,22,nX555vXvaabZ0cSvVJ1GaOlP5mU=,3a/0lC94z8pksVQyF3ibqv2L/0w=
-4,20,nX555vXvaabZ0cSvVJ1GaOlP5mU=,6lYEa26Weo4YFL55ix2vceRMLU0=
-6,21,chUtmo9iOqT27rqoIQ07+M72AYg=,ce5hTQp6sblTgPHUcQWA06PDk5o=
-6,22,chUtmo9iOqT27rqoIQ07+M72AYg=,MnmPvE95ERlVAW5eha1kqH8yJww=
-7,22,chUtmo9iOqT27rqoIQ07+M72AYg=,RhsPWZT0QpdBl6w+RzjX6sx7FJs=
-7,21,chUtmo9iOqT27rqoIQ07+M72AYg=,2cJsQXOzXMoKFo3QJDLUe1iUog4=
-6,23,LCZ3KJkYaW6pQwdgALxjOi/20fk=,MnmPvE95ERlVAW5eha1kqH8yJww=
-7,23,LCZ3KJkYaW6pQwdgALxjOi/20fk=,RhsPWZT0QpdBl6w+RzjX6sx7FJs=
-6,24,LCZ3KJkYaW6pQwdgALxjOi/20fk=,LTPAbuPh6IZW0dqQbSTu+vt62vw=
-7,24,LCZ3KJkYaW6pQwdgALxjOi/20fk=,m+w1YWDo3v8+9HPUruj6oAaLjB4=
-6,26,LCZ3KJkYaW6pQwdgALxjOi/20fk=,RdELIb1AAKKyBg9SF/CqZXbCcsc=
-7,28,LCZ3KJkYaW6pQwdgALxjOi/20fk=,ycd3CdB7aC4GnJL+cRTBtKRaxPA=
-7,27,LCZ3KJkYaW6pQwdgALxjOi/20fk=,k7Fa0sqQX8JW1HxTjPxFopPgbeg=
-6,25,LCZ3KJkYaW6pQwdgALxjOi/20fk=,LTPAbuPh6IZW0dqQbSTu+vt62vw=
-6,27,LCZ3KJkYaW6pQwdgALxjOi/20fk=,RdELIb1AAKKyBg9SF/CqZXbCcsc=
-7,25,LCZ3KJkYaW6pQwdgALxjOi/20fk=,m+w1YWDo3v8+9HPUruj6oAaLjB4=
-7,26,LCZ3KJkYaW6pQwdgALxjOi/20fk=,k7Fa0sqQX8JW1HxTjPxFopPgbeg=
-6,28,LCZ3KJkYaW6pQwdgALxjOi/20fk=,qMn+22vF224f5bsP/k+xuHc9/7Q=
-6,30,DMkDah1Faw1ScNezHLcovZIrigU=,kgJ74YlCd1GDS6Wk69vpGxEF2f4=
-7,29,DMkDah1Faw1ScNezHLcovZIrigU=,ycd3CdB7aC4GnJL+cRTBtKRaxPA=
-7,30,DMkDah1Faw1ScNezHLcovZIrigU=,p7vQTmoiRe78zCFSbpP5X+9LElo=
-6,29,DMkDah1Faw1ScNezHLcovZIrigU=,qMn+22vF224f5bsP/k+xuHc9/7Q=
-8,26,rXoZWiUq6oxpr1rJqgdL7nKqFBs=,k7Fa0sqQX8JW1HxTjPxFopPgbeg=
-8,25,rXoZWiUq6oxpr1rJqgdL7nKqFBs=,m+w1YWDo3v8+9HPUruj6oAaLjB4=
-9,25,rXoZWiUq6oxpr1rJqgdL7nKqFBs=,OW2aQkx7qd9FJ/PaDCkPCvmU2x0=
-9,26,rXoZWiUq6oxpr1rJqgdL7nKqFBs=,5xELF5WrjENZSOddUThqopiizvw=
-8,28,gdzEZK9llqncRSmppB8vSPbtx60=,ycd3CdB7aC4GnJL+cRTBtKRaxPA=
-8,27,gdzEZK9llqncRSmppB8vSPbtx60=,k7Fa0sqQX8JW1HxTjPxFopPgbeg=
-9,28,gdzEZK9llqncRSmppB8vSPbtx60=,8KkBnAA0DO2I3e+oF/iQTeBNsWU=
-9,27,gdzEZK9llqncRSmppB8vSPbtx60=,5xELF5WrjENZSOddUThqopiizvw=
-8,30,JtvgVYhwHeXM4sOlmsC4+kWUd50=,p7vQTmoiRe78zCFSbpP5X+9LElo=
-9,29,JtvgVYhwHeXM4sOlmsC4+kWUd50=,8KkBnAA0DO2I3e+oF/iQTeBNsWU=
-9,30,JtvgVYhwHeXM4sOlmsC4+kWUd50=,W3KJ5NcYxH7tUXkFKqwWjhqZyX0=
-8,29,JtvgVYhwHeXM4sOlmsC4+kWUd50=,ycd3CdB7aC4GnJL+cRTBtKRaxPA=
-11,28,tawja2qmFZwWYNP620IXxOEvGXA=,fU63uOnjxNsOQg946jre9szmVMo=
-11,27,tawja2qmFZwWYNP620IXxOEvGXA=,8IGBpIHgSv/uQYeg2pjTESW71Qk=
-10,28,tawja2qmFZwWYNP620IXxOEvGXA=,8KkBnAA0DO2I3e+oF/iQTeBNsWU=
-10,27,tawja2qmFZwWYNP620IXxOEvGXA=,5xELF5WrjENZSOddUThqopiizvw=
-11,29,tawja2qmFZwWYNP620IXxOEvGXA=,fU63uOnjxNsOQg946jre9szmVMo=
-10,29,8T9PSSrYrE+MNPduyjjkfwKQARk=,8KkBnAA0DO2I3e+oF/iQTeBNsWU=
-11,30,8T9PSSrYrE+MNPduyjjkfwKQARk=,fLTyMsG7Nbbhio/ELdUmZGDYBoM=
-10,30,8T9PSSrYrE+MNPduyjjkfwKQARk=,W3KJ5NcYxH7tUXkFKqwWjhqZyX0=
-12,27,PydClyF6p4nynVFA9BPPdDUtckY=,8IGBpIHgSv/uQYeg2pjTESW71Qk=
-13,27,PydClyF6p4nynVFA9BPPdDUtckY=,4kDnAFUzHxODQ4Av9GUcTE9fatY=
-13,28,PydClyF6p4nynVFA9BPPdDUtckY=,wobLeEUPOpBJKbTkZeSBaDDSRzA=
-12,28,PydClyF6p4nynVFA9BPPdDUtckY=,fU63uOnjxNsOQg946jre9szmVMo=
-12,29,PydClyF6p4nynVFA9BPPdDUtckY=,fU63uOnjxNsOQg946jre9szmVMo=
-13,29,PydClyF6p4nynVFA9BPPdDUtckY=,wobLeEUPOpBJKbTkZeSBaDDSRzA=
-13,30,PydClyF6p4nynVFA9BPPdDUtckY=,e0i3hpVfaP7j/xtOPntaDWNmzWY=
-12,30,PydClyF6p4nynVFA9BPPdDUtckY=,fLTyMsG7Nbbhio/ELdUmZGDYBoM=
-13,26,Dv6ZOD58pUm2tgYJc51kt7A32A8=,4kDnAFUzHxODQ4Av9GUcTE9fatY=
-13,25,Dv6ZOD58pUm2tgYJc51kt7A32A8=,LKBWxBdDnTtxJ3gZathUV65cd5o=
-11,26,Dv6ZOD58pUm2tgYJc51kt7A32A8=,8IGBpIHgSv/uQYeg2pjTESW71Qk=
-12,26,Dv6ZOD58pUm2tgYJc51kt7A32A8=,8IGBpIHgSv/uQYeg2pjTESW71Qk=
-10,26,Dv6ZOD58pUm2tgYJc51kt7A32A8=,5xELF5WrjENZSOddUThqopiizvw=
-10,25,Dv6ZOD58pUm2tgYJc51kt7A32A8=,OW2aQkx7qd9FJ/PaDCkPCvmU2x0=
-11,25,Dv6ZOD58pUm2tgYJc51kt7A32A8=,sU/kxkSE2sHERsDNIvgFGF4W6Rc=
-12,25,Dv6ZOD58pUm2tgYJc51kt7A32A8=,sU/kxkSE2sHERsDNIvgFGF4W6Rc=
-12,24,Qn3IoUQwUxSchT8dW0d9yS91Mb4=,sU/kxkSE2sHERsDNIvgFGF4W6Rc=
-13,23,Qn3IoUQwUxSchT8dW0d9yS91Mb4=,nz2hE3eNzzuaWjDwhnfQCIX1G0s=
-13,24,Qn3IoUQwUxSchT8dW0d9yS91Mb4=,LKBWxBdDnTtxJ3gZathUV65cd5o=
-12,23,Qn3IoUQwUxSchT8dW0d9yS91Mb4=,tbiw2vHeOnCVGLPv0UgOM/WHuWM=
-10,24,Qn3IoUQwUxSchT8dW0d9yS91Mb4=,OW2aQkx7qd9FJ/PaDCkPCvmU2x0=
-10,23,Qn3IoUQwUxSchT8dW0d9yS91Mb4=,iUMuG2cj5LuS9WleMD8+Qr8sMyA=
-11,23,Qn3IoUQwUxSchT8dW0d9yS91Mb4=,tbiw2vHeOnCVGLPv0UgOM/WHuWM=
-11,24,Qn3IoUQwUxSchT8dW0d9yS91Mb4=,sU/kxkSE2sHERsDNIvgFGF4W6Rc=
-8,23,Qn3IoUQwUxSchT8dW0d9yS91Mb4=,RhsPWZT0QpdBl6w+RzjX6sx7FJs=
-9,23,Qn3IoUQwUxSchT8dW0d9yS91Mb4=,iUMuG2cj5LuS9WleMD8+Qr8sMyA=
-8,24,Qn3IoUQwUxSchT8dW0d9yS91Mb4=,m+w1YWDo3v8+9HPUruj6oAaLjB4=
-9,24,Qn3IoUQwUxSchT8dW0d9yS91Mb4=,OW2aQkx7qd9FJ/PaDCkPCvmU2x0=
-8,21,BdLRc3ui7EB4AiQS9+EgySHtg6M=,2cJsQXOzXMoKFo3QJDLUe1iUog4=
-9,21,BdLRc3ui7EB4AiQS9+EgySHtg6M=,FXAaCUJL5zXMBlYEb2SJP3nyn/I=
-8,22,BdLRc3ui7EB4AiQS9+EgySHtg6M=,RhsPWZT0QpdBl6w+RzjX6sx7FJs=
-9,22,BdLRc3ui7EB4AiQS9+EgySHtg6M=,iUMuG2cj5LuS9WleMD8+Qr8sMyA=
-10,21,YBNXotqH6tBekpf7P0Wg6EP7iVk=,FXAaCUJL5zXMBlYEb2SJP3nyn/I=
-11,21,YBNXotqH6tBekpf7P0Wg6EP7iVk=,kDrzXaRyYxi4atuZNYRPeo8wT/w=
-11,22,YBNXotqH6tBekpf7P0Wg6EP7iVk=,tbiw2vHeOnCVGLPv0UgOM/WHuWM=
-10,22,YBNXotqH6tBekpf7P0Wg6EP7iVk=,iUMuG2cj5LuS9WleMD8+Qr8sMyA=
-13,21,E3wuxlTFzlGak3Yz1oapKvkrbBo=,wf+Pz+Z8hN39rjeVDhiqOcAg+70=
-13,22,E3wuxlTFzlGak3Yz1oapKvkrbBo=,nz2hE3eNzzuaWjDwhnfQCIX1G0s=
-12,21,E3wuxlTFzlGak3Yz1oapKvkrbBo=,kDrzXaRyYxi4atuZNYRPeo8wT/w=
-12,22,E3wuxlTFzlGak3Yz1oapKvkrbBo=,tbiw2vHeOnCVGLPv0UgOM/WHuWM=
-13,20,8PcjLslqGtocg6JHKBXLX4WZThg=,wf+Pz+Z8hN39rjeVDhiqOcAg+70=
-12,20,8PcjLslqGtocg6JHKBXLX4WZThg=,kDrzXaRyYxi4atuZNYRPeo8wT/w=
-13,19,8PcjLslqGtocg6JHKBXLX4WZThg=,ximcG0YtyKwyuiehu9wFQeViCB0=
-12,19,8PcjLslqGtocg6JHKBXLX4WZThg=,Aaqat5NH3zAqcAwYh/nRfHUt4dw=
-14,20,8PcjLslqGtocg6JHKBXLX4WZThg=,wf+Pz+Z8hN39rjeVDhiqOcAg+70=
-15,20,8PcjLslqGtocg6JHKBXLX4WZThg=,/TN7nbbX0PLS1jPOKwXucsLxubE=
-14,19,8PcjLslqGtocg6JHKBXLX4WZThg=,ximcG0YtyKwyuiehu9wFQeViCB0=
-15,19,8PcjLslqGtocg6JHKBXLX4WZThg=,YWFulR6CiepcLV3Puo3OfP2/gks=
-10,20,t0sjVG773nlVZl0R4XItXk1i7tM=,FXAaCUJL5zXMBlYEb2SJP3nyn/I=
-11,20,t0sjVG773nlVZl0R4XItXk1i7tM=,kDrzXaRyYxi4atuZNYRPeo8wT/w=
-11,19,t0sjVG773nlVZl0R4XItXk1i7tM=,Aaqat5NH3zAqcAwYh/nRfHUt4dw=
-10,19,t0sjVG773nlVZl0R4XItXk1i7tM=,XJl24PNKCka6z7TKOodgla7vzc8=
-7,19,fk04+upzcih+V3ia1p57kdCHKxs=,BFYlT6u8cU1Fu77qqiSSDhbEGmU=
-6,19,fk04+upzcih+V3ia1p57kdCHKxs=,g1f1ozxYOIC2Urdvxp2BtbGbcEM=
-6,20,fk04+upzcih+V3ia1p57kdCHKxs=,ce5hTQp6sblTgPHUcQWA06PDk5o=
-8,20,fk04+upzcih+V3ia1p57kdCHKxs=,2cJsQXOzXMoKFo3QJDLUe1iUog4=
-9,20,fk04+upzcih+V3ia1p57kdCHKxs=,FXAaCUJL5zXMBlYEb2SJP3nyn/I=
-9,19,fk04+upzcih+V3ia1p57kdCHKxs=,XJl24PNKCka6z7TKOodgla7vzc8=
-7,20,fk04+upzcih+V3ia1p57kdCHKxs=,2cJsQXOzXMoKFo3QJDLUe1iUog4=
-8,19,fk04+upzcih+V3ia1p57kdCHKxs=,BFYlT6u8cU1Fu77qqiSSDhbEGmU=
-7,18,gNkxUzbYq/67ageUICb9vLLmy2U=,BFYlT6u8cU1Fu77qqiSSDhbEGmU=
-9,18,gNkxUzbYq/67ageUICb9vLLmy2U=,XJl24PNKCka6z7TKOodgla7vzc8=
-6,18,gNkxUzbYq/67ageUICb9vLLmy2U=,g1f1ozxYOIC2Urdvxp2BtbGbcEM=
-9,17,gNkxUzbYq/67ageUICb9vLLmy2U=,+7MBGROcq0kYq++xUamFdA+i9DY=
-7,17,gNkxUzbYq/67ageUICb9vLLmy2U=,orbwI6R6YRlJ8U5zMmrO49gvqaw=
-8,17,gNkxUzbYq/67ageUICb9vLLmy2U=,orbwI6R6YRlJ8U5zMmrO49gvqaw=
-6,17,gNkxUzbYq/67ageUICb9vLLmy2U=,sMb5lXIq0kagULJ4C4/05Fc5Wbs=
-8,18,gNkxUzbYq/67ageUICb9vLLmy2U=,BFYlT6u8cU1Fu77qqiSSDhbEGmU=
-11,17,gNkxUzbYq/67ageUICb9vLLmy2U=,35BITu8u4MT+VG8PPV4wfnG2rL4=
-11,18,gNkxUzbYq/67ageUICb9vLLmy2U=,Aaqat5NH3zAqcAwYh/nRfHUt4dw=
-10,17,gNkxUzbYq/67ageUICb9vLLmy2U=,+7MBGROcq0kYq++xUamFdA+i9DY=
-10,18,gNkxUzbYq/67ageUICb9vLLmy2U=,XJl24PNKCka6z7TKOodgla7vzc8=
-16,19,gNkxUzbYq/67ageUICb9vLLmy2U=,YWFulR6CiepcLV3Puo3OfP2/gks=
-16,20,gNkxUzbYq/67ageUICb9vLLmy2U=,/TN7nbbX0PLS1jPOKwXucsLxubE=
-12,18,OtZRB4/vKAWa2QliFauy2t+DlC4=,Aaqat5NH3zAqcAwYh/nRfHUt4dw=
-12,17,OtZRB4/vKAWa2QliFauy2t+DlC4=,35BITu8u4MT+VG8PPV4wfnG2rL4=
-13,18,OtZRB4/vKAWa2QliFauy2t+DlC4=,ximcG0YtyKwyuiehu9wFQeViCB0=
-13,16,OtZRB4/vKAWa2QliFauy2t+DlC4=,hFM7d++CVOwQscyGmFZEly8hHeY=
-12,16,OtZRB4/vKAWa2QliFauy2t+DlC4=,35BITu8u4MT+VG8PPV4wfnG2rL4=
-13,17,OtZRB4/vKAWa2QliFauy2t+DlC4=,hFM7d++CVOwQscyGmFZEly8hHeY=
-15,17,OtZRB4/vKAWa2QliFauy2t+DlC4=,iRr4OGWB2SJTNhNybQeDNnHcqtY=
-14,16,OtZRB4/vKAWa2QliFauy2t+DlC4=,hFM7d++CVOwQscyGmFZEly8hHeY=
-15,16,OtZRB4/vKAWa2QliFauy2t+DlC4=,iRr4OGWB2SJTNhNybQeDNnHcqtY=
-15,18,OtZRB4/vKAWa2QliFauy2t+DlC4=,YWFulR6CiepcLV3Puo3OfP2/gks=
-16,17,OtZRB4/vKAWa2QliFauy2t+DlC4=,iRr4OGWB2SJTNhNybQeDNnHcqtY=
-14,17,OtZRB4/vKAWa2QliFauy2t+DlC4=,hFM7d++CVOwQscyGmFZEly8hHeY=
-16,18,OtZRB4/vKAWa2QliFauy2t+DlC4=,YWFulR6CiepcLV3Puo3OfP2/gks=
-14,18,OtZRB4/vKAWa2QliFauy2t+DlC4=,ximcG0YtyKwyuiehu9wFQeViCB0=
-15,21,OtZRB4/vKAWa2QliFauy2t+DlC4=,/TN7nbbX0PLS1jPOKwXucsLxubE=
-14,22,OtZRB4/vKAWa2QliFauy2t+DlC4=,nz2hE3eNzzuaWjDwhnfQCIX1G0s=
-14,21,72ShgLtgjhTnFbH9g9aZFmXEQ4M=,wf+Pz+Z8hN39rjeVDhiqOcAg+70=
-15,22,72ShgLtgjhTnFbH9g9aZFmXEQ4M=,mJO9khf3OYogYt3W0UOhu7u3Eso=
-15,24,72ShgLtgjhTnFbH9g9aZFmXEQ4M=,oWykbYyRZWmDCiivdFynZh2GfmY=
-14,23,72ShgLtgjhTnFbH9g9aZFmXEQ4M=,nz2hE3eNzzuaWjDwhnfQCIX1G0s=
-14,24,72ShgLtgjhTnFbH9g9aZFmXEQ4M=,LKBWxBdDnTtxJ3gZathUV65cd5o=
-15,23,72ShgLtgjhTnFbH9g9aZFmXEQ4M=,mJO9khf3OYogYt3W0UOhu7u3Eso=
-16,21,72ShgLtgjhTnFbH9g9aZFmXEQ4M=,/TN7nbbX0PLS1jPOKwXucsLxubE=
-16,24,72ShgLtgjhTnFbH9g9aZFmXEQ4M=,oWykbYyRZWmDCiivdFynZh2GfmY=
-16,22,72ShgLtgjhTnFbH9g9aZFmXEQ4M=,mJO9khf3OYogYt3W0UOhu7u3Eso=
-16,23,72ShgLtgjhTnFbH9g9aZFmXEQ4M=,mJO9khf3OYogYt3W0UOhu7u3Eso=
-1,18,72ShgLtgjhTnFbH9g9aZFmXEQ4M=,E0SIVoN4QDg84ZAoYkVSX0pPm8Q=
-1,17,72ShgLtgjhTnFbH9g9aZFmXEQ4M=,P9BW5q7xwDRQ4CIXbgey/R1BNlg=
-1,19,72ShgLtgjhTnFbH9g9aZFmXEQ4M=,E0SIVoN4QDg84ZAoYkVSX0pPm8Q=
-1,20,72ShgLtgjhTnFbH9g9aZFmXEQ4M=,2pYkNJd+iKRgCicpNLuFNA1js/k=
-1,22,72ShgLtgjhTnFbH9g9aZFmXEQ4M=,beKOxT/ReHL8d70MwPk07uvvXFI=
-1,21,72ShgLtgjhTnFbH9g9aZFmXEQ4M=,2pYkNJd+iKRgCicpNLuFNA1js/k=
-1,24,72ShgLtgjhTnFbH9g9aZFmXEQ4M=,aTbxo+cJoclXwD7/qRoz56vGRVk=
-1,23,72ShgLtgjhTnFbH9g9aZFmXEQ4M=,beKOxT/ReHL8d70MwPk07uvvXFI=
-1,26,72ShgLtgjhTnFbH9g9aZFmXEQ4M=,mzubv9Fszy3vCu+Kyza+zG+K9PU=
-1,25,72ShgLtgjhTnFbH9g9aZFmXEQ4M=,aTbxo+cJoclXwD7/qRoz56vGRVk=
-14,26,XR//EEPoEJ6nJKb0v4jYK0tGRwc=,4kDnAFUzHxODQ4Av9GUcTE9fatY=
-15,25,XR//EEPoEJ6nJKb0v4jYK0tGRwc=,oWykbYyRZWmDCiivdFynZh2GfmY=
-16,26,XR//EEPoEJ6nJKb0v4jYK0tGRwc=,e06vfPFHwi4TGXu89BpQXNCrO7k=
-16,25,XR//EEPoEJ6nJKb0v4jYK0tGRwc=,oWykbYyRZWmDCiivdFynZh2GfmY=
-15,26,XR//EEPoEJ6nJKb0v4jYK0tGRwc=,e06vfPFHwi4TGXu89BpQXNCrO7k=
-14,25,XR//EEPoEJ6nJKb0v4jYK0tGRwc=,LKBWxBdDnTtxJ3gZathUV65cd5o=
-14,27,XR//EEPoEJ6nJKb0v4jYK0tGRwc=,4kDnAFUzHxODQ4Av9GUcTE9fatY=
-14,28,XR//EEPoEJ6nJKb0v4jYK0tGRwc=,wobLeEUPOpBJKbTkZeSBaDDSRzA=
-16,27,XR//EEPoEJ6nJKb0v4jYK0tGRwc=,e06vfPFHwi4TGXu89BpQXNCrO7k=
-15,28,XR//EEPoEJ6nJKb0v4jYK0tGRwc=,afYNrS58mmI7EBwz5tkrO53cj00=
-15,27,XR//EEPoEJ6nJKb0v4jYK0tGRwc=,e06vfPFHwi4TGXu89BpQXNCrO7k=
-16,28,XR//EEPoEJ6nJKb0v4jYK0tGRwc=,afYNrS58mmI7EBwz5tkrO53cj00=
-5,31,4W5vo5T1y39AGZrVyasmuQgWpfo=,kgJ74YlCd1GDS6Wk69vpGxEF2f4=
-4,31,4W5vo5T1y39AGZrVyasmuQgWpfo=,DZvwMRLJrJkZ9QlxhPa5hpYAMEo=
-6,31,4W5vo5T1y39AGZrVyasmuQgWpfo=,kgJ74YlCd1GDS6Wk69vpGxEF2f4=
-14,30,4W5vo5T1y39AGZrVyasmuQgWpfo=,e0i3hpVfaP7j/xtOPntaDWNmzWY=
-15,31,4W5vo5T1y39AGZrVyasmuQgWpfo=,21lCfGaI4P312N3iJt7ltPnOI5s=
-16,29,4W5vo5T1y39AGZrVyasmuQgWpfo=,afYNrS58mmI7EBwz5tkrO53cj00=
-15,29,4W5vo5T1y39AGZrVyasmuQgWpfo=,afYNrS58mmI7EBwz5tkrO53cj00=
-15,30,4W5vo5T1y39AGZrVyasmuQgWpfo=,21lCfGaI4P312N3iJt7ltPnOI5s=
-16,30,4W5vo5T1y39AGZrVyasmuQgWpfo=,21lCfGaI4P312N3iJt7ltPnOI5s=
-16,31,4W5vo5T1y39AGZrVyasmuQgWpfo=,21lCfGaI4P312N3iJt7ltPnOI5s=
-14,29,4W5vo5T1y39AGZrVyasmuQgWpfo=,wobLeEUPOpBJKbTkZeSBaDDSRzA=
-7,31,4W5vo5T1y39AGZrVyasmuQgWpfo=,p7vQTmoiRe78zCFSbpP5X+9LElo=
-14,31,4W5vo5T1y39AGZrVyasmuQgWpfo=,e0i3hpVfaP7j/xtOPntaDWNmzWY=
-8,31,4W5vo5T1y39AGZrVyasmuQgWpfo=,p7vQTmoiRe78zCFSbpP5X+9LElo=
-9,31,4W5vo5T1y39AGZrVyasmuQgWpfo=,W3KJ5NcYxH7tUXkFKqwWjhqZyX0=
-13,31,4W5vo5T1y39AGZrVyasmuQgWpfo=,e0i3hpVfaP7j/xtOPntaDWNmzWY=
-11,31,4W5vo5T1y39AGZrVyasmuQgWpfo=,fLTyMsG7Nbbhio/ELdUmZGDYBoM=
-10,31,4W5vo5T1y39AGZrVyasmuQgWpfo=,W3KJ5NcYxH7tUXkFKqwWjhqZyX0=
-12,31,4W5vo5T1y39AGZrVyasmuQgWpfo=,fLTyMsG7Nbbhio/ELdUmZGDYBoM=
-4,16,4W5vo5T1y39AGZrVyasmuQgWpfo=,UoYbsz25iRj85tIpagxF03xnGKM=
-5,16,4W5vo5T1y39AGZrVyasmuQgWpfo=,sMb5lXIq0kagULJ4C4/05Fc5Wbs=
-2,16,4W5vo5T1y39AGZrVyasmuQgWpfo=,P9BW5q7xwDRQ4CIXbgey/R1BNlg=
-3,16,4W5vo5T1y39AGZrVyasmuQgWpfo=,UoYbsz25iRj85tIpagxF03xnGKM=
-7,16,4W5vo5T1y39AGZrVyasmuQgWpfo=,orbwI6R6YRlJ8U5zMmrO49gvqaw=
-6,16,4W5vo5T1y39AGZrVyasmuQgWpfo=,sMb5lXIq0kagULJ4C4/05Fc5Wbs=
-1,16,4W5vo5T1y39AGZrVyasmuQgWpfo=,P9BW5q7xwDRQ4CIXbgey/R1BNlg=
-16,16,4W5vo5T1y39AGZrVyasmuQgWpfo=,iRr4OGWB2SJTNhNybQeDNnHcqtY=
-1,27,4W5vo5T1y39AGZrVyasmuQgWpfo=,mzubv9Fszy3vCu+Kyza+zG+K9PU=
-1,28,4W5vo5T1y39AGZrVyasmuQgWpfo=,BhC8+eh016tsOXUyWti72oiH2VU=
-2,27,4W5vo5T1y39AGZrVyasmuQgWpfo=,mzubv9Fszy3vCu+Kyza+zG+K9PU=
-2,28,4W5vo5T1y39AGZrVyasmuQgWpfo=,BhC8+eh016tsOXUyWti72oiH2VU=
-3,27,4W5vo5T1y39AGZrVyasmuQgWpfo=,dSn/+T6wav7zWDeQYQmLUFQCvco=
-3,28,4W5vo5T1y39AGZrVyasmuQgWpfo=,BIIAFWQdN/LWx9QI63IcCbowyUU=
-8,16,4W5vo5T1y39AGZrVyasmuQgWpfo=,orbwI6R6YRlJ8U5zMmrO49gvqaw=
-11,16,4W5vo5T1y39AGZrVyasmuQgWpfo=,35BITu8u4MT+VG8PPV4wfnG2rL4=
-10,16,4W5vo5T1y39AGZrVyasmuQgWpfo=,+7MBGROcq0kYq++xUamFdA+i9DY=
-9,16,4W5vo5T1y39AGZrVyasmuQgWpfo=,+7MBGROcq0kYq++xUamFdA+i9DY=
-3,31,VFPt+nIdTh8It1F4CDrKDDBcWyw=,DZvwMRLJrJkZ9QlxhPa5hpYAMEo=
-3,29,VFPt+nIdTh8It1F4CDrKDDBcWyw=,BIIAFWQdN/LWx9QI63IcCbowyUU=
-2,29,VFPt+nIdTh8It1F4CDrKDDBcWyw=,BhC8+eh016tsOXUyWti72oiH2VU=
-3,30,VFPt+nIdTh8It1F4CDrKDDBcWyw=,DZvwMRLJrJkZ9QlxhPa5hpYAMEo=
-1,29,VFPt+nIdTh8It1F4CDrKDDBcWyw=,BhC8+eh016tsOXUyWti72oiH2VU=
-2,31,VFPt+nIdTh8It1F4CDrKDDBcWyw=,Nh0UpIPI3WTd9LrvrKptsspUgOc=
-1,31,VFPt+nIdTh8It1F4CDrKDDBcWyw=,Nh0UpIPI3WTd9LrvrKptsspUgOc=
-2,30,VFPt+nIdTh8It1F4CDrKDDBcWyw=,Nh0UpIPI3WTd9LrvrKptsspUgOc=
-1,30,VFPt+nIdTh8It1F4CDrKDDBcWyw=,Nh0UpIPI3WTd9LrvrKptsspUgOc=
-2,1,9N32aJ1ENCVQh5NU9WYsuzW7fwQ=,Vdzn6dHz5WPf+vtmal6SKh9gWLU=
-3,2,9N32aJ1ENCVQh5NU9WYsuzW7fwQ=,euLR2wHOBUheT4/GKv6p0TD3HM0=
-3,1,9N32aJ1ENCVQh5NU9WYsuzW7fwQ=,WoPPTHq46IS0Uoo7k+qFAbnHigA=
-2,2,9N32aJ1ENCVQh5NU9WYsuzW7fwQ=,0zu2X8ROMhotbuoUfDtlegO6kqE=
-3,4,+JtvdB0lBqOZnv6I9QMjonMvd6U=,UIUgfYbttQ0lYmSMo+g9NZmvk7M=
-2,3,+JtvdB0lBqOZnv6I9QMjonMvd6U=,0zu2X8ROMhotbuoUfDtlegO6kqE=
-3,3,+JtvdB0lBqOZnv6I9QMjonMvd6U=,euLR2wHOBUheT4/GKv6p0TD3HM0=
-2,4,+JtvdB0lBqOZnv6I9QMjonMvd6U=,LNL/nMXnEOkjbM581OYozU9uWKo=
-5,6,vmuH53j5bO/CKgCXHzfOyt1r3T0=,3ZpjINWMx6+TBnVgQyjPqXYRrGs=
-5,5,vmuH53j5bO/CKgCXHzfOyt1r3T0=,NfbJ/nZtb6DTDykLff0t6hIIpGs=
-4,5,vmuH53j5bO/CKgCXHzfOyt1r3T0=,UIUgfYbttQ0lYmSMo+g9NZmvk7M=
-4,6,vmuH53j5bO/CKgCXHzfOyt1r3T0=,h394yQbClFU59LSaHFKKilpqtZk=
-3,6,2hCkorJcRfgpxuQ2MPpRAb1LuxQ=,h394yQbClFU59LSaHFKKilpqtZk=
-2,5,2hCkorJcRfgpxuQ2MPpRAb1LuxQ=,LNL/nMXnEOkjbM581OYozU9uWKo=
-2,6,2hCkorJcRfgpxuQ2MPpRAb1LuxQ=,XZR/8oVefGjawie/dEnw802kcGc=
-3,5,2hCkorJcRfgpxuQ2MPpRAb1LuxQ=,UIUgfYbttQ0lYmSMo+g9NZmvk7M=
-2,8,2hCkorJcRfgpxuQ2MPpRAb1LuxQ=,DKrvv4tKiyGGyHK9mtDdiIBnORU=
-3,8,2hCkorJcRfgpxuQ2MPpRAb1LuxQ=,qCERVd78wFGJtgIn5MUf7Zj/Rz0=
-3,7,2hCkorJcRfgpxuQ2MPpRAb1LuxQ=,h394yQbClFU59LSaHFKKilpqtZk=
-2,7,2hCkorJcRfgpxuQ2MPpRAb1LuxQ=,XZR/8oVefGjawie/dEnw802kcGc=
-5,7,oORIyC9HGisbM/H/g/OPnYA/gIQ=,3ZpjINWMx6+TBnVgQyjPqXYRrGs=
-4,8,oORIyC9HGisbM/H/g/OPnYA/gIQ=,qCERVd78wFGJtgIn5MUf7Zj/Rz0=
-5,8,oORIyC9HGisbM/H/g/OPnYA/gIQ=,eEvBBaXbGJrjCHWbIIU/E1htnHY=
-4,7,oORIyC9HGisbM/H/g/OPnYA/gIQ=,h394yQbClFU59LSaHFKKilpqtZk=
-2,10,oORIyC9HGisbM/H/g/OPnYA/gIQ=,0rrC7GIxw7FWUYy0UY2aoQA3bJY=
-2,9,oORIyC9HGisbM/H/g/OPnYA/gIQ=,DKrvv4tKiyGGyHK9mtDdiIBnORU=
-4,9,oORIyC9HGisbM/H/g/OPnYA/gIQ=,qCERVd78wFGJtgIn5MUf7Zj/Rz0=
-3,9,oORIyC9HGisbM/H/g/OPnYA/gIQ=,qCERVd78wFGJtgIn5MUf7Zj/Rz0=
-4,10,oORIyC9HGisbM/H/g/OPnYA/gIQ=,gVedUmabWQVgwU322eq7DSS3YJE=
-3,10,oORIyC9HGisbM/H/g/OPnYA/gIQ=,gVedUmabWQVgwU322eq7DSS3YJE=
-5,9,oORIyC9HGisbM/H/g/OPnYA/gIQ=,eEvBBaXbGJrjCHWbIIU/E1htnHY=
-5,10,oORIyC9HGisbM/H/g/OPnYA/gIQ=,iw/yQOpapsWxaBU9EyC4eecmTt8=
-4,12,AOxiNhHaJ+wXMlOma8wLCGCX1ts=,Oq5dQuYvwhbxFS1tFtIAfwuCMlw=
-5,11,AOxiNhHaJ+wXMlOma8wLCGCX1ts=,iw/yQOpapsWxaBU9EyC4eecmTt8=
-4,11,AOxiNhHaJ+wXMlOma8wLCGCX1ts=,gVedUmabWQVgwU322eq7DSS3YJE=
-5,12,AOxiNhHaJ+wXMlOma8wLCGCX1ts=,xxcIIuzeDDMW998fCQZYhYgCmug=
-5,13,ePxxCMCB2NWpF3Oxnsz3rqOXycM=,xxcIIuzeDDMW998fCQZYhYgCmug=
-5,14,ePxxCMCB2NWpF3Oxnsz3rqOXycM=,cjViOeV4d9iowGlUJ+mlVXrFeBU=
-4,14,ePxxCMCB2NWpF3Oxnsz3rqOXycM=,mliFgqJVrl10hPFEiZIguEmW3SI=
-4,13,ePxxCMCB2NWpF3Oxnsz3rqOXycM=,Oq5dQuYvwhbxFS1tFtIAfwuCMlw=
-7,14,1N6Wqcoa3xS7EChOHCYnmgplNKE=,iYDoR/tLuQgosZdyB3X9i+W0u40=
-6,14,1N6Wqcoa3xS7EChOHCYnmgplNKE=,cjViOeV4d9iowGlUJ+mlVXrFeBU=
-6,13,1N6Wqcoa3xS7EChOHCYnmgplNKE=,xxcIIuzeDDMW998fCQZYhYgCmug=
-7,13,1N6Wqcoa3xS7EChOHCYnmgplNKE=,8r1CjoFRl383m5Hy/bJ7khMP96E=
-6,8,R8IikBiQEZ/l+5+HMFik/qQ+Ers=,eEvBBaXbGJrjCHWbIIU/E1htnHY=
-7,8,R8IikBiQEZ/l+5+HMFik/qQ+Ers=,exX58QCHhcVh1Ay77WZoHuA8nKk=
-7,7,R8IikBiQEZ/l+5+HMFik/qQ+Ers=,zdCCCmHs8bDeulmG20RnVOphlFo=
-6,7,R8IikBiQEZ/l+5+HMFik/qQ+Ers=,3ZpjINWMx6+TBnVgQyjPqXYRrGs=
-7,12,R8IikBiQEZ/l+5+HMFik/qQ+Ers=,8r1CjoFRl383m5Hy/bJ7khMP96E=
-6,11,R8IikBiQEZ/l+5+HMFik/qQ+Ers=,iw/yQOpapsWxaBU9EyC4eecmTt8=
-6,10,R8IikBiQEZ/l+5+HMFik/qQ+Ers=,iw/yQOpapsWxaBU9EyC4eecmTt8=
-6,12,R8IikBiQEZ/l+5+HMFik/qQ+Ers=,xxcIIuzeDDMW998fCQZYhYgCmug=
-7,9,R8IikBiQEZ/l+5+HMFik/qQ+Ers=,exX58QCHhcVh1Ay77WZoHuA8nKk=
-6,9,R8IikBiQEZ/l+5+HMFik/qQ+Ers=,eEvBBaXbGJrjCHWbIIU/E1htnHY=
-7,11,R8IikBiQEZ/l+5+HMFik/qQ+Ers=,gO8ulWfbms+8MHn8hwpKaWJGg0c=
-7,10,R8IikBiQEZ/l+5+HMFik/qQ+Ers=,gO8ulWfbms+8MHn8hwpKaWJGg0c=
-9,7,dmv9ZdjYboFQNpG4MZrR/AlPF/o=,woJ1qWJ2b/HgtHtahEIRUMXwtYQ=
-9,8,dmv9ZdjYboFQNpG4MZrR/AlPF/o=,lP06jicmX+zjFfmDitL9IJai54k=
-8,8,dmv9ZdjYboFQNpG4MZrR/AlPF/o=,exX58QCHhcVh1Ay77WZoHuA8nKk=
-8,7,dmv9ZdjYboFQNpG4MZrR/AlPF/o=,zdCCCmHs8bDeulmG20RnVOphlFo=
-8,10,fSowuxYBD4osklSNXLDahhUkcSE=,gO8ulWfbms+8MHn8hwpKaWJGg0c=
-9,10,fSowuxYBD4osklSNXLDahhUkcSE=,y/9tPHJQgglHl2M/gAXL2+jt1L0=
-8,9,fSowuxYBD4osklSNXLDahhUkcSE=,exX58QCHhcVh1Ay77WZoHuA8nKk=
-9,9,fSowuxYBD4osklSNXLDahhUkcSE=,lP06jicmX+zjFfmDitL9IJai54k=
-11,7,fSowuxYBD4osklSNXLDahhUkcSE=,Z964FHyiWYurFsNJ94ECZepb/1s=
-11,8,fSowuxYBD4osklSNXLDahhUkcSE=,rV3CkbBAFYSHBgPoRzrh2QPoANY=
-10,8,fSowuxYBD4osklSNXLDahhUkcSE=,lP06jicmX+zjFfmDitL9IJai54k=
-10,7,fSowuxYBD4osklSNXLDahhUkcSE=,woJ1qWJ2b/HgtHtahEIRUMXwtYQ=
-11,10,ZLYc3yetKbLFPOVQxDBqioQpCIA=,Tbia+oqKm0YfgrJ/lNbkRdnmHpc=
-11,9,ZLYc3yetKbLFPOVQxDBqioQpCIA=,rV3CkbBAFYSHBgPoRzrh2QPoANY=
-10,9,ZLYc3yetKbLFPOVQxDBqioQpCIA=,lP06jicmX+zjFfmDitL9IJai54k=
-10,10,ZLYc3yetKbLFPOVQxDBqioQpCIA=,y/9tPHJQgglHl2M/gAXL2+jt1L0=
-13,8,ZR75bZ1lrYOFBkKx8L5sfBuUqY8=,kniLLmGKHAEONJXWnoQmbh6wSR4=
-12,7,ZR75bZ1lrYOFBkKx8L5sfBuUqY8=,Z964FHyiWYurFsNJ94ECZepb/1s=
-12,8,ZR75bZ1lrYOFBkKx8L5sfBuUqY8=,rV3CkbBAFYSHBgPoRzrh2QPoANY=
-13,7,ZR75bZ1lrYOFBkKx8L5sfBuUqY8=,B+UaJxR6raxJPEkN8fmUkBxG3wY=
-13,9,QTPyFg3EYK4l9Xwf7gETys3yy6w=,kniLLmGKHAEONJXWnoQmbh6wSR4=
-13,10,QTPyFg3EYK4l9Xwf7gETys3yy6w=,mIBee6EGVWxOBqqusLeCmjqv6Kc=
-12,9,QTPyFg3EYK4l9Xwf7gETys3yy6w=,rV3CkbBAFYSHBgPoRzrh2QPoANY=
-12,10,QTPyFg3EYK4l9Xwf7gETys3yy6w=,Tbia+oqKm0YfgrJ/lNbkRdnmHpc=
-15,6,bYBRMwEdiyDVp0NpUJbJ+HBimFI=,rdwfE/ajEjmIm89q8Z3yW/dKKLM=
-14,5,bYBRMwEdiyDVp0NpUJbJ+HBimFI=,h3E2MpqkBwY8B9OpjFVuofZ/+vM=
-14,6,bYBRMwEdiyDVp0NpUJbJ+HBimFI=,B+UaJxR6raxJPEkN8fmUkBxG3wY=
-15,5,bYBRMwEdiyDVp0NpUJbJ+HBimFI=,wiauFTldqARawHNbpWPIxl/5CCI=
-14,8,bYBRMwEdiyDVp0NpUJbJ+HBimFI=,kniLLmGKHAEONJXWnoQmbh6wSR4=
-15,8,bYBRMwEdiyDVp0NpUJbJ+HBimFI=,LhbJMOvNMAVsOCZ7WEfHm+JiYUQ=
-15,7,bYBRMwEdiyDVp0NpUJbJ+HBimFI=,rdwfE/ajEjmIm89q8Z3yW/dKKLM=
-14,7,bYBRMwEdiyDVp0NpUJbJ+HBimFI=,B+UaJxR6raxJPEkN8fmUkBxG3wY=
-15,4,ujtrzJzTAcgoQ/z0eRAwT7xFNvE=,wiauFTldqARawHNbpWPIxl/5CCI=
-15,3,ujtrzJzTAcgoQ/z0eRAwT7xFNvE=,V0LcwvMU3GjORPkXDYPm1rkW41g=
-14,3,ujtrzJzTAcgoQ/z0eRAwT7xFNvE=,LvI/QhuLLzSrOtzKBbT8qtaByb4=
-14,4,ujtrzJzTAcgoQ/z0eRAwT7xFNvE=,h3E2MpqkBwY8B9OpjFVuofZ/+vM=
-14,1,IiDhSILc5I2ibkdfWsmpGlR/JUA=,Zh6nYro7VKeYYHi1EpNWpXNQRSU=
-15,1,IiDhSILc5I2ibkdfWsmpGlR/JUA=,MkdlDQhOmTG0iy9a+NBfwYoLs2E=
-14,2,IiDhSILc5I2ibkdfWsmpGlR/JUA=,LvI/QhuLLzSrOtzKBbT8qtaByb4=
-15,2,IiDhSILc5I2ibkdfWsmpGlR/JUA=,V0LcwvMU3GjORPkXDYPm1rkW41g=
-13,1,PjNA3Gsy/Y7U0DS3BCEnUWECLvU=,Zh6nYro7VKeYYHi1EpNWpXNQRSU=
-13,2,PjNA3Gsy/Y7U0DS3BCEnUWECLvU=,LvI/QhuLLzSrOtzKBbT8qtaByb4=
-12,1,PjNA3Gsy/Y7U0DS3BCEnUWECLvU=,8T1Xv65O7/6JhMQDRU13nFUqc+8=
-12,2,PjNA3Gsy/Y7U0DS3BCEnUWECLvU=,N1a0m1iyRJeoaRZxymX2d6XsrK0=
-11,2,dT99q/MK7LtSh43047pOBjoFMno=,N1a0m1iyRJeoaRZxymX2d6XsrK0=
-10,1,dT99q/MK7LtSh43047pOBjoFMno=,5bmdJ8lytHpaLNr7cTD+Q3hJvuk=
-11,1,dT99q/MK7LtSh43047pOBjoFMno=,8T1Xv65O7/6JhMQDRU13nFUqc+8=
-10,2,dT99q/MK7LtSh43047pOBjoFMno=,wH0FS9naS37MSFHwMdRnqECaUxU=
-8,2,ZEvd2EeeiGu/qqg5BWyWpM9S1JE=,4n5qddeTv6f36gTeFepGOvx+SNQ=
-9,2,ZEvd2EeeiGu/qqg5BWyWpM9S1JE=,wH0FS9naS37MSFHwMdRnqECaUxU=
-9,1,ZEvd2EeeiGu/qqg5BWyWpM9S1JE=,5bmdJ8lytHpaLNr7cTD+Q3hJvuk=
-8,1,ZEvd2EeeiGu/qqg5BWyWpM9S1JE=,g8QJCz4M+iNB5xTMMwZxTiv93iE=
-5,3,ZEvd2EeeiGu/qqg5BWyWpM9S1JE=,rzKgA8xzmQQHt217KD6m2T5Wk9U=
-4,3,ZEvd2EeeiGu/qqg5BWyWpM9S1JE=,euLR2wHOBUheT4/GKv6p0TD3HM0=
-5,4,ZEvd2EeeiGu/qqg5BWyWpM9S1JE=,NfbJ/nZtb6DTDykLff0t6hIIpGs=
-4,4,ZEvd2EeeiGu/qqg5BWyWpM9S1JE=,UIUgfYbttQ0lYmSMo+g9NZmvk7M=
-6,2,qyEuSw5RZjqjIFonT+5tH2VE91k=,rzKgA8xzmQQHt217KD6m2T5Wk9U=
-6,1,qyEuSw5RZjqjIFonT+5tH2VE91k=,jRL9zUAT51Ut3tr6kS/2ruqtIJQ=
-7,1,qyEuSw5RZjqjIFonT+5tH2VE91k=,g8QJCz4M+iNB5xTMMwZxTiv93iE=
-4,1,qyEuSw5RZjqjIFonT+5tH2VE91k=,WoPPTHq46IS0Uoo7k+qFAbnHigA=
-5,1,qyEuSw5RZjqjIFonT+5tH2VE91k=,jRL9zUAT51Ut3tr6kS/2ruqtIJQ=
-5,2,qyEuSw5RZjqjIFonT+5tH2VE91k=,rzKgA8xzmQQHt217KD6m2T5Wk9U=
-7,2,qyEuSw5RZjqjIFonT+5tH2VE91k=,4n5qddeTv6f36gTeFepGOvx+SNQ=
-4,2,qyEuSw5RZjqjIFonT+5tH2VE91k=,euLR2wHOBUheT4/GKv6p0TD3HM0=
-6,6,qyEuSw5RZjqjIFonT+5tH2VE91k=,3ZpjINWMx6+TBnVgQyjPqXYRrGs=
-7,6,qyEuSw5RZjqjIFonT+5tH2VE91k=,zdCCCmHs8bDeulmG20RnVOphlFo=
-7,3,qyEuSw5RZjqjIFonT+5tH2VE91k=,4n5qddeTv6f36gTeFepGOvx+SNQ=
-6,5,qyEuSw5RZjqjIFonT+5tH2VE91k=,NfbJ/nZtb6DTDykLff0t6hIIpGs=
-6,3,qyEuSw5RZjqjIFonT+5tH2VE91k=,rzKgA8xzmQQHt217KD6m2T5Wk9U=
-6,4,qyEuSw5RZjqjIFonT+5tH2VE91k=,NfbJ/nZtb6DTDykLff0t6hIIpGs=
-7,5,qyEuSw5RZjqjIFonT+5tH2VE91k=,L5CC/zBiW/Q0bNWP2SdIMAC0s28=
-7,4,qyEuSw5RZjqjIFonT+5tH2VE91k=,L5CC/zBiW/Q0bNWP2SdIMAC0s28=
-6,0,qyEuSw5RZjqjIFonT+5tH2VE91k=,jRL9zUAT51Ut3tr6kS/2ruqtIJQ=
-7,0,qyEuSw5RZjqjIFonT+5tH2VE91k=,g8QJCz4M+iNB5xTMMwZxTiv93iE=
-9,0,qyEuSw5RZjqjIFonT+5tH2VE91k=,5bmdJ8lytHpaLNr7cTD+Q3hJvuk=
-11,0,qyEuSw5RZjqjIFonT+5tH2VE91k=,8T1Xv65O7/6JhMQDRU13nFUqc+8=
-10,0,qyEuSw5RZjqjIFonT+5tH2VE91k=,5bmdJ8lytHpaLNr7cTD+Q3hJvuk=
-8,0,qyEuSw5RZjqjIFonT+5tH2VE91k=,g8QJCz4M+iNB5xTMMwZxTiv93iE=
-13,0,qyEuSw5RZjqjIFonT+5tH2VE91k=,Zh6nYro7VKeYYHi1EpNWpXNQRSU=
-12,0,qyEuSw5RZjqjIFonT+5tH2VE91k=,8T1Xv65O7/6JhMQDRU13nFUqc+8=
-15,0,qyEuSw5RZjqjIFonT+5tH2VE91k=,MkdlDQhOmTG0iy9a+NBfwYoLs2E=
-14,0,qyEuSw5RZjqjIFonT+5tH2VE91k=,Zh6nYro7VKeYYHi1EpNWpXNQRSU=
-16,1,qyEuSw5RZjqjIFonT+5tH2VE91k=,MkdlDQhOmTG0iy9a+NBfwYoLs2E=
-16,2,FcCfnlu6Vj5M4Bfp7tgK9AdEk0c=,V0LcwvMU3GjORPkXDYPm1rkW41g=
-16,4,FcCfnlu6Vj5M4Bfp7tgK9AdEk0c=,wiauFTldqARawHNbpWPIxl/5CCI=
-16,3,FcCfnlu6Vj5M4Bfp7tgK9AdEk0c=,V0LcwvMU3GjORPkXDYPm1rkW41g=
-16,5,FcCfnlu6Vj5M4Bfp7tgK9AdEk0c=,wiauFTldqARawHNbpWPIxl/5CCI=
-16,6,FcCfnlu6Vj5M4Bfp7tgK9AdEk0c=,rdwfE/ajEjmIm89q8Z3yW/dKKLM=
-16,8,FcCfnlu6Vj5M4Bfp7tgK9AdEk0c=,LhbJMOvNMAVsOCZ7WEfHm+JiYUQ=
-16,7,FcCfnlu6Vj5M4Bfp7tgK9AdEk0c=,rdwfE/ajEjmIm89q8Z3yW/dKKLM=
-13,4,FcCfnlu6Vj5M4Bfp7tgK9AdEk0c=,h3E2MpqkBwY8B9OpjFVuofZ/+vM=
-13,6,FcCfnlu6Vj5M4Bfp7tgK9AdEk0c=,B+UaJxR6raxJPEkN8fmUkBxG3wY=
-13,5,FcCfnlu6Vj5M4Bfp7tgK9AdEk0c=,h3E2MpqkBwY8B9OpjFVuofZ/+vM=
-12,3,FcCfnlu6Vj5M4Bfp7tgK9AdEk0c=,N1a0m1iyRJeoaRZxymX2d6XsrK0=
-12,5,FcCfnlu6Vj5M4Bfp7tgK9AdEk0c=,ACI/lIO9IGYwbN+EF5NeFzRxpeY=
-12,4,FcCfnlu6Vj5M4Bfp7tgK9AdEk0c=,ACI/lIO9IGYwbN+EF5NeFzRxpeY=
-12,6,FcCfnlu6Vj5M4Bfp7tgK9AdEk0c=,Z964FHyiWYurFsNJ94ECZepb/1s=
-13,3,qq3FQ/zKLVEP01jo7nQPLsRmd50=,LvI/QhuLLzSrOtzKBbT8qtaByb4=
-8,4,qq3FQ/zKLVEP01jo7nQPLsRmd50=,L5CC/zBiW/Q0bNWP2SdIMAC0s28=
-9,3,qq3FQ/zKLVEP01jo7nQPLsRmd50=,wH0FS9naS37MSFHwMdRnqECaUxU=
-10,6,qq3FQ/zKLVEP01jo7nQPLsRmd50=,woJ1qWJ2b/HgtHtahEIRUMXwtYQ=
-8,3,qq3FQ/zKLVEP01jo7nQPLsRmd50=,4n5qddeTv6f36gTeFepGOvx+SNQ=
-10,4,qq3FQ/zKLVEP01jo7nQPLsRmd50=,slR3JdCbggQkUlSduKkfM/PgTT4=
-10,3,qq3FQ/zKLVEP01jo7nQPLsRmd50=,wH0FS9naS37MSFHwMdRnqECaUxU=
-11,3,qq3FQ/zKLVEP01jo7nQPLsRmd50=,N1a0m1iyRJeoaRZxymX2d6XsrK0=
-8,6,qq3FQ/zKLVEP01jo7nQPLsRmd50=,zdCCCmHs8bDeulmG20RnVOphlFo=
-11,5,qq3FQ/zKLVEP01jo7nQPLsRmd50=,ACI/lIO9IGYwbN+EF5NeFzRxpeY=
-9,5,qq3FQ/zKLVEP01jo7nQPLsRmd50=,slR3JdCbggQkUlSduKkfM/PgTT4=
-9,4,qq3FQ/zKLVEP01jo7nQPLsRmd50=,slR3JdCbggQkUlSduKkfM/PgTT4=
-11,4,qq3FQ/zKLVEP01jo7nQPLsRmd50=,ACI/lIO9IGYwbN+EF5NeFzRxpeY=
-10,5,qq3FQ/zKLVEP01jo7nQPLsRmd50=,slR3JdCbggQkUlSduKkfM/PgTT4=
-9,6,qq3FQ/zKLVEP01jo7nQPLsRmd50=,woJ1qWJ2b/HgtHtahEIRUMXwtYQ=
-8,5,qq3FQ/zKLVEP01jo7nQPLsRmd50=,L5CC/zBiW/Q0bNWP2SdIMAC0s28=
-11,6,qq3FQ/zKLVEP01jo7nQPLsRmd50=,Z964FHyiWYurFsNJ94ECZepb/1s=
-14,10,tDVNH8dR8suAAIgrWKJpSLoZSb8=,mIBee6EGVWxOBqqusLeCmjqv6Kc=
-15,10,tDVNH8dR8suAAIgrWKJpSLoZSb8=,7Dxv75zc64KK7RmHt+LHMykx2YU=
-16,10,tDVNH8dR8suAAIgrWKJpSLoZSb8=,7Dxv75zc64KK7RmHt+LHMykx2YU=
-16,9,tDVNH8dR8suAAIgrWKJpSLoZSb8=,LhbJMOvNMAVsOCZ7WEfHm+JiYUQ=
-14,9,tDVNH8dR8suAAIgrWKJpSLoZSb8=,kniLLmGKHAEONJXWnoQmbh6wSR4=
-15,9,tDVNH8dR8suAAIgrWKJpSLoZSb8=,LhbJMOvNMAVsOCZ7WEfHm+JiYUQ=
-14,12,IE4MApUSrYR/yeHWEfNpZ+mYUcU=,eIFgKfI3HKA2JsptCBh5MmG1/Tk=
-15,11,IE4MApUSrYR/yeHWEfNpZ+mYUcU=,7Dxv75zc64KK7RmHt+LHMykx2YU=
-13,11,IE4MApUSrYR/yeHWEfNpZ+mYUcU=,mIBee6EGVWxOBqqusLeCmjqv6Kc=
-14,11,IE4MApUSrYR/yeHWEfNpZ+mYUcU=,mIBee6EGVWxOBqqusLeCmjqv6Kc=
-15,12,IE4MApUSrYR/yeHWEfNpZ+mYUcU=,tcytyXNKx35sk7DbGR2PbSKWe1c=
-13,12,IE4MApUSrYR/yeHWEfNpZ+mYUcU=,eIFgKfI3HKA2JsptCBh5MmG1/Tk=
-12,11,IE4MApUSrYR/yeHWEfNpZ+mYUcU=,Tbia+oqKm0YfgrJ/lNbkRdnmHpc=
-12,12,IE4MApUSrYR/yeHWEfNpZ+mYUcU=,W7hy9mF1Tr6NtTgc1x3LklyMSQE=
-12,14,br1p1IzcV3nF7TUqh4kjLDiQHMA=,9ZoaHlM9vPxOFETVw4+Gl8WVNKM=
-13,14,br1p1IzcV3nF7TUqh4kjLDiQHMA=,5/kcxkRCxACiZzxEyFPH89dOTzM=
-13,13,br1p1IzcV3nF7TUqh4kjLDiQHMA=,eIFgKfI3HKA2JsptCBh5MmG1/Tk=
-12,13,br1p1IzcV3nF7TUqh4kjLDiQHMA=,W7hy9mF1Tr6NtTgc1x3LklyMSQE=
-16,11,br1p1IzcV3nF7TUqh4kjLDiQHMA=,7Dxv75zc64KK7RmHt+LHMykx2YU=
-16,12,br1p1IzcV3nF7TUqh4kjLDiQHMA=,tcytyXNKx35sk7DbGR2PbSKWe1c=
-12,15,PmwzAKuZv3eDLJsNP/+Q3yPzVdE=,9ZoaHlM9vPxOFETVw4+Gl8WVNKM=
-13,15,PmwzAKuZv3eDLJsNP/+Q3yPzVdE=,5/kcxkRCxACiZzxEyFPH89dOTzM=
-1,1,PmwzAKuZv3eDLJsNP/+Q3yPzVdE=,Vdzn6dHz5WPf+vtmal6SKh9gWLU=
-1,2,PmwzAKuZv3eDLJsNP/+Q3yPzVdE=,0zu2X8ROMhotbuoUfDtlegO6kqE=
-1,4,PmwzAKuZv3eDLJsNP/+Q3yPzVdE=,LNL/nMXnEOkjbM581OYozU9uWKo=
-1,3,PmwzAKuZv3eDLJsNP/+Q3yPzVdE=,0zu2X8ROMhotbuoUfDtlegO6kqE=
-1,6,PmwzAKuZv3eDLJsNP/+Q3yPzVdE=,XZR/8oVefGjawie/dEnw802kcGc=
-1,5,PmwzAKuZv3eDLJsNP/+Q3yPzVdE=,LNL/nMXnEOkjbM581OYozU9uWKo=
-1,8,z8E8No8Mi8kw3s5PRhH1aWxxbiQ=,DKrvv4tKiyGGyHK9mtDdiIBnORU=
-1,7,z8E8No8Mi8kw3s5PRhH1aWxxbiQ=,XZR/8oVefGjawie/dEnw802kcGc=
-1,10,z8E8No8Mi8kw3s5PRhH1aWxxbiQ=,0rrC7GIxw7FWUYy0UY2aoQA3bJY=
-1,9,z8E8No8Mi8kw3s5PRhH1aWxxbiQ=,DKrvv4tKiyGGyHK9mtDdiIBnORU=
-10,12,z8E8No8Mi8kw3s5PRhH1aWxxbiQ=,ZlA75b8UU27rbAJ2E4gs07Md640=
-9,12,z8E8No8Mi8kw3s5PRhH1aWxxbiQ=,ZlA75b8UU27rbAJ2E4gs07Md640=
-10,11,z8E8No8Mi8kw3s5PRhH1aWxxbiQ=,y/9tPHJQgglHl2M/gAXL2+jt1L0=
-11,11,z8E8No8Mi8kw3s5PRhH1aWxxbiQ=,Tbia+oqKm0YfgrJ/lNbkRdnmHpc=
-8,12,z8E8No8Mi8kw3s5PRhH1aWxxbiQ=,8r1CjoFRl383m5Hy/bJ7khMP96E=
-8,11,z8E8No8Mi8kw3s5PRhH1aWxxbiQ=,gO8ulWfbms+8MHn8hwpKaWJGg0c=
-9,11,z8E8No8Mi8kw3s5PRhH1aWxxbiQ=,y/9tPHJQgglHl2M/gAXL2+jt1L0=
-11,12,z8E8No8Mi8kw3s5PRhH1aWxxbiQ=,W7hy9mF1Tr6NtTgc1x3LklyMSQE=
-8,14,z8E8No8Mi8kw3s5PRhH1aWxxbiQ=,iYDoR/tLuQgosZdyB3X9i+W0u40=
-9,13,z8E8No8Mi8kw3s5PRhH1aWxxbiQ=,ZlA75b8UU27rbAJ2E4gs07Md640=
-11,15,z8E8No8Mi8kw3s5PRhH1aWxxbiQ=,9ZoaHlM9vPxOFETVw4+Gl8WVNKM=
-9,15,z8E8No8Mi8kw3s5PRhH1aWxxbiQ=,7hEWINy7wNSeF5K9GYzAZOAD/xc=
-8,15,z8E8No8Mi8kw3s5PRhH1aWxxbiQ=,iYDoR/tLuQgosZdyB3X9i+W0u40=
-8,13,z8E8No8Mi8kw3s5PRhH1aWxxbiQ=,8r1CjoFRl383m5Hy/bJ7khMP96E=
-11,14,z8E8No8Mi8kw3s5PRhH1aWxxbiQ=,9ZoaHlM9vPxOFETVw4+Gl8WVNKM=
-10,14,z8E8No8Mi8kw3s5PRhH1aWxxbiQ=,7hEWINy7wNSeF5K9GYzAZOAD/xc=
-11,13,z8E8No8Mi8kw3s5PRhH1aWxxbiQ=,W7hy9mF1Tr6NtTgc1x3LklyMSQE=
-10,15,z8E8No8Mi8kw3s5PRhH1aWxxbiQ=,7hEWINy7wNSeF5K9GYzAZOAD/xc=
-9,14,z8E8No8Mi8kw3s5PRhH1aWxxbiQ=,7hEWINy7wNSeF5K9GYzAZOAD/xc=
-10,13,z8E8No8Mi8kw3s5PRhH1aWxxbiQ=,ZlA75b8UU27rbAJ2E4gs07Md640=
-6,15,z8E8No8Mi8kw3s5PRhH1aWxxbiQ=,cjViOeV4d9iowGlUJ+mlVXrFeBU=
-4,15,z8E8No8Mi8kw3s5PRhH1aWxxbiQ=,mliFgqJVrl10hPFEiZIguEmW3SI=
-5,15,z8E8No8Mi8kw3s5PRhH1aWxxbiQ=,cjViOeV4d9iowGlUJ+mlVXrFeBU=
-7,15,z8E8No8Mi8kw3s5PRhH1aWxxbiQ=,iYDoR/tLuQgosZdyB3X9i+W0u40=
-4,0,G93qgzO19xJiBNdn/NNiajV5mTs=,WoPPTHq46IS0Uoo7k+qFAbnHigA=
-3,0,G93qgzO19xJiBNdn/NNiajV5mTs=,WoPPTHq46IS0Uoo7k+qFAbnHigA=
-5,0,G93qgzO19xJiBNdn/NNiajV5mTs=,jRL9zUAT51Ut3tr6kS/2ruqtIJQ=
-2,0,G93qgzO19xJiBNdn/NNiajV5mTs=,Vdzn6dHz5WPf+vtmal6SKh9gWLU=
-1,0,G93qgzO19xJiBNdn/NNiajV5mTs=,Vdzn6dHz5WPf+vtmal6SKh9gWLU=
-16,0,G93qgzO19xJiBNdn/NNiajV5mTs=,MkdlDQhOmTG0iy9a+NBfwYoLs2E=
-15,14,G93qgzO19xJiBNdn/NNiajV5mTs=,5gOaIVxbLaMaQj2Gmv3xUQqss74=
-16,14,G93qgzO19xJiBNdn/NNiajV5mTs=,5gOaIVxbLaMaQj2Gmv3xUQqss74=
-14,15,G93qgzO19xJiBNdn/NNiajV5mTs=,5/kcxkRCxACiZzxEyFPH89dOTzM=
-16,13,G93qgzO19xJiBNdn/NNiajV5mTs=,tcytyXNKx35sk7DbGR2PbSKWe1c=
-15,15,G93qgzO19xJiBNdn/NNiajV5mTs=,5gOaIVxbLaMaQj2Gmv3xUQqss74=
-14,14,G93qgzO19xJiBNdn/NNiajV5mTs=,5/kcxkRCxACiZzxEyFPH89dOTzM=
-15,13,G93qgzO19xJiBNdn/NNiajV5mTs=,tcytyXNKx35sk7DbGR2PbSKWe1c=
-14,13,G93qgzO19xJiBNdn/NNiajV5mTs=,eIFgKfI3HKA2JsptCBh5MmG1/Tk=
-16,15,G93qgzO19xJiBNdn/NNiajV5mTs=,5gOaIVxbLaMaQj2Gmv3xUQqss74=
-3,11,Td63fUDF6BSTqx9nKDv6xyntNh8=,gVedUmabWQVgwU322eq7DSS3YJE=
-2,12,Td63fUDF6BSTqx9nKDv6xyntNh8=,763d8QRlrNCzjbUGDOoBAMAmCA8=
-2,11,Td63fUDF6BSTqx9nKDv6xyntNh8=,0rrC7GIxw7FWUYy0UY2aoQA3bJY=
-3,12,Td63fUDF6BSTqx9nKDv6xyntNh8=,Oq5dQuYvwhbxFS1tFtIAfwuCMlw=
-1,11,Td63fUDF6BSTqx9nKDv6xyntNh8=,0rrC7GIxw7FWUYy0UY2aoQA3bJY=
-1,12,Td63fUDF6BSTqx9nKDv6xyntNh8=,763d8QRlrNCzjbUGDOoBAMAmCA8=
-3,14,Td63fUDF6BSTqx9nKDv6xyntNh8=,mliFgqJVrl10hPFEiZIguEmW3SI=
-1,15,Td63fUDF6BSTqx9nKDv6xyntNh8=,05BclwTyyX5DvQlrbCIWDe76FbQ=
-3,15,Td63fUDF6BSTqx9nKDv6xyntNh8=,mliFgqJVrl10hPFEiZIguEmW3SI=
-2,15,Td63fUDF6BSTqx9nKDv6xyntNh8=,05BclwTyyX5DvQlrbCIWDe76FbQ=
-1,13,Td63fUDF6BSTqx9nKDv6xyntNh8=,763d8QRlrNCzjbUGDOoBAMAmCA8=
-2,13,Td63fUDF6BSTqx9nKDv6xyntNh8=,763d8QRlrNCzjbUGDOoBAMAmCA8=
-3,13,Td63fUDF6BSTqx9nKDv6xyntNh8=,Oq5dQuYvwhbxFS1tFtIAfwuCMlw=
-2,14,Td63fUDF6BSTqx9nKDv6xyntNh8=,05BclwTyyX5DvQlrbCIWDe76FbQ=
-1,14,Td63fUDF6BSTqx9nKDv6xyntNh8=,05BclwTyyX5DvQlrbCIWDe76FbQ=
