-15,-2,BRsDTKZAT0Kg0sRRrZhsz9zyDS0=,8R5xSrCCNzbXO54zL7fJsz8dFdk=
-14,-2,BRsDTKZAT0Kg0sRRrZhsz9zyDS0=,oWFiO6RMF64EwVtKW7U+mW0+Xr4=
-14,-3,BRsDTKZAT0Kg0sRRrZhsz9zyDS0=,7qtr/MbCa3F3n1qeleW9aBl0ujc=
-15,-3,BRsDTKZAT0Kg0sRRrZhsz9zyDS0=,4NlbidPFpTdo1YvBD0wkCP9Vz+Q=
-13,-3,JPLNYKr1nvyeCqT2KqXKYD6olho=,7qtr/MbCa3F3n1qeleW9aBl0ujc=
-12,-3,JPLNYKr1nvyeCqT2KqXKYD6olho=,nCKdtiEUJ/2Lzl1dJpJDU9kDs98=
-13,-2,JPLNYKr1nvyeCqT2KqXKYD6olho=,oWFiO6RMF64EwVtKW7U+mW0+Xr4=
-12,-2,JPLNYKr1nvyeCqT2KqXKYD6olho=,T63vfR+nlhfl0O2Z2s8v0EXk0k4=
-10,-2,JPLNYKr1nvyeCqT2KqXKYD6olho=,UtQqsSd/7jY+g26E9bL4Ctf+nVI=
-10,-3,JPLNYKr1nvyeCqT2KqXKYD6olho=,4Gjd9KKYmQBOoQfc/pY0EE2Fvg4=
-11,-2,JPLNYKr1nvyeCqT2KqXKYD6olho=,T63vfR+nlhfl0O2Z2s8v0EXk0k4=
-11,-3,JPLNYKr1nvyeCqT2KqXKYD6olho=,nCKdtiEUJ/2Lzl1dJpJDU9kDs98=
-9,-2,cFph5ZOMaZ4hRN9QHpb9okePizM=,UtQqsSd/7jY+g26E9bL4Ctf+nVI=
-8,-3,cFph5ZOMaZ4hRN9QHpb9okePizM=,Uumic3UYJRiHMhlsrP6AfcZpBis=
-8,-2,cFph5ZOMaZ4hRN9QHpb9okePizM=,WFKf+2oaFNMMlQAYzB+H9VL94TY=
-9,-3,cFph5ZOMaZ4hRN9QHpb9okePizM=,4Gjd9KKYmQBOoQfc/pY0EE2Fvg4=
-6,-2,RG+JjcQawoHIcaXxyLYPk91fFGs=,QJ0xEKsqx2cKODapjr1W6xF9HEU=
-6,-3,RG+JjcQawoHIcaXxyLYPk91fFGs=,omyOCqm7DnMPkGxEMyhqGCE6ls8=
-7,-2,RG+JjcQawoHIcaXxyLYPk91fFGs=,WFKf+2oaFNMMlQAYzB+H9VL94TY=
-7,-3,RG+JjcQawoHIcaXxyLYPk91fFGs=,Uumic3UYJRiHMhlsrP6AfcZpBis=
-4,-5,k2Vaeb9WpJQe4twWa9vm+hMoDfU=,B84jpUjX6T2v30HT50FSIpWsI7I=
-5,-4,k2Vaeb9WpJQe4twWa9vm+hMoDfU=,omyOCqm7DnMPkGxEMyhqGCE6ls8=
-4,-4,k2Vaeb9WpJQe4twWa9vm+hMoDfU=,CEliLEU8Pt4dK6YWDM8RmxFyqcs=
-5,-5,k2Vaeb9WpJQe4twWa9vm+hMoDfU=,qclaA0btCsPU57qmG7ySpGaooI8=
-5,-2,McantFPGnBP9SyfX11MeLAfSUZI=,QJ0xEKsqx2cKODapjr1W6xF9HEU=
-5,-3,McantFPGnBP9SyfX11MeLAfSUZI=,omyOCqm7DnMPkGxEMyhqGCE6ls8=
-4,-2,McantFPGnBP9SyfX11MeLAfSUZI=,p9GCErxW9116Ff/nw2fF2LwYbU4=
-4,-3,McantFPGnBP9SyfX11MeLAfSUZI=,CEliLEU8Pt4dK6YWDM8RmxFyqcs=
-3,-4,AqFJ6UzG+a11mry/JebSfbhx1t0=,CEliLEU8Pt4dK6YWDM8RmxFyqcs=
-3,-5,AqFJ6UzG+a11mry/JebSfbhx1t0=,B84jpUjX6T2v30HT50FSIpWsI7I=
-2,-5,AqFJ6UzG+a11mry/JebSfbhx1t0=,0lKXKrOPbzrEI+sK2gUp5KBJcDo=
-2,-4,AqFJ6UzG+a11mry/JebSfbhx1t0=,EyWWBHJyo3FgWKcE6NFYKqGgGBc=
-3,-7,d98w7Juk0VdN+fT1Z9QbaA92qqU=,G3hfRQEI6U4zS6rRKDdZNxOMGlo=
-2,-6,d98w7Juk0VdN+fT1Z9QbaA92qqU=,0lKXKrOPbzrEI+sK2gUp5KBJcDo=
-2,-7,d98w7Juk0VdN+fT1Z9QbaA92qqU=,hzPRANFgv3JkLjnJrHym37nlwOg=
-3,-6,d98w7Juk0VdN+fT1Z9QbaA92qqU=,B84jpUjX6T2v30HT50FSIpWsI7I=
-2,-8,rH4N/l54lLm7hV/bz6QEXzKthgc=,hzPRANFgv3JkLjnJrHym37nlwOg=
-3,-9,rH4N/l54lLm7hV/bz6QEXzKthgc=,7SMBWkJSGPjkJd/PjI9PWI570WE=
-2,-9,rH4N/l54lLm7hV/bz6QEXzKthgc=,nWuWPAAjfe8VpqwPRBQrIiCh9IY=
-3,-8,rH4N/l54lLm7hV/bz6QEXzKthgc=,G3hfRQEI6U4zS6rRKDdZNxOMGlo=
-2,-3,rH4N/l54lLm7hV/bz6QEXzKthgc=,EyWWBHJyo3FgWKcE6NFYKqGgGBc=
-3,-3,rH4N/l54lLm7hV/bz6QEXzKthgc=,CEliLEU8Pt4dK6YWDM8RmxFyqcs=
-3,-2,rH4N/l54lLm7hV/bz6QEXzKthgc=,p9GCErxW9116Ff/nw2fF2LwYbU4=
-2,-2,rH4N/l54lLm7hV/bz6QEXzKthgc=,/cGtt2DWJMTBHaDcXz51TrlaEYk=
-4,-7,N/iGkfIEjGK+wuPMfI06LwvLNAs=,G3hfRQEI6U4zS6rRKDdZNxOMGlo=
-4,-6,N/iGkfIEjGK+wuPMfI06LwvLNAs=,B84jpUjX6T2v30HT50FSIpWsI7I=
-5,-6,N/iGkfIEjGK+wuPMfI06LwvLNAs=,qclaA0btCsPU57qmG7ySpGaooI8=
-5,-8,N/iGkfIEjGK+wuPMfI06LwvLNAs=,hxZ0yHbnFGAqT6PwNx23uo8eNh8=
-4,-9,N/iGkfIEjGK+wuPMfI06LwvLNAs=,7SMBWkJSGPjkJd/PjI9PWI570WE=
-5,-9,N/iGkfIEjGK+wuPMfI06LwvLNAs=,gBVyu/IQ2dtOWxQ/o9DV6wyJSP4=
-4,-8,N/iGkfIEjGK+wuPMfI06LwvLNAs=,G3hfRQEI6U4zS6rRKDdZNxOMGlo=
-5,-7,N/iGkfIEjGK+wuPMfI06LwvLNAs=,hxZ0yHbnFGAqT6PwNx23uo8eNh8=
-5,-11,N/iGkfIEjGK+wuPMfI06LwvLNAs=,Xvr7vXh2nFMBkTC5ojAE9pr1Q8k=
-4,-11,N/iGkfIEjGK+wuPMfI06LwvLNAs=,m9PHZEevyYOCRoSw5ghMDykbbsE=
-5,-10,N/iGkfIEjGK+wuPMfI06LwvLNAs=,gBVyu/IQ2dtOWxQ/o9DV6wyJSP4=
-4,-10,N/iGkfIEjGK+wuPMfI06LwvLNAs=,7SMBWkJSGPjkJd/PjI9PWI570WE=
-3,-11,VC3G2UkCOcHaAWpuNdPLWKC1DZU=,m9PHZEevyYOCRoSw5ghMDykbbsE=
-2,-11,VC3G2UkCOcHaAWpuNdPLWKC1DZU=,aqCV/XsGizSbO4H8NGCj97LH2g0=
-2,-10,VC3G2UkCOcHaAWpuNdPLWKC1DZU=,nWuWPAAjfe8VpqwPRBQrIiCh9IY=
-3,-10,VC3G2UkCOcHaAWpuNdPLWKC1DZU=,7SMBWkJSGPjkJd/PjI9PWI570WE=
-6,-11,Uq1hPuh67vRIBILPQ0fMMVcungw=,Xvr7vXh2nFMBkTC5ojAE9pr1Q8k=
-6,-10,Uq1hPuh67vRIBILPQ0fMMVcungw=,gBVyu/IQ2dtOWxQ/o9DV6wyJSP4=
-7,-10,Uq1hPuh67vRIBILPQ0fMMVcungw=,V7kjWwYzBCUMUjuL690zKvLYSDI=
-7,-11,Uq1hPuh67vRIBILPQ0fMMVcungw=,UxUAFc2+Q/eki9qpKbtcG+IrFLA=
-8,-10,XdsSTKnagdNx6ppLR1z4u0sq+wM=,V7kjWwYzBCUMUjuL690zKvLYSDI=
-9,-10,XdsSTKnagdNx6ppLR1z4u0sq+wM=,EMNcFL1/jaaMg2JrifQTUjkpfjk=
-9,-11,XdsSTKnagdNx6ppLR1z4u0sq+wM=,g87DaGkIO50y+gRvCPhjJH3YSlc=
-8,-11,XdsSTKnagdNx6ppLR1z4u0sq+wM=,UxUAFc2+Q/eki9qpKbtcG+IrFLA=
-10,-10,+wo8eEkjP5F/CijhL1h8te0MdAw=,EMNcFL1/jaaMg2JrifQTUjkpfjk=
-10,-11,+wo8eEkjP5F/CijhL1h8te0MdAw=,g87DaGkIO50y+gRvCPhjJH3YSlc=
-11,-10,+wo8eEkjP5F/CijhL1h8te0MdAw=,j3DDRO/lc9zBInwhj7eO093oOtQ=
-11,-11,+wo8eEkjP5F/CijhL1h8te0MdAw=,4UQ8eEHl5lti7OCcteYLmcHw4hQ=
-13,-10,IxPA1iHZBAWwpznhp8qUqh/Tg0c=,sU1uEqhaz4b4nqft1JjJM4wcbNo=
-12,-10,IxPA1iHZBAWwpznhp8qUqh/Tg0c=,j3DDRO/lc9zBInwhj7eO093oOtQ=
-13,-11,IxPA1iHZBAWwpznhp8qUqh/Tg0c=,Mr4AU8S/YULDpX5YWK9tAj+8tgg=
-12,-11,IxPA1iHZBAWwpznhp8qUqh/Tg0c=,4UQ8eEHl5lti7OCcteYLmcHw4hQ=
-13,-8,2puaov9ax5povqNKunsr+1Sr7FI=,xPJYyHHskK+Q3PRQL0OjVzQSaUw=
-12,-8,2puaov9ax5povqNKunsr+1Sr7FI=,II5RX1siE1nGQo2DTRYsr+ZzPdI=
-12,-9,2puaov9ax5povqNKunsr+1Sr7FI=,j3DDRO/lc9zBInwhj7eO093oOtQ=
-13,-9,2puaov9ax5povqNKunsr+1Sr7FI=,sU1uEqhaz4b4nqft1JjJM4wcbNo=
-12,-6,2puaov9ax5povqNKunsr+1Sr7FI=,9hpVBBkrqdK6XXdW3YXGlJmLo88=
-13,-4,2puaov9ax5povqNKunsr+1Sr7FI=,7qtr/MbCa3F3n1qeleW9aBl0ujc=
-13,-5,2puaov9ax5povqNKunsr+1Sr7FI=,uUinKmCLOd0OZP750QDqquwXQgs=
-12,-7,2puaov9ax5povqNKunsr+1Sr7FI=,II5RX1siE1nGQo2DTRYsr+ZzPdI=
-13,-6,2puaov9ax5povqNKunsr+1Sr7FI=,uUinKmCLOd0OZP750QDqquwXQgs=
-12,-5,2puaov9ax5povqNKunsr+1Sr7FI=,9hpVBBkrqdK6XXdW3YXGlJmLo88=
-12,-4,2puaov9ax5povqNKunsr+1Sr7FI=,nCKdtiEUJ/2Lzl1dJpJDU9kDs98=
-13,-7,2puaov9ax5povqNKunsr+1Sr7FI=,xPJYyHHskK+Q3PRQL0OjVzQSaUw=
-15,-4,JztPnXJzMIs5wXgE/FDr10qtxiI=,4NlbidPFpTdo1YvBD0wkCP9Vz+Q=
-14,-4,JztPnXJzMIs5wXgE/FDr10qtxiI=,7qtr/MbCa3F3n1qeleW9aBl0ujc=
-14,-5,JztPnXJzMIs5wXgE/FDr10qtxiI=,uUinKmCLOd0OZP750QDqquwXQgs=
-15,-5,JztPnXJzMIs5wXgE/FDr10qtxiI=,Jg4T9K2UfAf1ncVF3Y0NqO72P64=
-11,-8,JztPnXJzMIs5wXgE/FDr10qtxiI=,II5RX1siE1nGQo2DTRYsr+ZzPdI=
-10,-9,JztPnXJzMIs5wXgE/FDr10qtxiI=,EMNcFL1/jaaMg2JrifQTUjkpfjk=
-11,-9,JztPnXJzMIs5wXgE/FDr10qtxiI=,j3DDRO/lc9zBInwhj7eO093oOtQ=
-10,-8,JztPnXJzMIs5wXgE/FDr10qtxiI=,SthPeb1xfUJ1/L98OktFSsU4Fvo=
-10,-4,JztPnXJzMIs5wXgE/FDr10qtxiI=,4Gjd9KKYmQBOoQfc/pY0EE2Fvg4=
-10,-6,y36J12+/2IqXazE6jT7XsN0/WwY=,gcJP6x/u6XlNzZ/j4TBwCQ7pZsE=
-10,-5,y36J12+/2IqXazE6jT7XsN0/WwY=,gcJP6x/u6XlNzZ/j4TBwCQ7pZsE=
-11,-6,y36J12+/2IqXazE6jT7XsN0/WwY=,9hpVBBkrqdK6XXdW3YXGlJmLo88=
-11,-5,y36J12+/2IqXazE6jT7XsN0/WwY=,9hpVBBkrqdK6XXdW3YXGlJmLo88=
-10,-7,y36J12+/2IqXazE6jT7XsN0/WwY=,SthPeb1xfUJ1/L98OktFSsU4Fvo=
-11,-7,y36J12+/2IqXazE6jT7XsN0/WwY=,II5RX1siE1nGQo2DTRYsr+ZzPdI=
-11,-4,y36J12+/2IqXazE6jT7XsN0/WwY=,nCKdtiEUJ/2Lzl1dJpJDU9kDs98=
-15,-1,y36J12+/2IqXazE6jT7XsN0/WwY=,8R5xSrCCNzbXO54zL7fJsz8dFdk=
-14,-1,y36J12+/2IqXazE6jT7XsN0/WwY=,oWFiO6RMF64EwVtKW7U+mW0+Xr4=
-10,-1,y36J12+/2IqXazE6jT7XsN0/WwY=,UtQqsSd/7jY+g26E9bL4Ctf+nVI=
-8,-1,y36J12+/2IqXazE6jT7XsN0/WwY=,WFKf+2oaFNMMlQAYzB+H9VL94TY=
-9,-1,y36J12+/2IqXazE6jT7XsN0/WwY=,UtQqsSd/7jY+g26E9bL4Ctf+nVI=
-13,-1,y36J12+/2IqXazE6jT7XsN0/WwY=,oWFiO6RMF64EwVtKW7U+mW0+Xr4=
-12,-1,y36J12+/2IqXazE6jT7XsN0/WwY=,T63vfR+nlhfl0O2Z2s8v0EXk0k4=
-11,-1,y36J12+/2IqXazE6jT7XsN0/WwY=,T63vfR+nlhfl0O2Z2s8v0EXk0k4=
-6,-1,y36J12+/2IqXazE6jT7XsN0/WwY=,QJ0xEKsqx2cKODapjr1W6xF9HEU=
-7,-1,y36J12+/2IqXazE6jT7XsN0/WwY=,WFKf+2oaFNMMlQAYzB+H9VL94TY=
-5,-1,eZVxL9W1iuv4X+t3t87V4N97EYg=,QJ0xEKsqx2cKODapjr1W6xF9HEU=
-4,-1,eZVxL9W1iuv4X+t3t87V4N97EYg=,p9GCErxW9116Ff/nw2fF2LwYbU4=
-8,-4,eZVxL9W1iuv4X+t3t87V4N97EYg=,Uumic3UYJRiHMhlsrP6AfcZpBis=
-7,-4,eZVxL9W1iuv4X+t3t87V4N97EYg=,Uumic3UYJRiHMhlsrP6AfcZpBis=
-6,-4,eZVxL9W1iuv4X+t3t87V4N97EYg=,omyOCqm7DnMPkGxEMyhqGCE6ls8=
-9,-4,eZVxL9W1iuv4X+t3t87V4N97EYg=,4Gjd9KKYmQBOoQfc/pY0EE2Fvg4=
-9,-5,eZVxL9W1iuv4X+t3t87V4N97EYg=,gcJP6x/u6XlNzZ/j4TBwCQ7pZsE=
-8,-5,eZVxL9W1iuv4X+t3t87V4N97EYg=,kaCB4lNyFZ0VE6xnr8vvaXq4nE0=
-7,-5,eZVxL9W1iuv4X+t3t87V4N97EYg=,kaCB4lNyFZ0VE6xnr8vvaXq4nE0=
-6,-5,eZVxL9W1iuv4X+t3t87V4N97EYg=,qclaA0btCsPU57qmG7ySpGaooI8=
-2,-1,eZVxL9W1iuv4X+t3t87V4N97EYg=,/cGtt2DWJMTBHaDcXz51TrlaEYk=
-3,-1,eZVxL9W1iuv4X+t3t87V4N97EYg=,p9GCErxW9116Ff/nw2fF2LwYbU4=
-6,-6,eZVxL9W1iuv4X+t3t87V4N97EYg=,qclaA0btCsPU57qmG7ySpGaooI8=
-9,-7,eZVxL9W1iuv4X+t3t87V4N97EYg=,SthPeb1xfUJ1/L98OktFSsU4Fvo=
-9,-9,eZVxL9W1iuv4X+t3t87V4N97EYg=,EMNcFL1/jaaMg2JrifQTUjkpfjk=
-7,-9,eZVxL9W1iuv4X+t3t87V4N97EYg=,V7kjWwYzBCUMUjuL690zKvLYSDI=
-6,-9,eZVxL9W1iuv4X+t3t87V4N97EYg=,gBVyu/IQ2dtOWxQ/o9DV6wyJSP4=
-7,-7,eZVxL9W1iuv4X+t3t87V4N97EYg=,OBUtDGSFloOMCzlw9UHfhIfpHPg=
-9,-6,eZVxL9W1iuv4X+t3t87V4N97EYg=,gcJP6x/u6XlNzZ/j4TBwCQ7pZsE=
-8,-7,eZVxL9W1iuv4X+t3t87V4N97EYg=,OBUtDGSFloOMCzlw9UHfhIfpHPg=
-6,-7,eZVxL9W1iuv4X+t3t87V4N97EYg=,hxZ0yHbnFGAqT6PwNx23uo8eNh8=
-7,-8,eZVxL9W1iuv4X+t3t87V4N97EYg=,OBUtDGSFloOMCzlw9UHfhIfpHPg=
-8,-6,eZVxL9W1iuv4X+t3t87V4N97EYg=,kaCB4lNyFZ0VE6xnr8vvaXq4nE0=
-6,-8,eZVxL9W1iuv4X+t3t87V4N97EYg=,hxZ0yHbnFGAqT6PwNx23uo8eNh8=
-9,-8,eZVxL9W1iuv4X+t3t87V4N97EYg=,SthPeb1xfUJ1/L98OktFSsU4Fvo=
-8,-9,eZVxL9W1iuv4X+t3t87V4N97EYg=,V7kjWwYzBCUMUjuL690zKvLYSDI=
-8,-8,eZVxL9W1iuv4X+t3t87V4N97EYg=,OBUtDGSFloOMCzlw9UHfhIfpHPg=
-7,-6,eZVxL9W1iuv4X+t3t87V4N97EYg=,kaCB4lNyFZ0VE6xnr8vvaXq4nE0=
-1,-2,eZVxL9W1iuv4X+t3t87V4N97EYg=,/cGtt2DWJMTBHaDcXz51TrlaEYk=
-1,-3,LIshTllZQtsLyrVt3oD32NdscJQ=,EyWWBHJyo3FgWKcE6NFYKqGgGBc=
-1,-9,LIshTllZQtsLyrVt3oD32NdscJQ=,nWuWPAAjfe8VpqwPRBQrIiCh9IY=
-1,-8,LIshTllZQtsLyrVt3oD32NdscJQ=,hzPRANFgv3JkLjnJrHym37nlwOg=
-1,-10,LIshTllZQtsLyrVt3oD32NdscJQ=,nWuWPAAjfe8VpqwPRBQrIiCh9IY=
-1,-5,LIshTllZQtsLyrVt3oD32NdscJQ=,0lKXKrOPbzrEI+sK2gUp5KBJcDo=
-1,-6,LIshTllZQtsLyrVt3oD32NdscJQ=,0lKXKrOPbzrEI+sK2gUp5KBJcDo=
-1,-11,LIshTllZQtsLyrVt3oD32NdscJQ=,aqCV/XsGizSbO4H8NGCj97LH2g0=
-1,-4,LIshTllZQtsLyrVt3oD32NdscJQ=,EyWWBHJyo3FgWKcE6NFYKqGgGBc=
-1,-7,LIshTllZQtsLyrVt3oD32NdscJQ=,hzPRANFgv3JkLjnJrHym37nlwOg=
-2,-13,VyWXDaIoaHCuyapqcmQxmLqTyR8=,qR1PmTMtfwBsmQ+wpPWoAPu7NBw=
-3,-13,VyWXDaIoaHCuyapqcmQxmLqTyR8=,ipUkH5B4D/LkpJvI4Qvn2EY27AE=
-2,-12,VyWXDaIoaHCuyapqcmQxmLqTyR8=,aqCV/XsGizSbO4H8NGCj97LH2g0=
-3,-12,VyWXDaIoaHCuyapqcmQxmLqTyR8=,m9PHZEevyYOCRoSw5ghMDykbbsE=
-6,-12,M5a6RcEJvE/G9AEeOJSmywB7owg=,Xvr7vXh2nFMBkTC5ojAE9pr1Q8k=
-7,-12,M5a6RcEJvE/G9AEeOJSmywB7owg=,UxUAFc2+Q/eki9qpKbtcG+IrFLA=
-5,-13,M5a6RcEJvE/G9AEeOJSmywB7owg=,Dr7QTUdmYTheaGPkPWycB9VyJRo=
-7,-13,M5a6RcEJvE/G9AEeOJSmywB7owg=,1+Yf37zYLNKhuudSmdu3DwpQFDM=
-6,-13,M5a6RcEJvE/G9AEeOJSmywB7owg=,Dr7QTUdmYTheaGPkPWycB9VyJRo=
-4,-13,M5a6RcEJvE/G9AEeOJSmywB7owg=,ipUkH5B4D/LkpJvI4Qvn2EY27AE=
-5,-12,M5a6RcEJvE/G9AEeOJSmywB7owg=,Xvr7vXh2nFMBkTC5ojAE9pr1Q8k=
-4,-12,M5a6RcEJvE/G9AEeOJSmywB7owg=,m9PHZEevyYOCRoSw5ghMDykbbsE=
-8,-12,kVUchpL40fp9sfGjhEtu+KdGYGs=,UxUAFc2+Q/eki9qpKbtcG+IrFLA=
-9,-12,kVUchpL40fp9sfGjhEtu+KdGYGs=,g87DaGkIO50y+gRvCPhjJH3YSlc=
-8,-13,kVUchpL40fp9sfGjhEtu+KdGYGs=,1+Yf37zYLNKhuudSmdu3DwpQFDM=
-9,-13,kVUchpL40fp9sfGjhEtu+KdGYGs=,WRWWpQlNqXU7ibgsdT5KdSHMHLA=
-8,-14,kVUchpL40fp9sfGjhEtu+KdGYGs=,1+Yf37zYLNKhuudSmdu3DwpQFDM=
-9,-14,kVUchpL40fp9sfGjhEtu+KdGYGs=,WRWWpQlNqXU7ibgsdT5KdSHMHLA=
-8,-15,kVUchpL40fp9sfGjhEtu+KdGYGs=,WEsHOtXsQP6EtUWiZXGOwih4KPY=
-9,-15,kVUchpL40fp9sfGjhEtu+KdGYGs=,ZJtLxePpj2eybJvLjmoD5y5853g=
-6,-14,H+thVPAa4AAoX3uX/rCUKF9YtzI=,Dr7QTUdmYTheaGPkPWycB9VyJRo=
-7,-14,H+thVPAa4AAoX3uX/rCUKF9YtzI=,1+Yf37zYLNKhuudSmdu3DwpQFDM=
-7,-15,H+thVPAa4AAoX3uX/rCUKF9YtzI=,WEsHOtXsQP6EtUWiZXGOwih4KPY=
-6,-15,H+thVPAa4AAoX3uX/rCUKF9YtzI=,Izgy/uFhmXsZturzjCXXJiGXtUU=
-10,-12,SFxzhQmeZkMFjhzJI1X/7ze6zbw=,g87DaGkIO50y+gRvCPhjJH3YSlc=
-11,-12,SFxzhQmeZkMFjhzJI1X/7ze6zbw=,4UQ8eEHl5lti7OCcteYLmcHw4hQ=
-10,-13,4x6Q3t+Y96podFb54hs2WYnqdV4=,WRWWpQlNqXU7ibgsdT5KdSHMHLA=
-10,-14,4x6Q3t+Y96podFb54hs2WYnqdV4=,WRWWpQlNqXU7ibgsdT5KdSHMHLA=
-11,-14,4x6Q3t+Y96podFb54hs2WYnqdV4=,yfiTi33+e3rX3AExpQDXQrqEntE=
-11,-15,4x6Q3t+Y96podFb54hs2WYnqdV4=,QpAX2yHIFlinDazPzUHzXcbFrH0=
-10,-15,4x6Q3t+Y96podFb54hs2WYnqdV4=,ZJtLxePpj2eybJvLjmoD5y5853g=
-11,-13,4x6Q3t+Y96podFb54hs2WYnqdV4=,yfiTi33+e3rX3AExpQDXQrqEntE=
-13,-12,4x6Q3t+Y96podFb54hs2WYnqdV4=,Mr4AU8S/YULDpX5YWK9tAj+8tgg=
-12,-12,4x6Q3t+Y96podFb54hs2WYnqdV4=,4UQ8eEHl5lti7OCcteYLmcHw4hQ=
-13,-13,4x6Q3t+Y96podFb54hs2WYnqdV4=,JPPo6sr+b7dKW5ZbIdQopMHdnqs=
-12,-13,4x6Q3t+Y96podFb54hs2WYnqdV4=,yfiTi33+e3rX3AExpQDXQrqEntE=
-13,-14,4x6Q3t+Y96podFb54hs2WYnqdV4=,JPPo6sr+b7dKW5ZbIdQopMHdnqs=
-13,-15,4x6Q3t+Y96podFb54hs2WYnqdV4=,qoT7EketsBZBWQzbFSitZ/VXKNQ=
-12,-14,4x6Q3t+Y96podFb54hs2WYnqdV4=,yfiTi33+e3rX3AExpQDXQrqEntE=
-12,-15,4x6Q3t+Y96podFb54hs2WYnqdV4=,QpAX2yHIFlinDazPzUHzXcbFrH0=
-15,-14,h53JA0hqKtzFdsAsqQMdGZLq29A=,zL9jwHdiczLSru/4oJcVKoKlQdE=
-14,-14,h53JA0hqKtzFdsAsqQMdGZLq29A=,JPPo6sr+b7dKW5ZbIdQopMHdnqs=
-14,-15,h53JA0hqKtzFdsAsqQMdGZLq29A=,qoT7EketsBZBWQzbFSitZ/VXKNQ=
-15,-15,h53JA0hqKtzFdsAsqQMdGZLq29A=,J6uadALuDfEE63m2osNFZg5GPO0=
-15,-12,h53JA0hqKtzFdsAsqQMdGZLq29A=,UYO+2eG9+qUQfSDmCgX98zxN8+Q=
-14,-12,h53JA0hqKtzFdsAsqQMdGZLq29A=,Mr4AU8S/YULDpX5YWK9tAj+8tgg=
-14,-13,h53JA0hqKtzFdsAsqQMdGZLq29A=,JPPo6sr+b7dKW5ZbIdQopMHdnqs=
-15,-13,h53JA0hqKtzFdsAsqQMdGZLq29A=,zL9jwHdiczLSru/4oJcVKoKlQdE=
-16,-4,h53JA0hqKtzFdsAsqQMdGZLq29A=,4NlbidPFpTdo1YvBD0wkCP9Vz+Q=
-16,-5,h53JA0hqKtzFdsAsqQMdGZLq29A=,Jg4T9K2UfAf1ncVF3Y0NqO72P64=
-14,-10,h53JA0hqKtzFdsAsqQMdGZLq29A=,sU1uEqhaz4b4nqft1JjJM4wcbNo=
-16,-2,h53JA0hqKtzFdsAsqQMdGZLq29A=,8R5xSrCCNzbXO54zL7fJsz8dFdk=
-15,-11,h53JA0hqKtzFdsAsqQMdGZLq29A=,UYO+2eG9+qUQfSDmCgX98zxN8+Q=
-16,-10,h53JA0hqKtzFdsAsqQMdGZLq29A=,TU/EXaVi4hNC94LXF1bJOb7vXSc=
-16,-3,h53JA0hqKtzFdsAsqQMdGZLq29A=,4NlbidPFpTdo1YvBD0wkCP9Vz+Q=
-16,-11,h53JA0hqKtzFdsAsqQMdGZLq29A=,UYO+2eG9+qUQfSDmCgX98zxN8+Q=
-15,-10,h53JA0hqKtzFdsAsqQMdGZLq29A=,TU/EXaVi4hNC94LXF1bJOb7vXSc=
-14,-11,sS3vShGlumYWvi/s4Br4UT4Spd0=,Mr4AU8S/YULDpX5YWK9tAj+8tgg=
-16,-13,sS3vShGlumYWvi/s4Br4UT4Spd0=,zL9jwHdiczLSru/4oJcVKoKlQdE=
-16,-15,sS3vShGlumYWvi/s4Br4UT4Spd0=,J6uadALuDfEE63m2osNFZg5GPO0=
-16,-12,sS3vShGlumYWvi/s4Br4UT4Spd0=,UYO+2eG9+qUQfSDmCgX98zxN8+Q=
-16,-14,sS3vShGlumYWvi/s4Br4UT4Spd0=,zL9jwHdiczLSru/4oJcVKoKlQdE=
-13,-16,sS3vShGlumYWvi/s4Br4UT4Spd0=,qoT7EketsBZBWQzbFSitZ/VXKNQ=
-14,-16,sS3vShGlumYWvi/s4Br4UT4Spd0=,qoT7EketsBZBWQzbFSitZ/VXKNQ=
-15,-16,sS3vShGlumYWvi/s4Br4UT4Spd0=,J6uadALuDfEE63m2osNFZg5GPO0=
-12,-16,sS3vShGlumYWvi/s4Br4UT4Spd0=,QpAX2yHIFlinDazPzUHzXcbFrH0=
-10,-16,sS3vShGlumYWvi/s4Br4UT4Spd0=,ZJtLxePpj2eybJvLjmoD5y5853g=
-8,-16,sS3vShGlumYWvi/s4Br4UT4Spd0=,WEsHOtXsQP6EtUWiZXGOwih4KPY=
-11,-16,sS3vShGlumYWvi/s4Br4UT4Spd0=,QpAX2yHIFlinDazPzUHzXcbFrH0=
-7,-16,sS3vShGlumYWvi/s4Br4UT4Spd0=,WEsHOtXsQP6EtUWiZXGOwih4KPY=
-9,-16,sS3vShGlumYWvi/s4Br4UT4Spd0=,ZJtLxePpj2eybJvLjmoD5y5853g=
-6,-16,sS3vShGlumYWvi/s4Br4UT4Spd0=,Izgy/uFhmXsZturzjCXXJiGXtUU=
-1,-13,sS3vShGlumYWvi/s4Br4UT4Spd0=,qR1PmTMtfwBsmQ+wpPWoAPu7NBw=
-1,-12,sS3vShGlumYWvi/s4Br4UT4Spd0=,aqCV/XsGizSbO4H8NGCj97LH2g0=
-16,-1,5AhzUQ4E5a000AQPnJayQshnqFI=,8R5xSrCCNzbXO54zL7fJsz8dFdk=
-1,-1,5AhzUQ4E5a000AQPnJayQshnqFI=,/cGtt2DWJMTBHaDcXz51TrlaEYk=
-16,-16,5AhzUQ4E5a000AQPnJayQshnqFI=,J6uadALuDfEE63m2osNFZg5GPO0=
-16,-8,5AhzUQ4E5a000AQPnJayQshnqFI=,hvSzxBIuM/zS7Kz9ZJq1R1rp3GA=
-15,-8,5AhzUQ4E5a000AQPnJayQshnqFI=,hvSzxBIuM/zS7Kz9ZJq1R1rp3GA=
-14,-8,5AhzUQ4E5a000AQPnJayQshnqFI=,xPJYyHHskK+Q3PRQL0OjVzQSaUw=
-14,-6,5AhzUQ4E5a000AQPnJayQshnqFI=,uUinKmCLOd0OZP750QDqquwXQgs=
-16,-6,5AhzUQ4E5a000AQPnJayQshnqFI=,Jg4T9K2UfAf1ncVF3Y0NqO72P64=
-15,-6,5AhzUQ4E5a000AQPnJayQshnqFI=,Jg4T9K2UfAf1ncVF3Y0NqO72P64=
-15,-7,5AhzUQ4E5a000AQPnJayQshnqFI=,hvSzxBIuM/zS7Kz9ZJq1R1rp3GA=
-14,-7,5AhzUQ4E5a000AQPnJayQshnqFI=,xPJYyHHskK+Q3PRQL0OjVzQSaUw=
-15,-9,5AhzUQ4E5a000AQPnJayQshnqFI=,TU/EXaVi4hNC94LXF1bJOb7vXSc=
-16,-7,5AhzUQ4E5a000AQPnJayQshnqFI=,hvSzxBIuM/zS7Kz9ZJq1R1rp3GA=
-16,-9,5AhzUQ4E5a000AQPnJayQshnqFI=,TU/EXaVi4hNC94LXF1bJOb7vXSc=
-14,-9,5AhzUQ4E5a000AQPnJayQshnqFI=,sU1uEqhaz4b4nqft1JjJM4wcbNo=
-1,-15,5AhzUQ4E5a000AQPnJayQshnqFI=,B1h5Q+EHyqZKRW31Wr6TCdcHbbs=
-1,-14,5AhzUQ4E5a000AQPnJayQshnqFI=,qR1PmTMtfwBsmQ+wpPWoAPu7NBw=
-1,-16,5AhzUQ4E5a000AQPnJayQshnqFI=,B1h5Q+EHyqZKRW31Wr6TCdcHbbs=
-5,-16,5AhzUQ4E5a000AQPnJayQshnqFI=,Izgy/uFhmXsZturzjCXXJiGXtUU=
-5,-15,5AhzUQ4E5a000AQPnJayQshnqFI=,Izgy/uFhmXsZturzjCXXJiGXtUU=
-3,-14,5AhzUQ4E5a000AQPnJayQshnqFI=,ipUkH5B4D/LkpJvI4Qvn2EY27AE=
-4,-16,5AhzUQ4E5a000AQPnJayQshnqFI=,ZWMiE+gOqjk84s9+TXkm4rLgNOw=
-2,-14,5AhzUQ4E5a000AQPnJayQshnqFI=,qR1PmTMtfwBsmQ+wpPWoAPu7NBw=
-2,-16,5AhzUQ4E5a000AQPnJayQshnqFI=,B1h5Q+EHyqZKRW31Wr6TCdcHbbs=
-3,-15,5AhzUQ4E5a000AQPnJayQshnqFI=,ZWMiE+gOqjk84s9+TXkm4rLgNOw=
-4,-15,5AhzUQ4E5a000AQPnJayQshnqFI=,ZWMiE+gOqjk84s9+TXkm4rLgNOw=
-4,-14,5AhzUQ4E5a000AQPnJayQshnqFI=,ipUkH5B4D/LkpJvI4Qvn2EY27AE=
-2,-15,5AhzUQ4E5a000AQPnJayQshnqFI=,B1h5Q+EHyqZKRW31Wr6TCdcHbbs=
-5,-14,5AhzUQ4E5a000AQPnJayQshnqFI=,Dr7QTUdmYTheaGPkPWycB9VyJRo=
-3,-16,5AhzUQ4E5a000AQPnJayQshnqFI=,ZWMiE+gOqjk84s9+TXkm4rLgNOw=
-12,-20,IG1QkVbG+ghqK4UgdDyb2zEK42E=,lzP+/i4GuUbehWX9jesO7Jyy98c=
-13,-20,IG1QkVbG+ghqK4UgdDyb2zEK42E=,RFDUPlwLDoef/0M86A7y1i/c1zc=
-12,-19,rnAnDr5mf9cOaxscEyn5JAHKcxY=,lzP+/i4GuUbehWX9jesO7Jyy98c=
-13,-18,rnAnDr5mf9cOaxscEyn5JAHKcxY=,xXHGkbNxm6tZ/29gEu79LUZmolk=
-13,-19,rnAnDr5mf9cOaxscEyn5JAHKcxY=,RFDUPlwLDoef/0M86A7y1i/c1zc=
-12,-18,rnAnDr5mf9cOaxscEyn5JAHKcxY=,qTbFg5F4Wmtlr0yaWeo7LbM2r1g=
-10,-20,lz6YH8DtaHo1ZKIGZp+mXUePaLI=,C2/6K5BHS9hEFZkGAAjTkKjSgek=
-11,-20,lz6YH8DtaHo1ZKIGZp+mXUePaLI=,lzP+/i4GuUbehWX9jesO7Jyy98c=
-8,-20,fTk/QzTW/X1rlBWvYNPO4rUm+1g=,jPwuGi1D/qWXqXmYFPE0Cua5++c=
-9,-20,fTk/QzTW/X1rlBWvYNPO4rUm+1g=,C2/6K5BHS9hEFZkGAAjTkKjSgek=
-10,-18,fTk/QzTW/X1rlBWvYNPO4rUm+1g=,NSEJMTLhET1/CgFR7RPYcDRcVQA=
-11,-18,fTk/QzTW/X1rlBWvYNPO4rUm+1g=,qTbFg5F4Wmtlr0yaWeo7LbM2r1g=
-10,-19,fTk/QzTW/X1rlBWvYNPO4rUm+1g=,C2/6K5BHS9hEFZkGAAjTkKjSgek=
-11,-19,fTk/QzTW/X1rlBWvYNPO4rUm+1g=,lzP+/i4GuUbehWX9jesO7Jyy98c=
-9,-19,HfxmMi9Ki2B7o45t9rQvaOZ7kfs=,C2/6K5BHS9hEFZkGAAjTkKjSgek=
-9,-18,HfxmMi9Ki2B7o45t9rQvaOZ7kfs=,NSEJMTLhET1/CgFR7RPYcDRcVQA=
-8,-18,HfxmMi9Ki2B7o45t9rQvaOZ7kfs=,MqS9i6nJhRBbGWlIzjKLQkqr9Bo=
-8,-19,HfxmMi9Ki2B7o45t9rQvaOZ7kfs=,jPwuGi1D/qWXqXmYFPE0Cua5++c=
-6,-19,xLZEvH6p/RXpwQoC6QtItCHcOss=,qvRQJMZC8GrVG6SGwD+JMQtj9jU=
-7,-18,xLZEvH6p/RXpwQoC6QtItCHcOss=,MqS9i6nJhRBbGWlIzjKLQkqr9Bo=
-6,-20,xLZEvH6p/RXpwQoC6QtItCHcOss=,qvRQJMZC8GrVG6SGwD+JMQtj9jU=
-7,-19,xLZEvH6p/RXpwQoC6QtItCHcOss=,jPwuGi1D/qWXqXmYFPE0Cua5++c=
-7,-20,xLZEvH6p/RXpwQoC6QtItCHcOss=,jPwuGi1D/qWXqXmYFPE0Cua5++c=
-6,-18,xLZEvH6p/RXpwQoC6QtItCHcOss=,Q9lHIyxHxvkbGLMViF6cNq9OIkY=
-4,-20,C2zBfYIG/LZ5N1mNe3c79XLIu8I=,i0M2t6S3yLci3yRq00ECj3dsObE=
-5,-20,C2zBfYIG/LZ5N1mNe3c79XLIu8I=,qvRQJMZC8GrVG6SGwD+JMQtj9jU=
-4,-19,C2zBfYIG/LZ5N1mNe3c79XLIu8I=,i0M2t6S3yLci3yRq00ECj3dsObE=
-4,-18,C2zBfYIG/LZ5N1mNe3c79XLIu8I=,LjCRG7HZYmH6laCltR+07vaH9vc=
-5,-18,C2zBfYIG/LZ5N1mNe3c79XLIu8I=,Q9lHIyxHxvkbGLMViF6cNq9OIkY=
-5,-19,C2zBfYIG/LZ5N1mNe3c79XLIu8I=,qvRQJMZC8GrVG6SGwD+JMQtj9jU=
-12,-17,C2zBfYIG/LZ5N1mNe3c79XLIu8I=,qTbFg5F4Wmtlr0yaWeo7LbM2r1g=
-13,-17,C2zBfYIG/LZ5N1mNe3c79XLIu8I=,xXHGkbNxm6tZ/29gEu79LUZmolk=
-2,-20,C2zBfYIG/LZ5N1mNe3c79XLIu8I=,bsPxtDCtbPFNvyzsdqTazK893xU=
-3,-20,C2zBfYIG/LZ5N1mNe3c79XLIu8I=,i0M2t6S3yLci3yRq00ECj3dsObE=
-1,-20,C2zBfYIG/LZ5N1mNe3c79XLIu8I=,bsPxtDCtbPFNvyzsdqTazK893xU=
-10,-17,l+weiHsfjkft7+EPyP01RYtokqc=,NSEJMTLhET1/CgFR7RPYcDRcVQA=
-11,-17,l+weiHsfjkft7+EPyP01RYtokqc=,qTbFg5F4Wmtlr0yaWeo7LbM2r1g=
-8,-17,l+weiHsfjkft7+EPyP01RYtokqc=,MqS9i6nJhRBbGWlIzjKLQkqr9Bo=
-9,-17,l+weiHsfjkft7+EPyP01RYtokqc=,NSEJMTLhET1/CgFR7RPYcDRcVQA=
-2,-18,l+weiHsfjkft7+EPyP01RYtokqc=,k8NkuUaCpuxeu07xUIYzraBKYss=
-3,-18,l+weiHsfjkft7+EPyP01RYtokqc=,LjCRG7HZYmH6laCltR+07vaH9vc=
-3,-19,l+weiHsfjkft7+EPyP01RYtokqc=,i0M2t6S3yLci3yRq00ECj3dsObE=
-1,-18,l+weiHsfjkft7+EPyP01RYtokqc=,k8NkuUaCpuxeu07xUIYzraBKYss=
-2,-19,l+weiHsfjkft7+EPyP01RYtokqc=,bsPxtDCtbPFNvyzsdqTazK893xU=
-1,-19,l+weiHsfjkft7+EPyP01RYtokqc=,bsPxtDCtbPFNvyzsdqTazK893xU=
-1,-17,l+weiHsfjkft7+EPyP01RYtokqc=,k8NkuUaCpuxeu07xUIYzraBKYss=
-2,-17,l+weiHsfjkft7+EPyP01RYtokqc=,k8NkuUaCpuxeu07xUIYzraBKYss=
-3,-17,l+weiHsfjkft7+EPyP01RYtokqc=,LjCRG7HZYmH6laCltR+07vaH9vc=
-7,-17,l+weiHsfjkft7+EPyP01RYtokqc=,MqS9i6nJhRBbGWlIzjKLQkqr9Bo=
-4,-17,l+weiHsfjkft7+EPyP01RYtokqc=,LjCRG7HZYmH6laCltR+07vaH9vc=
-6,-17,l+weiHsfjkft7+EPyP01RYtokqc=,Q9lHIyxHxvkbGLMViF6cNq9OIkY=
-5,-17,l+weiHsfjkft7+EPyP01RYtokqc=,Q9lHIyxHxvkbGLMViF6cNq9OIkY=
-16,-20,l+weiHsfjkft7+EPyP01RYtokqc=,qfeUOy5vdS6HKGDDERTLh4YHMUI=
-14,-20,l+weiHsfjkft7+EPyP01RYtokqc=,RFDUPlwLDoef/0M86A7y1i/c1zc=
-15,-20,l+weiHsfjkft7+EPyP01RYtokqc=,qfeUOy5vdS6HKGDDERTLh4YHMUI=
-16,-18,6su4p52GxgNebiPF2QL0Uh9mIZw=,rGXwy9X3Jqe7uAG/ghuK3Nv77hY=
-15,-19,6su4p52GxgNebiPF2QL0Uh9mIZw=,qfeUOy5vdS6HKGDDERTLh4YHMUI=
-15,-17,6su4p52GxgNebiPF2QL0Uh9mIZw=,rGXwy9X3Jqe7uAG/ghuK3Nv77hY=
-14,-17,6su4p52GxgNebiPF2QL0Uh9mIZw=,xXHGkbNxm6tZ/29gEu79LUZmolk=
-16,-19,6su4p52GxgNebiPF2QL0Uh9mIZw=,qfeUOy5vdS6HKGDDERTLh4YHMUI=
-15,-18,6su4p52GxgNebiPF2QL0Uh9mIZw=,rGXwy9X3Jqe7uAG/ghuK3Nv77hY=
-14,-19,6su4p52GxgNebiPF2QL0Uh9mIZw=,RFDUPlwLDoef/0M86A7y1i/c1zc=
-14,-18,6su4p52GxgNebiPF2QL0Uh9mIZw=,xXHGkbNxm6tZ/29gEu79LUZmolk=
-16,-17,6su4p52GxgNebiPF2QL0Uh9mIZw=,rGXwy9X3Jqe7uAG/ghuK3Nv77hY=
-19,-20,aj1MN7aRHIfK/q1Jg2uWrtsH28Y=,ppoHmbgforNdKDfRRrpbRPIFUWA=
-18,-20,aj1MN7aRHIfK/q1Jg2uWrtsH28Y=,wmjkhLzyTQzXl/bOXcd8MZHLOlw=
-18,-18,aj1MN7aRHIfK/q1Jg2uWrtsH28Y=,XD5tBpAiImJCAxIJcf7WhrhYbEM=
-19,-19,aj1MN7aRHIfK/q1Jg2uWrtsH28Y=,ppoHmbgforNdKDfRRrpbRPIFUWA=
-18,-19,aj1MN7aRHIfK/q1Jg2uWrtsH28Y=,wmjkhLzyTQzXl/bOXcd8MZHLOlw=
-19,-18,aj1MN7aRHIfK/q1Jg2uWrtsH28Y=,ptbFaRHycQZ1CCjupmgdZOof+80=
-21,-20,m1hjScghV9gFFkINOuYicz7VGOQ=,mRhkBbejh5iY5UqTgzyz4lFfRzM=
-20,-20,m1hjScghV9gFFkINOuYicz7VGOQ=,ppoHmbgforNdKDfRRrpbRPIFUWA=
-24,-20,m1hjScghV9gFFkINOuYicz7VGOQ=,PTVOrCR8I96rQYB+JpyDig/Z854=
-23,-20,m1hjScghV9gFFkINOuYicz7VGOQ=,PTVOrCR8I96rQYB+JpyDig/Z854=
-22,-20,m1hjScghV9gFFkINOuYicz7VGOQ=,mRhkBbejh5iY5UqTgzyz4lFfRzM=
-17,-20,m1hjScghV9gFFkINOuYicz7VGOQ=,wmjkhLzyTQzXl/bOXcd8MZHLOlw=
-17,-18,m1hjScghV9gFFkINOuYicz7VGOQ=,XD5tBpAiImJCAxIJcf7WhrhYbEM=
-17,-19,m1hjScghV9gFFkINOuYicz7VGOQ=,wmjkhLzyTQzXl/bOXcd8MZHLOlw=
-18,-17,m1hjScghV9gFFkINOuYicz7VGOQ=,XD5tBpAiImJCAxIJcf7WhrhYbEM=
-19,-17,m1hjScghV9gFFkINOuYicz7VGOQ=,ptbFaRHycQZ1CCjupmgdZOof+80=
-20,-17,m1hjScghV9gFFkINOuYicz7VGOQ=,ptbFaRHycQZ1CCjupmgdZOof+80=
-17,-17,m1hjScghV9gFFkINOuYicz7VGOQ=,XD5tBpAiImJCAxIJcf7WhrhYbEM=
-21,-18,m1hjScghV9gFFkINOuYicz7VGOQ=,aMnlXnmHKUCdemoL96ZC9+wtnqs=
-20,-19,m1hjScghV9gFFkINOuYicz7VGOQ=,ppoHmbgforNdKDfRRrpbRPIFUWA=
-20,-18,m1hjScghV9gFFkINOuYicz7VGOQ=,ptbFaRHycQZ1CCjupmgdZOof+80=
-21,-19,m1hjScghV9gFFkINOuYicz7VGOQ=,mRhkBbejh5iY5UqTgzyz4lFfRzM=
-21,-17,m1hjScghV9gFFkINOuYicz7VGOQ=,aMnlXnmHKUCdemoL96ZC9+wtnqs=
-23,-19,/JJLfRHAvlKkjlHXXA3rb0LoL2Y=,PTVOrCR8I96rQYB+JpyDig/Z854=
-24,-18,/JJLfRHAvlKkjlHXXA3rb0LoL2Y=,F44Ff+lv7P8MHzQ9c3kecJWTAzc=
-23,-17,/JJLfRHAvlKkjlHXXA3rb0LoL2Y=,F44Ff+lv7P8MHzQ9c3kecJWTAzc=
-22,-19,/JJLfRHAvlKkjlHXXA3rb0LoL2Y=,mRhkBbejh5iY5UqTgzyz4lFfRzM=
-23,-18,/JJLfRHAvlKkjlHXXA3rb0LoL2Y=,F44Ff+lv7P8MHzQ9c3kecJWTAzc=
-24,-19,/JJLfRHAvlKkjlHXXA3rb0LoL2Y=,PTVOrCR8I96rQYB+JpyDig/Z854=
-22,-17,/JJLfRHAvlKkjlHXXA3rb0LoL2Y=,aMnlXnmHKUCdemoL96ZC9+wtnqs=
-24,-17,/JJLfRHAvlKkjlHXXA3rb0LoL2Y=,F44Ff+lv7P8MHzQ9c3kecJWTAzc=
-22,-18,/JJLfRHAvlKkjlHXXA3rb0LoL2Y=,aMnlXnmHKUCdemoL96ZC9+wtnqs=
-22,-6,PURazvsv5yih6wBhI6+nktIoCVg=,m3JXFxLi2SO8fFR90/YtfIF/hos=
-23,-7,PURazvsv5yih6wBhI6+nktIoCVg=,HOFrbaGBWgKldzeeBdA6YJ+Tdm8=
-23,-6,PURazvsv5yih6wBhI6+nktIoCVg=,ED3TW6G3U62B103oU0YWYUq1FsU=
-22,-7,PURazvsv5yih6wBhI6+nktIoCVg=,470qL88vo8ac/RSOwluFlsWig/0=
-23,-8,MOs4/r2Z/doqRjo0ZLb+FZ+pf6M=,HOFrbaGBWgKldzeeBdA6YJ+Tdm8=
-22,-8,MOs4/r2Z/doqRjo0ZLb+FZ+pf6M=,470qL88vo8ac/RSOwluFlsWig/0=
-23,-9,MOs4/r2Z/doqRjo0ZLb+FZ+pf6M=,VtL2eUEkqfv+4vbb96Uf0HkZ24o=
-22,-9,GLgZ/he1rL6UOrVHZeowk6tNko8=,MXFU1k2N2+0uBhM1LMoYTIGRxz4=
-20,-8,GLgZ/he1rL6UOrVHZeowk6tNko8=,3E5MvSg3VuK9/xEbSmF7Bv7Sb7E=
-21,-8,GLgZ/he1rL6UOrVHZeowk6tNko8=,470qL88vo8ac/RSOwluFlsWig/0=
-21,-9,GLgZ/he1rL6UOrVHZeowk6tNko8=,MXFU1k2N2+0uBhM1LMoYTIGRxz4=
-20,-9,GLgZ/he1rL6UOrVHZeowk6tNko8=,2LsimJ2dQZZraCtZQ8HLsaWEPWc=
-21,-11,gICrjKMdNUf6BkgaOzW+uHye+VQ=,EO/h8J4mOYwg8cm2mGjYRgBAILc=
-20,-10,gICrjKMdNUf6BkgaOzW+uHye+VQ=,2LsimJ2dQZZraCtZQ8HLsaWEPWc=
-21,-10,gICrjKMdNUf6BkgaOzW+uHye+VQ=,MXFU1k2N2+0uBhM1LMoYTIGRxz4=
-20,-11,gICrjKMdNUf6BkgaOzW+uHye+VQ=,6PSCP/ETEelp6/mSdVA2x4dzUsc=
-21,-6,gICrjKMdNUf6BkgaOzW+uHye+VQ=,m3JXFxLi2SO8fFR90/YtfIF/hos=
-20,-6,gICrjKMdNUf6BkgaOzW+uHye+VQ=,CDje36gJDYJWG0kFN2Ykn9Auu8U=
-21,-7,gICrjKMdNUf6BkgaOzW+uHye+VQ=,470qL88vo8ac/RSOwluFlsWig/0=
-20,-7,gICrjKMdNUf6BkgaOzW+uHye+VQ=,3E5MvSg3VuK9/xEbSmF7Bv7Sb7E=
-19,-4,oyPYdoITQ1O6FhjbxqsTm6ubI8I=,158jnOfaxcdu2mkXS7Hkre2xaHw=
-18,-4,oyPYdoITQ1O6FhjbxqsTm6ubI8I=,iO9Ls9YhgRvpUuP7EbYlqJ+qJAA=
-19,-5,oyPYdoITQ1O6FhjbxqsTm6ubI8I=,CDje36gJDYJWG0kFN2Ykn9Auu8U=
-18,-5,oyPYdoITQ1O6FhjbxqsTm6ubI8I=,/R7i48sNRPffFzmhORaR22ISXBw=
-18,-2,oyPYdoITQ1O6FhjbxqsTm6ubI8I=,GlXN7lCvOXX2YjvCcnaziootz2M=
-18,-3,oyPYdoITQ1O6FhjbxqsTm6ubI8I=,iO9Ls9YhgRvpUuP7EbYlqJ+qJAA=
-19,-3,oyPYdoITQ1O6FhjbxqsTm6ubI8I=,158jnOfaxcdu2mkXS7Hkre2xaHw=
-19,-2,oyPYdoITQ1O6FhjbxqsTm6ubI8I=,H2fHZNE95lDlrc7FF0kehmhGRoA=
-18,-7,/dRSSENjco1zMapoD60aIlrjyAE=,Mv2LjaKRrFgJ0bj/+fVhBoxfbJg=
-19,-6,/dRSSENjco1zMapoD60aIlrjyAE=,CDje36gJDYJWG0kFN2Ykn9Auu8U=
-19,-7,/dRSSENjco1zMapoD60aIlrjyAE=,3E5MvSg3VuK9/xEbSmF7Bv7Sb7E=
-18,-6,/dRSSENjco1zMapoD60aIlrjyAE=,/R7i48sNRPffFzmhORaR22ISXBw=
-18,-9,Bi+k+wLKKczamd1tRx4zLA7i86A=,wvz5MFDIFY6b1J8AB4I6PFIr4xc=
-18,-8,Bi+k+wLKKczamd1tRx4zLA7i86A=,Mv2LjaKRrFgJ0bj/+fVhBoxfbJg=
-19,-9,Bi+k+wLKKczamd1tRx4zLA7i86A=,2LsimJ2dQZZraCtZQ8HLsaWEPWc=
-19,-8,Bi+k+wLKKczamd1tRx4zLA7i86A=,3E5MvSg3VuK9/xEbSmF7Bv7Sb7E=
-18,-11,Bi+k+wLKKczamd1tRx4zLA7i86A=,BkmL/QMuy/JY75C2kebtoijsGxY=
-19,-10,Bi+k+wLKKczamd1tRx4zLA7i86A=,2LsimJ2dQZZraCtZQ8HLsaWEPWc=
-19,-11,Bi+k+wLKKczamd1tRx4zLA7i86A=,6PSCP/ETEelp6/mSdVA2x4dzUsc=
-18,-10,Bi+k+wLKKczamd1tRx4zLA7i86A=,wvz5MFDIFY6b1J8AB4I6PFIr4xc=
-18,-12,GVOnZErXeFimxcd5/EnPHmlT3hU=,BkmL/QMuy/JY75C2kebtoijsGxY=
-19,-13,GVOnZErXeFimxcd5/EnPHmlT3hU=,MZCmp4OfNFjKBW6UBkpwmm3c320=
-18,-13,GVOnZErXeFimxcd5/EnPHmlT3hU=,y6HbZhYr0z191NnqJ51kjS14TP8=
-19,-12,GVOnZErXeFimxcd5/EnPHmlT3hU=,6PSCP/ETEelp6/mSdVA2x4dzUsc=
-20,-12,GVOnZErXeFimxcd5/EnPHmlT3hU=,6PSCP/ETEelp6/mSdVA2x4dzUsc=
-20,-13,GVOnZErXeFimxcd5/EnPHmlT3hU=,MZCmp4OfNFjKBW6UBkpwmm3c320=
-21,-13,GVOnZErXeFimxcd5/EnPHmlT3hU=,/7LCeR9ingrFiJMjYXtBeMKSZBM=
-21,-12,GVOnZErXeFimxcd5/EnPHmlT3hU=,EO/h8J4mOYwg8cm2mGjYRgBAILc=
-20,-14,GVOnZErXeFimxcd5/EnPHmlT3hU=,MZCmp4OfNFjKBW6UBkpwmm3c320=
-21,-14,GVOnZErXeFimxcd5/EnPHmlT3hU=,/7LCeR9ingrFiJMjYXtBeMKSZBM=
-20,-15,GVOnZErXeFimxcd5/EnPHmlT3hU=,DK/v6MK3fXY+eqTmvq+1Tkntn6k=
-21,-15,GVOnZErXeFimxcd5/EnPHmlT3hU=,30O5n/8sC7HcxF1qpJjUC7u4mAY=
-24,-14,n9S/OSGhxflJUBZJ4M7mUDB6kRE=,mkdGn1qa88AtZBUXuHT1ibSH8+E=
-23,-15,n9S/OSGhxflJUBZJ4M7mUDB6kRE=,8xYj1MgCfFAQLqeNu5l851nKcNU=
-24,-15,n9S/OSGhxflJUBZJ4M7mUDB6kRE=,8xYj1MgCfFAQLqeNu5l851nKcNU=
-17,-12,n9S/OSGhxflJUBZJ4M7mUDB6kRE=,BkmL/QMuy/JY75C2kebtoijsGxY=
-23,-14,n9S/OSGhxflJUBZJ4M7mUDB6kRE=,mkdGn1qa88AtZBUXuHT1ibSH8+E=
-17,-13,n9S/OSGhxflJUBZJ4M7mUDB6kRE=,y6HbZhYr0z191NnqJ51kjS14TP8=
-22,-15,n9S/OSGhxflJUBZJ4M7mUDB6kRE=,30O5n/8sC7HcxF1qpJjUC7u4mAY=
-22,-14,n9S/OSGhxflJUBZJ4M7mUDB6kRE=,/7LCeR9ingrFiJMjYXtBeMKSZBM=
-19,-16,n9S/OSGhxflJUBZJ4M7mUDB6kRE=,DK/v6MK3fXY+eqTmvq+1Tkntn6k=
-17,-11,n9S/OSGhxflJUBZJ4M7mUDB6kRE=,BkmL/QMuy/JY75C2kebtoijsGxY=
-18,-16,n9S/OSGhxflJUBZJ4M7mUDB6kRE=,C+qnOiaePmH7jcoRO5nSDSEOvU8=
-17,-8,n9S/OSGhxflJUBZJ4M7mUDB6kRE=,Mv2LjaKRrFgJ0bj/+fVhBoxfbJg=
-17,-9,n9S/OSGhxflJUBZJ4M7mUDB6kRE=,wvz5MFDIFY6b1J8AB4I6PFIr4xc=
-18,-14,n9S/OSGhxflJUBZJ4M7mUDB6kRE=,y6HbZhYr0z191NnqJ51kjS14TP8=
-19,-15,n9S/OSGhxflJUBZJ4M7mUDB6kRE=,DK/v6MK3fXY+eqTmvq+1Tkntn6k=
-19,-14,n9S/OSGhxflJUBZJ4M7mUDB6kRE=,MZCmp4OfNFjKBW6UBkpwmm3c320=
-18,-15,n9S/OSGhxflJUBZJ4M7mUDB6kRE=,C+qnOiaePmH7jcoRO5nSDSEOvU8=
-17,-14,n9S/OSGhxflJUBZJ4M7mUDB6kRE=,y6HbZhYr0z191NnqJ51kjS14TP8=
-17,-15,n9S/OSGhxflJUBZJ4M7mUDB6kRE=,C+qnOiaePmH7jcoRO5nSDSEOvU8=
-17,-10,n9S/OSGhxflJUBZJ4M7mUDB6kRE=,wvz5MFDIFY6b1J8AB4I6PFIr4xc=
-17,-7,n9S/OSGhxflJUBZJ4M7mUDB6kRE=,Mv2LjaKRrFgJ0bj/+fVhBoxfbJg=
-17,-6,n9S/OSGhxflJUBZJ4M7mUDB6kRE=,/R7i48sNRPffFzmhORaR22ISXBw=
-17,-2,n9S/OSGhxflJUBZJ4M7mUDB6kRE=,GlXN7lCvOXX2YjvCcnaziootz2M=
-17,-4,n9S/OSGhxflJUBZJ4M7mUDB6kRE=,iO9Ls9YhgRvpUuP7EbYlqJ+qJAA=
-17,-3,n9S/OSGhxflJUBZJ4M7mUDB6kRE=,iO9Ls9YhgRvpUuP7EbYlqJ+qJAA=
-17,-5,n9S/OSGhxflJUBZJ4M7mUDB6kRE=,/R7i48sNRPffFzmhORaR22ISXBw=
-23,-10,n9S/OSGhxflJUBZJ4M7mUDB6kRE=,VtL2eUEkqfv+4vbb96Uf0HkZ24o=
-24,-11,n9S/OSGhxflJUBZJ4M7mUDB6kRE=,1pAVLaqApljbkptFeN7rHYSc6QU=
-23,-12,n9S/OSGhxflJUBZJ4M7mUDB6kRE=,1pAVLaqApljbkptFeN7rHYSc6QU=
-22,-10,n9S/OSGhxflJUBZJ4M7mUDB6kRE=,MXFU1k2N2+0uBhM1LMoYTIGRxz4=
-23,-11,n9S/OSGhxflJUBZJ4M7mUDB6kRE=,1pAVLaqApljbkptFeN7rHYSc6QU=
-22,-11,n9S/OSGhxflJUBZJ4M7mUDB6kRE=,EO/h8J4mOYwg8cm2mGjYRgBAILc=
-22,-12,n9S/OSGhxflJUBZJ4M7mUDB6kRE=,EO/h8J4mOYwg8cm2mGjYRgBAILc=
-22,-13,n9S/OSGhxflJUBZJ4M7mUDB6kRE=,/7LCeR9ingrFiJMjYXtBeMKSZBM=
-24,-12,n9S/OSGhxflJUBZJ4M7mUDB6kRE=,1pAVLaqApljbkptFeN7rHYSc6QU=
-23,-13,n9S/OSGhxflJUBZJ4M7mUDB6kRE=,mkdGn1qa88AtZBUXuHT1ibSH8+E=
-24,-10,n9S/OSGhxflJUBZJ4M7mUDB6kRE=,VtL2eUEkqfv+4vbb96Uf0HkZ24o=
-24,-13,n9S/OSGhxflJUBZJ4M7mUDB6kRE=,mkdGn1qa88AtZBUXuHT1ibSH8+E=
-18,-1,ZPaJ77KiJbnwY+os1xT12UEee6s=,GlXN7lCvOXX2YjvCcnaziootz2M=
-19,-1,ZPaJ77KiJbnwY+os1xT12UEee6s=,H2fHZNE95lDlrc7FF0kehmhGRoA=
-20,-4,QsWajAan35/SUhBY980HE/jn+iE=,158jnOfaxcdu2mkXS7Hkre2xaHw=
-20,-5,QsWajAan35/SUhBY980HE/jn+iE=,CDje36gJDYJWG0kFN2Ykn9Auu8U=
-21,-4,QsWajAan35/SUhBY980HE/jn+iE=,+n62zQ2F6Gw9Pwp51UeQn9GsB7c=
-21,-5,QsWajAan35/SUhBY980HE/jn+iE=,m3JXFxLi2SO8fFR90/YtfIF/hos=
-20,-3,QsWajAan35/SUhBY980HE/jn+iE=,158jnOfaxcdu2mkXS7Hkre2xaHw=
-20,-2,QsWajAan35/SUhBY980HE/jn+iE=,H2fHZNE95lDlrc7FF0kehmhGRoA=
-21,-3,QsWajAan35/SUhBY980HE/jn+iE=,+n62zQ2F6Gw9Pwp51UeQn9GsB7c=
-21,-2,QsWajAan35/SUhBY980HE/jn+iE=,BhX+oUi72ym6DGO9SX41xZN1G9Q=
-24,-6,QsWajAan35/SUhBY980HE/jn+iE=,ED3TW6G3U62B103oU0YWYUq1FsU=
-24,-7,QsWajAan35/SUhBY980HE/jn+iE=,HOFrbaGBWgKldzeeBdA6YJ+Tdm8=
-24,-9,QsWajAan35/SUhBY980HE/jn+iE=,VtL2eUEkqfv+4vbb96Uf0HkZ24o=
-24,-8,QsWajAan35/SUhBY980HE/jn+iE=,HOFrbaGBWgKldzeeBdA6YJ+Tdm8=
-23,-5,QsWajAan35/SUhBY980HE/jn+iE=,ED3TW6G3U62B103oU0YWYUq1FsU=
-22,-4,QsWajAan35/SUhBY980HE/jn+iE=,+n62zQ2F6Gw9Pwp51UeQn9GsB7c=
-22,-5,QsWajAan35/SUhBY980HE/jn+iE=,m3JXFxLi2SO8fFR90/YtfIF/hos=
-24,-5,QsWajAan35/SUhBY980HE/jn+iE=,ED3TW6G3U62B103oU0YWYUq1FsU=
-24,-4,QsWajAan35/SUhBY980HE/jn+iE=,huAu5IbEFdzBEPfW2d3sh/sF/IQ=
-23,-4,QsWajAan35/SUhBY980HE/jn+iE=,huAu5IbEFdzBEPfW2d3sh/sF/IQ=
-17,-16,QsWajAan35/SUhBY980HE/jn+iE=,C+qnOiaePmH7jcoRO5nSDSEOvU8=
-17,-1,QsWajAan35/SUhBY980HE/jn+iE=,GlXN7lCvOXX2YjvCcnaziootz2M=
-23,-3,QsWajAan35/SUhBY980HE/jn+iE=,huAu5IbEFdzBEPfW2d3sh/sF/IQ=
-24,-3,QsWajAan35/SUhBY980HE/jn+iE=,huAu5IbEFdzBEPfW2d3sh/sF/IQ=
-20,-16,QsWajAan35/SUhBY980HE/jn+iE=,DK/v6MK3fXY+eqTmvq+1Tkntn6k=
-22,-3,QsWajAan35/SUhBY980HE/jn+iE=,+n62zQ2F6Gw9Pwp51UeQn9GsB7c=
-24,-2,QsWajAan35/SUhBY980HE/jn+iE=,t1xSSkTSOoMX97p3tBRXvACO8yU=
-23,-2,QsWajAan35/SUhBY980HE/jn+iE=,t1xSSkTSOoMX97p3tBRXvACO8yU=
-23,-16,QsWajAan35/SUhBY980HE/jn+iE=,8xYj1MgCfFAQLqeNu5l851nKcNU=
-22,-2,QsWajAan35/SUhBY980HE/jn+iE=,BhX+oUi72ym6DGO9SX41xZN1G9Q=
-21,-16,QsWajAan35/SUhBY980HE/jn+iE=,30O5n/8sC7HcxF1qpJjUC7u4mAY=
-22,-16,QsWajAan35/SUhBY980HE/jn+iE=,30O5n/8sC7HcxF1qpJjUC7u4mAY=
-22,-1,QsWajAan35/SUhBY980HE/jn+iE=,BhX+oUi72ym6DGO9SX41xZN1G9Q=
-24,-1,QsWajAan35/SUhBY980HE/jn+iE=,t1xSSkTSOoMX97p3tBRXvACO8yU=
-21,-1,QsWajAan35/SUhBY980HE/jn+iE=,BhX+oUi72ym6DGO9SX41xZN1G9Q=
-23,-1,QsWajAan35/SUhBY980HE/jn+iE=,t1xSSkTSOoMX97p3tBRXvACO8yU=
-20,-1,QsWajAan35/SUhBY980HE/jn+iE=,H2fHZNE95lDlrc7FF0kehmhGRoA=
-24,-16,QsWajAan35/SUhBY980HE/jn+iE=,8xYj1MgCfFAQLqeNu5l851nKcNU=
