44,14,yaBJthO2MkPUwtx5ltP1pgIgAbs=,/30zbDLpE2Hgbgrw1B8jWEwpw/I=
43,14,yaBJthO2MkPUwtx5ltP1pgIgAbs=,7N4CbRvzVAo8D5tORZ39IvEPS1c=
44,13,yaBJthO2MkPUwtx5ltP1pgIgAbs=,p+l6mb09tQe2kARFDsG5Ed2ZuVo=
43,13,yaBJthO2MkPUwtx5ltP1pgIgAbs=,UNx+AqXm/jbOj/0FGFDVvTukxIQ=
45,14,nLjz2mn1CtqjpDpWJbnW/E4D+xM=,/30zbDLpE2Hgbgrw1B8jWEwpw/I=
45,13,nLjz2mn1CtqjpDpWJbnW/E4D+xM=,p+l6mb09tQe2kARFDsG5Ed2ZuVo=
46,14,nLjz2mn1CtqjpDpWJbnW/E4D+xM=,omPv7ONwATN+Lg/xJzSPgKJbYe8=
46,13,nLjz2mn1CtqjpDpWJbnW/E4D+xM=,4DolIjCHhivejhg2Um6UZhMxw4Y=
43,12,3CRq8wnNzmfiLeV8cc4lJ7f+o2o=,UNx+AqXm/jbOj/0FGFDVvTukxIQ=
43,11,3CRq8wnNzmfiLeV8cc4lJ7f+o2o=,7uiEqIlos17nLt09L4MoOc8bQEs=
44,11,3CRq8wnNzmfiLeV8cc4lJ7f+o2o=,Drd7cqCkeO7OWhukPXmkxMYvYHw=
44,12,3CRq8wnNzmfiLeV8cc4lJ7f+o2o=,p+l6mb09tQe2kARFDsG5Ed2ZuVo=
46,12,wUO+/aYZuhQnR64K8TVqfDoEJqs=,4DolIjCHhivejhg2Um6UZhMxw4Y=
45,12,wUO+/aYZuhQnR64K8TVqfDoEJqs=,p+l6mb09tQe2kARFDsG5Ed2ZuVo=
45,11,wUO+/aYZuhQnR64K8TVqfDoEJqs=,Drd7cqCkeO7OWhukPXmkxMYvYHw=
46,11,wUO+/aYZuhQnR64K8TVqfDoEJqs=,x09Uaf2zCMmhAy9VqN57WFcC8VM=
46,10,wUO+/aYZuhQnR64K8TVqfDoEJqs=,x09Uaf2zCMmhAy9VqN57WFcC8VM=
45,9,wUO+/aYZuhQnR64K8TVqfDoEJqs=,xhuRWsllVp31tOnEMhf+1xrDhHk=
46,9,wUO+/aYZuhQnR64K8TVqfDoEJqs=,QccN5QWA0TaBZuF4PGCW5jOtMKE=
45,10,lamj002fSzryQeQREbqy/Q4BctM=,Drd7cqCkeO7OWhukPXmkxMYvYHw=
43,9,lamj002fSzryQeQREbqy/Q4BctM=,Aw0Ur3B5Kj2zx/COWVhRdB1K4HA=
44,9,lamj002fSzryQeQREbqy/Q4BctM=,xhuRWsllVp31tOnEMhf+1xrDhHk=
44,10,lamj002fSzryQeQREbqy/Q4BctM=,Drd7cqCkeO7OWhukPXmkxMYvYHw=
43,10,lamj002fSzryQeQREbqy/Q4BctM=,7uiEqIlos17nLt09L4MoOc8bQEs=
44,8,2wEscG2j4xWYprHxgtQEkNKoFLs=,xhuRWsllVp31tOnEMhf+1xrDhHk=
43,8,2wEscG2j4xWYprHxgtQEkNKoFLs=,Aw0Ur3B5Kj2zx/COWVhRdB1K4HA=
43,7,2wEscG2j4xWYprHxgtQEkNKoFLs=,uaL33tF+x4HsS+dKbVcjDyNW+0w=
44,7,2wEscG2j4xWYprHxgtQEkNKoFLs=,vSYcqM2Wy+tLJHd8D3trybbjhkI=
46,8,2wEscG2j4xWYprHxgtQEkNKoFLs=,QccN5QWA0TaBZuF4PGCW5jOtMKE=
45,8,2wEscG2j4xWYprHxgtQEkNKoFLs=,xhuRWsllVp31tOnEMhf+1xrDhHk=
45,7,2wEscG2j4xWYprHxgtQEkNKoFLs=,vSYcqM2Wy+tLJHd8D3trybbjhkI=
46,7,2wEscG2j4xWYprHxgtQEkNKoFLs=,7b1ad+tBBnmZhSHUAGMtZ36gFDg=
44,6,pLEPUUC77S9q2Hk63kuPXksienM=,vSYcqM2Wy+tLJHd8D3trybbjhkI=
43,5,pLEPUUC77S9q2Hk63kuPXksienM=,g683ow7dIGCqFHFapJdeW1hX8s4=
44,5,pLEPUUC77S9q2Hk63kuPXksienM=,K7COgNZQuk64/7Nejje2brOPm54=
43,6,pLEPUUC77S9q2Hk63kuPXksienM=,uaL33tF+x4HsS+dKbVcjDyNW+0w=
45,6,pLEPUUC77S9q2Hk63kuPXksienM=,vSYcqM2Wy+tLJHd8D3trybbjhkI=
45,5,pLEPUUC77S9q2Hk63kuPXksienM=,K7COgNZQuk64/7Nejje2brOPm54=
46,6,pLEPUUC77S9q2Hk63kuPXksienM=,7b1ad+tBBnmZhSHUAGMtZ36gFDg=
46,5,pLEPUUC77S9q2Hk63kuPXksienM=,uvsc2widIgCkJuB90mYG5g8pciA=
44,3,pLEPUUC77S9q2Hk63kuPXksienM=,bVv6+W7Zc0yCsDuDPmLHF23XS8o=
43,4,pLEPUUC77S9q2Hk63kuPXksienM=,g683ow7dIGCqFHFapJdeW1hX8s4=
43,3,pLEPUUC77S9q2Hk63kuPXksienM=,5gW+NywcvQzsbwgKPs9Ypfv6i6U=
44,4,pLEPUUC77S9q2Hk63kuPXksienM=,K7COgNZQuk64/7Nejje2brOPm54=
46,3,zD/yQVT9jRCp2BjpozEOMwptxME=,VtQGPM5w9oLuNxGn48PEurwwJ3o=
45,3,zD/yQVT9jRCp2BjpozEOMwptxME=,bVv6+W7Zc0yCsDuDPmLHF23XS8o=
46,4,zD/yQVT9jRCp2BjpozEOMwptxME=,uvsc2widIgCkJuB90mYG5g8pciA=
45,4,zD/yQVT9jRCp2BjpozEOMwptxME=,K7COgNZQuk64/7Nejje2brOPm54=
44,1,zD/yQVT9jRCp2BjpozEOMwptxME=,UwJmtXclvhhXRcV04lgtAk33Mf4=
43,1,zD/yQVT9jRCp2BjpozEOMwptxME=,4kFLyMwamzQMTN7dcgmznGvSEuY=
44,2,zD/yQVT9jRCp2BjpozEOMwptxME=,bVv6+W7Zc0yCsDuDPmLHF23XS8o=
43,2,zD/yQVT9jRCp2BjpozEOMwptxME=,5gW+NywcvQzsbwgKPs9Ypfv6i6U=
45,1,zD/yQVT9jRCp2BjpozEOMwptxME=,UwJmtXclvhhXRcV04lgtAk33Mf4=
45,2,zD/yQVT9jRCp2BjpozEOMwptxME=,bVv6+W7Zc0yCsDuDPmLHF23XS8o=
46,1,zD/yQVT9jRCp2BjpozEOMwptxME=,V6DLIo+SVbbz6fU3EElxI1hupkk=
46,2,zD/yQVT9jRCp2BjpozEOMwptxME=,VtQGPM5w9oLuNxGn48PEurwwJ3o=
42,2,LY3berqzfN9miJTvhXF2cBQsHHM=,5gW+NywcvQzsbwgKPs9Ypfv6i6U=
41,1,LY3berqzfN9miJTvhXF2cBQsHHM=,HAgKENvjdU0NUMvIianct82k2BM=
42,1,LY3berqzfN9miJTvhXF2cBQsHHM=,4kFLyMwamzQMTN7dcgmznGvSEuY=
41,2,LY3berqzfN9miJTvhXF2cBQsHHM=,YUr52qYeJML1ySEVsG4CXUhCiXE=
39,1,LY3berqzfN9miJTvhXF2cBQsHHM=,uf0QTtDjq1tCkqwEFlsnGFiHFRo=
40,2,LY3berqzfN9miJTvhXF2cBQsHHM=,YUr52qYeJML1ySEVsG4CXUhCiXE=
39,2,LY3berqzfN9miJTvhXF2cBQsHHM=,g2h/zt0yrt8UUFjH7Pe+u+ZYMHc=
40,1,LY3berqzfN9miJTvhXF2cBQsHHM=,HAgKENvjdU0NUMvIianct82k2BM=
38,2,9VpL5+f+TsTQ7eGsUFOisZsVnyg=,g2h/zt0yrt8UUFjH7Pe+u+ZYMHc=
37,1,9VpL5+f+TsTQ7eGsUFOisZsVnyg=,E/UpxsR9Cx1oj9puwH1bC7w/YK4=
38,1,9VpL5+f+TsTQ7eGsUFOisZsVnyg=,uf0QTtDjq1tCkqwEFlsnGFiHFRo=
37,2,9VpL5+f+TsTQ7eGsUFOisZsVnyg=,+G7ol4N6ZfeOxHrX1R5DR/4C2wc=
36,2,9VpL5+f+TsTQ7eGsUFOisZsVnyg=,+G7ol4N6ZfeOxHrX1R5DR/4C2wc=
35,1,9VpL5+f+TsTQ7eGsUFOisZsVnyg=,GcHQdffoT14ZFg5MIGdFosF6g1g=
35,2,9VpL5+f+TsTQ7eGsUFOisZsVnyg=,93KZQ7BL7ITPGmoEbZ91DpcIK/M=
36,1,9VpL5+f+TsTQ7eGsUFOisZsVnyg=,E/UpxsR9Cx1oj9puwH1bC7w/YK4=
34,1,tkJaG7D1Qle9NTiK7tdt6ymCRak=,GcHQdffoT14ZFg5MIGdFosF6g1g=
34,2,tkJaG7D1Qle9NTiK7tdt6ymCRak=,93KZQ7BL7ITPGmoEbZ91DpcIK/M=
33,2,tkJaG7D1Qle9NTiK7tdt6ymCRak=,9DP6RhgMhHW9k3VtoD7gpSJs5gQ=
33,1,tkJaG7D1Qle9NTiK7tdt6ymCRak=,E42P5KkW9l56PYuu4lccjjv+dSA=
33,3,tkJaG7D1Qle9NTiK7tdt6ymCRak=,9DP6RhgMhHW9k3VtoD7gpSJs5gQ=
34,3,tkJaG7D1Qle9NTiK7tdt6ymCRak=,93KZQ7BL7ITPGmoEbZ91DpcIK/M=
34,4,tkJaG7D1Qle9NTiK7tdt6ymCRak=,Dns3YlNThv/1ppZTFrx/vuIMeoY=
33,4,tkJaG7D1Qle9NTiK7tdt6ymCRak=,2V8ZiFuM70nGfBURa1ZldERqXtU=
34,6,5//vkEzxbAQUCAfIDiGdjoZKACQ=,/61+47Yh64u8vBlUbS551e+JfKQ=
33,5,5//vkEzxbAQUCAfIDiGdjoZKACQ=,2V8ZiFuM70nGfBURa1ZldERqXtU=
34,5,5//vkEzxbAQUCAfIDiGdjoZKACQ=,Dns3YlNThv/1ppZTFrx/vuIMeoY=
33,6,5//vkEzxbAQUCAfIDiGdjoZKACQ=,rQ3HIjslwRkFjEfp/a6Hm+Wt9YM=
33,7,24UWRL4W9tZVdziUzGEL6sLnAnA=,rQ3HIjslwRkFjEfp/a6Hm+Wt9YM=
33,8,24UWRL4W9tZVdziUzGEL6sLnAnA=,x7URrJpW85iIDMCu+EtWITBpB6M=
34,8,24UWRL4W9tZVdziUzGEL6sLnAnA=,3fmkcLmZJxfBLbqFXxn5L+gsK4o=
34,7,24UWRL4W9tZVdziUzGEL6sLnAnA=,/61+47Yh64u8vBlUbS551e+JfKQ=
33,10,tVLxVfkTPdtNHE/KTQErhB67hY4=,henHApnJmzF4BMhaJA6fDwbvOb0=
34,9,tVLxVfkTPdtNHE/KTQErhB67hY4=,3fmkcLmZJxfBLbqFXxn5L+gsK4o=
33,9,tVLxVfkTPdtNHE/KTQErhB67hY4=,x7URrJpW85iIDMCu+EtWITBpB6M=
34,10,tVLxVfkTPdtNHE/KTQErhB67hY4=,gx4crDv5ow9Ryr+RBZDJaxhtMNY=
34,12,tVLxVfkTPdtNHE/KTQErhB67hY4=,vvzK2RAfOhJ0vu7E1AA+HmQp5Ao=
34,11,tVLxVfkTPdtNHE/KTQErhB67hY4=,gx4crDv5ow9Ryr+RBZDJaxhtMNY=
33,12,tVLxVfkTPdtNHE/KTQErhB67hY4=,6CBXrd/IY75/InuoK7z+7hzuG+U=
33,11,tVLxVfkTPdtNHE/KTQErhB67hY4=,henHApnJmzF4BMhaJA6fDwbvOb0=
34,14,3FODFU3WNLXXJzRP7L4Mc2pKZn0=,5bHVE1klnQwc9dGYpgWu6QyQfVM=
33,14,3FODFU3WNLXXJzRP7L4Mc2pKZn0=,V5fOHl8s+DRjQt4Vgp/wSw2gl1k=
33,13,3FODFU3WNLXXJzRP7L4Mc2pKZn0=,6CBXrd/IY75/InuoK7z+7hzuG+U=
34,13,3FODFU3WNLXXJzRP7L4Mc2pKZn0=,vvzK2RAfOhJ0vu7E1AA+HmQp5Ao=
36,14,3FODFU3WNLXXJzRP7L4Mc2pKZn0=,c7Vpsfc0HNLNSsqTJ6ujYbMQMC0=
36,13,3FODFU3WNLXXJzRP7L4Mc2pKZn0=,ysp7+8FAm8ItW5vi2fFCYQSssQ4=
35,14,3FODFU3WNLXXJzRP7L4Mc2pKZn0=,5bHVE1klnQwc9dGYpgWu6QyQfVM=
35,13,3FODFU3WNLXXJzRP7L4Mc2pKZn0=,vvzK2RAfOhJ0vu7E1AA+HmQp5Ao=
36,12,/yK4CLLMbfuCdAaXqufvesYSPc8=,ysp7+8FAm8ItW5vi2fFCYQSssQ4=
36,11,/yK4CLLMbfuCdAaXqufvesYSPc8=,jpGqLE9idWqYDnOsLsVW7hXlryQ=
35,12,/yK4CLLMbfuCdAaXqufvesYSPc8=,vvzK2RAfOhJ0vu7E1AA+HmQp5Ao=
35,11,/yK4CLLMbfuCdAaXqufvesYSPc8=,gx4crDv5ow9Ryr+RBZDJaxhtMNY=
38,11,/yK4CLLMbfuCdAaXqufvesYSPc8=,Mre0m8DJVgxB5y+v9/oDSLPx+hw=
38,12,/yK4CLLMbfuCdAaXqufvesYSPc8=,inum/ao36OnIrytDG5unRK/EbTY=
37,12,/yK4CLLMbfuCdAaXqufvesYSPc8=,ysp7+8FAm8ItW5vi2fFCYQSssQ4=
37,11,/yK4CLLMbfuCdAaXqufvesYSPc8=,jpGqLE9idWqYDnOsLsVW7hXlryQ=
40,12,T6q4147qJob4ATKvgBIo8UcZgvw=,akhjFUQHoazgp6uNpqZ6cCYWv2A=
39,11,T6q4147qJob4ATKvgBIo8UcZgvw=,Mre0m8DJVgxB5y+v9/oDSLPx+hw=
40,11,T6q4147qJob4ATKvgBIo8UcZgvw=,QDsmZe02nvzuFJG1olY0tGP/FsQ=
41,12,T6q4147qJob4ATKvgBIo8UcZgvw=,akhjFUQHoazgp6uNpqZ6cCYWv2A=
42,12,T6q4147qJob4ATKvgBIo8UcZgvw=,UNx+AqXm/jbOj/0FGFDVvTukxIQ=
42,11,T6q4147qJob4ATKvgBIo8UcZgvw=,7uiEqIlos17nLt09L4MoOc8bQEs=
39,12,T6q4147qJob4ATKvgBIo8UcZgvw=,inum/ao36OnIrytDG5unRK/EbTY=
41,11,T6q4147qJob4ATKvgBIo8UcZgvw=,QDsmZe02nvzuFJG1olY0tGP/FsQ=
42,14,T6q4147qJob4ATKvgBIo8UcZgvw=,7N4CbRvzVAo8D5tORZ39IvEPS1c=
41,14,T6q4147qJob4ATKvgBIo8UcZgvw=,8EvHTuOpfijIcVQc7NBr0a+NTY4=
42,13,T6q4147qJob4ATKvgBIo8UcZgvw=,UNx+AqXm/jbOj/0FGFDVvTukxIQ=
41,13,T6q4147qJob4ATKvgBIo8UcZgvw=,akhjFUQHoazgp6uNpqZ6cCYWv2A=
37,14,KYoPnOmsVI6y0zYB7MjKIqwdgWI=,c7Vpsfc0HNLNSsqTJ6ujYbMQMC0=
39,14,KYoPnOmsVI6y0zYB7MjKIqwdgWI=,7+QZ45EN4z4FUfpCZ04fPtciBjo=
40,13,KYoPnOmsVI6y0zYB7MjKIqwdgWI=,akhjFUQHoazgp6uNpqZ6cCYWv2A=
40,14,KYoPnOmsVI6y0zYB7MjKIqwdgWI=,8EvHTuOpfijIcVQc7NBr0a+NTY4=
37,13,KYoPnOmsVI6y0zYB7MjKIqwdgWI=,ysp7+8FAm8ItW5vi2fFCYQSssQ4=
38,13,KYoPnOmsVI6y0zYB7MjKIqwdgWI=,inum/ao36OnIrytDG5unRK/EbTY=
39,13,KYoPnOmsVI6y0zYB7MjKIqwdgWI=,inum/ao36OnIrytDG5unRK/EbTY=
38,14,KYoPnOmsVI6y0zYB7MjKIqwdgWI=,7+QZ45EN4z4FUfpCZ04fPtciBjo=
42,10,KYoPnOmsVI6y0zYB7MjKIqwdgWI=,7uiEqIlos17nLt09L4MoOc8bQEs=
41,10,KYoPnOmsVI6y0zYB7MjKIqwdgWI=,QDsmZe02nvzuFJG1olY0tGP/FsQ=
42,9,KYoPnOmsVI6y0zYB7MjKIqwdgWI=,Aw0Ur3B5Kj2zx/COWVhRdB1K4HA=
41,9,KYoPnOmsVI6y0zYB7MjKIqwdgWI=,wt5sm59aeRDcgJLw7JZjpxg0skw=
42,8,xusdCWrW4AmrDGm3dvES10pzKPs=,Aw0Ur3B5Kj2zx/COWVhRdB1K4HA=
42,7,xusdCWrW4AmrDGm3dvES10pzKPs=,uaL33tF+x4HsS+dKbVcjDyNW+0w=
41,8,xusdCWrW4AmrDGm3dvES10pzKPs=,wt5sm59aeRDcgJLw7JZjpxg0skw=
41,7,xusdCWrW4AmrDGm3dvES10pzKPs=,Z6UmQAm3Cpp7+IIjJFSxgFYT4rM=
39,7,1Up0qMnLhjkGv9piUVGLLbd7h00=,TlGX1WxZi5HdjcnHkp7MWKqQFJc=
40,8,1Up0qMnLhjkGv9piUVGLLbd7h00=,wt5sm59aeRDcgJLw7JZjpxg0skw=
40,10,1Up0qMnLhjkGv9piUVGLLbd7h00=,QDsmZe02nvzuFJG1olY0tGP/FsQ=
40,9,1Up0qMnLhjkGv9piUVGLLbd7h00=,wt5sm59aeRDcgJLw7JZjpxg0skw=
39,8,1Up0qMnLhjkGv9piUVGLLbd7h00=,iPzizg74SPIwCk5iADlC+VQCefc=
39,10,1Up0qMnLhjkGv9piUVGLLbd7h00=,Mre0m8DJVgxB5y+v9/oDSLPx+hw=
40,7,1Up0qMnLhjkGv9piUVGLLbd7h00=,Z6UmQAm3Cpp7+IIjJFSxgFYT4rM=
39,9,1Up0qMnLhjkGv9piUVGLLbd7h00=,iPzizg74SPIwCk5iADlC+VQCefc=
42,6,1Up0qMnLhjkGv9piUVGLLbd7h00=,uaL33tF+x4HsS+dKbVcjDyNW+0w=
41,5,1Up0qMnLhjkGv9piUVGLLbd7h00=,HDn8END41fRI9WGkRY7BG0ahs4Q=
42,3,1Up0qMnLhjkGv9piUVGLLbd7h00=,5gW+NywcvQzsbwgKPs9Ypfv6i6U=
42,4,1Up0qMnLhjkGv9piUVGLLbd7h00=,g683ow7dIGCqFHFapJdeW1hX8s4=
41,3,1Up0qMnLhjkGv9piUVGLLbd7h00=,YUr52qYeJML1ySEVsG4CXUhCiXE=
41,6,1Up0qMnLhjkGv9piUVGLLbd7h00=,Z6UmQAm3Cpp7+IIjJFSxgFYT4rM=
41,4,1Up0qMnLhjkGv9piUVGLLbd7h00=,HDn8END41fRI9WGkRY7BG0ahs4Q=
42,5,1Up0qMnLhjkGv9piUVGLLbd7h00=,g683ow7dIGCqFHFapJdeW1hX8s4=
39,3,FWYwBWTiX6xR0FuWMCUXM7r0okg=,g2h/zt0yrt8UUFjH7Pe+u+ZYMHc=
40,6,FWYwBWTiX6xR0FuWMCUXM7r0okg=,Z6UmQAm3Cpp7+IIjJFSxgFYT4rM=
40,5,FWYwBWTiX6xR0FuWMCUXM7r0okg=,HDn8END41fRI9WGkRY7BG0ahs4Q=
39,6,FWYwBWTiX6xR0FuWMCUXM7r0okg=,TlGX1WxZi5HdjcnHkp7MWKqQFJc=
39,5,FWYwBWTiX6xR0FuWMCUXM7r0okg=,sZwnYbywEtyK1HgmrRFHjdAKZTU=
40,4,FWYwBWTiX6xR0FuWMCUXM7r0okg=,HDn8END41fRI9WGkRY7BG0ahs4Q=
39,4,FWYwBWTiX6xR0FuWMCUXM7r0okg=,sZwnYbywEtyK1HgmrRFHjdAKZTU=
40,3,FWYwBWTiX6xR0FuWMCUXM7r0okg=,YUr52qYeJML1ySEVsG4CXUhCiXE=
47,8,FWYwBWTiX6xR0FuWMCUXM7r0okg=,QccN5QWA0TaBZuF4PGCW5jOtMKE=
47,7,FWYwBWTiX6xR0FuWMCUXM7r0okg=,7b1ad+tBBnmZhSHUAGMtZ36gFDg=
38,10,FWYwBWTiX6xR0FuWMCUXM7r0okg=,Mre0m8DJVgxB5y+v9/oDSLPx+hw=
35,9,FWYwBWTiX6xR0FuWMCUXM7r0okg=,3fmkcLmZJxfBLbqFXxn5L+gsK4o=
38,9,FWYwBWTiX6xR0FuWMCUXM7r0okg=,iPzizg74SPIwCk5iADlC+VQCefc=
36,10,FWYwBWTiX6xR0FuWMCUXM7r0okg=,jpGqLE9idWqYDnOsLsVW7hXlryQ=
36,9,FWYwBWTiX6xR0FuWMCUXM7r0okg=,YkOr8NvE7oWnf0i7w0+g43kn34E=
35,10,FWYwBWTiX6xR0FuWMCUXM7r0okg=,gx4crDv5ow9Ryr+RBZDJaxhtMNY=
37,10,FWYwBWTiX6xR0FuWMCUXM7r0okg=,jpGqLE9idWqYDnOsLsVW7hXlryQ=
37,9,FWYwBWTiX6xR0FuWMCUXM7r0okg=,YkOr8NvE7oWnf0i7w0+g43kn34E=
47,10,FWYwBWTiX6xR0FuWMCUXM7r0okg=,x09Uaf2zCMmhAy9VqN57WFcC8VM=
47,9,FWYwBWTiX6xR0FuWMCUXM7r0okg=,QccN5QWA0TaBZuF4PGCW5jOtMKE=
47,11,FWYwBWTiX6xR0FuWMCUXM7r0okg=,x09Uaf2zCMmhAy9VqN57WFcC8VM=
47,12,FWYwBWTiX6xR0FuWMCUXM7r0okg=,4DolIjCHhivejhg2Um6UZhMxw4Y=
47,14,FWYwBWTiX6xR0FuWMCUXM7r0okg=,omPv7ONwATN+Lg/xJzSPgKJbYe8=
47,13,lo3KIeHDxGUZj7yK/ymcKDfW1HI=,4DolIjCHhivejhg2Um6UZhMxw4Y=
35,7,lo3KIeHDxGUZj7yK/ymcKDfW1HI=,/61+47Yh64u8vBlUbS551e+JfKQ=
38,7,lo3KIeHDxGUZj7yK/ymcKDfW1HI=,TlGX1WxZi5HdjcnHkp7MWKqQFJc=
35,8,lo3KIeHDxGUZj7yK/ymcKDfW1HI=,3fmkcLmZJxfBLbqFXxn5L+gsK4o=
36,7,lo3KIeHDxGUZj7yK/ymcKDfW1HI=,bmqbq5pM4kD4QdV8QC6vnoZYrts=
36,8,lo3KIeHDxGUZj7yK/ymcKDfW1HI=,YkOr8NvE7oWnf0i7w0+g43kn34E=
38,8,lo3KIeHDxGUZj7yK/ymcKDfW1HI=,iPzizg74SPIwCk5iADlC+VQCefc=
37,7,lo3KIeHDxGUZj7yK/ymcKDfW1HI=,bmqbq5pM4kD4QdV8QC6vnoZYrts=
37,8,lo3KIeHDxGUZj7yK/ymcKDfW1HI=,YkOr8NvE7oWnf0i7w0+g43kn34E=
35,5,lo3KIeHDxGUZj7yK/ymcKDfW1HI=,Dns3YlNThv/1ppZTFrx/vuIMeoY=
38,5,lo3KIeHDxGUZj7yK/ymcKDfW1HI=,sZwnYbywEtyK1HgmrRFHjdAKZTU=
37,5,lo3KIeHDxGUZj7yK/ymcKDfW1HI=,b43IMNzZ/EiVy6tCfxLvvV1dG20=
38,3,lo3KIeHDxGUZj7yK/ymcKDfW1HI=,g2h/zt0yrt8UUFjH7Pe+u+ZYMHc=
46,15,lo3KIeHDxGUZj7yK/ymcKDfW1HI=,omPv7ONwATN+Lg/xJzSPgKJbYe8=
35,3,lo3KIeHDxGUZj7yK/ymcKDfW1HI=,93KZQ7BL7ITPGmoEbZ91DpcIK/M=
45,15,lo3KIeHDxGUZj7yK/ymcKDfW1HI=,/30zbDLpE2Hgbgrw1B8jWEwpw/I=
37,6,lo3KIeHDxGUZj7yK/ymcKDfW1HI=,bmqbq5pM4kD4QdV8QC6vnoZYrts=
38,6,lo3KIeHDxGUZj7yK/ymcKDfW1HI=,TlGX1WxZi5HdjcnHkp7MWKqQFJc=
36,6,lo3KIeHDxGUZj7yK/ymcKDfW1HI=,bmqbq5pM4kD4QdV8QC6vnoZYrts=
36,5,lo3KIeHDxGUZj7yK/ymcKDfW1HI=,b43IMNzZ/EiVy6tCfxLvvV1dG20=
35,6,lo3KIeHDxGUZj7yK/ymcKDfW1HI=,/61+47Yh64u8vBlUbS551e+JfKQ=
37,4,lo3KIeHDxGUZj7yK/ymcKDfW1HI=,b43IMNzZ/EiVy6tCfxLvvV1dG20=
36,4,lo3KIeHDxGUZj7yK/ymcKDfW1HI=,b43IMNzZ/EiVy6tCfxLvvV1dG20=
36,3,lo3KIeHDxGUZj7yK/ymcKDfW1HI=,+G7ol4N6ZfeOxHrX1R5DR/4C2wc=
35,4,lo3KIeHDxGUZj7yK/ymcKDfW1HI=,Dns3YlNThv/1ppZTFrx/vuIMeoY=
44,15,lo3KIeHDxGUZj7yK/ymcKDfW1HI=,/30zbDLpE2Hgbgrw1B8jWEwpw/I=
43,15,lo3KIeHDxGUZj7yK/ymcKDfW1HI=,7N4CbRvzVAo8D5tORZ39IvEPS1c=
38,4,lo3KIeHDxGUZj7yK/ymcKDfW1HI=,sZwnYbywEtyK1HgmrRFHjdAKZTU=
37,3,lo3KIeHDxGUZj7yK/ymcKDfW1HI=,+G7ol4N6ZfeOxHrX1R5DR/4C2wc=
42,15,lo3KIeHDxGUZj7yK/ymcKDfW1HI=,7N4CbRvzVAo8D5tORZ39IvEPS1c=
41,15,lo3KIeHDxGUZj7yK/ymcKDfW1HI=,8EvHTuOpfijIcVQc7NBr0a+NTY4=
32,13,lo3KIeHDxGUZj7yK/ymcKDfW1HI=,6CBXrd/IY75/InuoK7z+7hzuG+U=
32,14,lo3KIeHDxGUZj7yK/ymcKDfW1HI=,V5fOHl8s+DRjQt4Vgp/wSw2gl1k=
35,15,lo3KIeHDxGUZj7yK/ymcKDfW1HI=,5bHVE1klnQwc9dGYpgWu6QyQfVM=
36,15,lo3KIeHDxGUZj7yK/ymcKDfW1HI=,c7Vpsfc0HNLNSsqTJ6ujYbMQMC0=
32,12,lo3KIeHDxGUZj7yK/ymcKDfW1HI=,6CBXrd/IY75/InuoK7z+7hzuG+U=
32,10,lo3KIeHDxGUZj7yK/ymcKDfW1HI=,henHApnJmzF4BMhaJA6fDwbvOb0=
33,15,lo3KIeHDxGUZj7yK/ymcKDfW1HI=,V5fOHl8s+DRjQt4Vgp/wSw2gl1k=
32,11,lo3KIeHDxGUZj7yK/ymcKDfW1HI=,henHApnJmzF4BMhaJA6fDwbvOb0=
34,15,lo3KIeHDxGUZj7yK/ymcKDfW1HI=,5bHVE1klnQwc9dGYpgWu6QyQfVM=
32,9,lo3KIeHDxGUZj7yK/ymcKDfW1HI=,x7URrJpW85iIDMCu+EtWITBpB6M=
40,15,lo3KIeHDxGUZj7yK/ymcKDfW1HI=,8EvHTuOpfijIcVQc7NBr0a+NTY4=
39,15,lo3KIeHDxGUZj7yK/ymcKDfW1HI=,7+QZ45EN4z4FUfpCZ04fPtciBjo=
37,15,lo3KIeHDxGUZj7yK/ymcKDfW1HI=,c7Vpsfc0HNLNSsqTJ6ujYbMQMC0=
38,15,lo3KIeHDxGUZj7yK/ymcKDfW1HI=,7+QZ45EN4z4FUfpCZ04fPtciBjo=
32,8,lo3KIeHDxGUZj7yK/ymcKDfW1HI=,x7URrJpW85iIDMCu+EtWITBpB6M=
32,7,lo3KIeHDxGUZj7yK/ymcKDfW1HI=,rQ3HIjslwRkFjEfp/a6Hm+Wt9YM=
32,5,lo3KIeHDxGUZj7yK/ymcKDfW1HI=,2V8ZiFuM70nGfBURa1ZldERqXtU=
32,6,lo3KIeHDxGUZj7yK/ymcKDfW1HI=,rQ3HIjslwRkFjEfp/a6Hm+Wt9YM=
32,2,oRlgZVW0vGOGcQbsCkLjFMacDYg=,9DP6RhgMhHW9k3VtoD7gpSJs5gQ=
32,3,oRlgZVW0vGOGcQbsCkLjFMacDYg=,9DP6RhgMhHW9k3VtoD7gpSJs5gQ=
32,4,oRlgZVW0vGOGcQbsCkLjFMacDYg=,2V8ZiFuM70nGfBURa1ZldERqXtU=
32,1,oRlgZVW0vGOGcQbsCkLjFMacDYg=,E42P5KkW9l56PYuu4lccjjv+dSA=
33,0,oRlgZVW0vGOGcQbsCkLjFMacDYg=,E42P5KkW9l56PYuu4lccjjv+dSA=
34,0,oRlgZVW0vGOGcQbsCkLjFMacDYg=,GcHQdffoT14ZFg5MIGdFosF6g1g=
38,0,oRlgZVW0vGOGcQbsCkLjFMacDYg=,uf0QTtDjq1tCkqwEFlsnGFiHFRo=
37,0,oRlgZVW0vGOGcQbsCkLjFMacDYg=,E/UpxsR9Cx1oj9puwH1bC7w/YK4=
36,0,oRlgZVW0vGOGcQbsCkLjFMacDYg=,E/UpxsR9Cx1oj9puwH1bC7w/YK4=
35,0,oRlgZVW0vGOGcQbsCkLjFMacDYg=,GcHQdffoT14ZFg5MIGdFosF6g1g=
41,0,oRlgZVW0vGOGcQbsCkLjFMacDYg=,HAgKENvjdU0NUMvIianct82k2BM=
42,0,oRlgZVW0vGOGcQbsCkLjFMacDYg=,4kFLyMwamzQMTN7dcgmznGvSEuY=
39,0,oRlgZVW0vGOGcQbsCkLjFMacDYg=,uf0QTtDjq1tCkqwEFlsnGFiHFRo=
40,0,oRlgZVW0vGOGcQbsCkLjFMacDYg=,HAgKENvjdU0NUMvIianct82k2BM=
44,0,oRlgZVW0vGOGcQbsCkLjFMacDYg=,UwJmtXclvhhXRcV04lgtAk33Mf4=
43,0,oRlgZVW0vGOGcQbsCkLjFMacDYg=,4kFLyMwamzQMTN7dcgmznGvSEuY=
45,0,oRlgZVW0vGOGcQbsCkLjFMacDYg=,UwJmtXclvhhXRcV04lgtAk33Mf4=
46,0,oRlgZVW0vGOGcQbsCkLjFMacDYg=,V6DLIo+SVbbz6fU3EElxI1hupkk=
47,0,oRlgZVW0vGOGcQbsCkLjFMacDYg=,V6DLIo+SVbbz6fU3EElxI1hupkk=
47,5,oRlgZVW0vGOGcQbsCkLjFMacDYg=,uvsc2widIgCkJuB90mYG5g8pciA=
47,6,oRlgZVW0vGOGcQbsCkLjFMacDYg=,7b1ad+tBBnmZhSHUAGMtZ36gFDg=
32,15,oRlgZVW0vGOGcQbsCkLjFMacDYg=,V5fOHl8s+DRjQt4Vgp/wSw2gl1k=
47,15,oRlgZVW0vGOGcQbsCkLjFMacDYg=,omPv7ONwATN+Lg/xJzSPgKJbYe8=
47,4,oRlgZVW0vGOGcQbsCkLjFMacDYg=,uvsc2widIgCkJuB90mYG5g8pciA=
47,3,oRlgZVW0vGOGcQbsCkLjFMacDYg=,VtQGPM5w9oLuNxGn48PEurwwJ3o=
47,1,oRlgZVW0vGOGcQbsCkLjFMacDYg=,V6DLIo+SVbbz6fU3EElxI1hupkk=
32,0,oRlgZVW0vGOGcQbsCkLjFMacDYg=,E42P5KkW9l56PYuu4lccjjv+dSA=
47,2,oRlgZVW0vGOGcQbsCkLjFMacDYg=,VtQGPM5w9oLuNxGn48PEurwwJ3o=
46,18,GSrahKAmt4EFTIaITtArRBmSTzk=,hZb1OtpClIdwOU2NPoAhzbfGY3M=
45,18,GSrahKAmt4EFTIaITtArRBmSTzk=,rrDpfLQqYVK8hoZY1ELd0XdL3Gk=
46,17,GSrahKAmt4EFTIaITtArRBmSTzk=,bYkU0m9L1/45HywYZ66cWDj3OBw=
45,17,GSrahKAmt4EFTIaITtArRBmSTzk=,maKzJyLMnT1llBUjg80RR2vF6BY=
45,20,yBi9Qkw03V8ORu2/8L6/j73VEm4=,eKWmYD9zxJ1xe3z5pq+GO3667wY=
46,19,yBi9Qkw03V8ORu2/8L6/j73VEm4=,hZb1OtpClIdwOU2NPoAhzbfGY3M=
45,19,yBi9Qkw03V8ORu2/8L6/j73VEm4=,rrDpfLQqYVK8hoZY1ELd0XdL3Gk=
46,20,yBi9Qkw03V8ORu2/8L6/j73VEm4=,o5SHZ6CFK3oeX4HTKcK4JdpriZc=
44,22,pOJuzA5gCjLmfwrIjjN8qCU8brQ=,jlUwbQ//1TO9lJCLoRuxBIkZnD8=
43,21,pOJuzA5gCjLmfwrIjjN8qCU8brQ=,1r/ajTE8r3iyZzNCsTIU5ae0tmk=
44,21,pOJuzA5gCjLmfwrIjjN8qCU8brQ=,eKWmYD9zxJ1xe3z5pq+GO3667wY=
43,22,pOJuzA5gCjLmfwrIjjN8qCU8brQ=,CeZv/CPWLHdzz14tvmmOmHrjbdM=
44,23,pOJuzA5gCjLmfwrIjjN8qCU8brQ=,jlUwbQ//1TO9lJCLoRuxBIkZnD8=
43,23,pOJuzA5gCjLmfwrIjjN8qCU8brQ=,CeZv/CPWLHdzz14tvmmOmHrjbdM=
44,24,pOJuzA5gCjLmfwrIjjN8qCU8brQ=,Q60MfAJ6MC85qeVa6QaUjEo3yg4=
43,24,pOJuzA5gCjLmfwrIjjN8qCU8brQ=,53y8rfzhAIr+MdZ/IE4ws3yJoVc=
46,22,u/jHrrliKARJL3yKKP1oT2BiVg0=,Cu14zkrPbw3VoANG4g9tlkKJVNg=
46,24,u/jHrrliKARJL3yKKP1oT2BiVg0=,ip785M5EMmYSn+oaNrhjVVkyyug=
45,21,u/jHrrliKARJL3yKKP1oT2BiVg0=,eKWmYD9zxJ1xe3z5pq+GO3667wY=
45,24,u/jHrrliKARJL3yKKP1oT2BiVg0=,Q60MfAJ6MC85qeVa6QaUjEo3yg4=
45,23,u/jHrrliKARJL3yKKP1oT2BiVg0=,jlUwbQ//1TO9lJCLoRuxBIkZnD8=
46,21,u/jHrrliKARJL3yKKP1oT2BiVg0=,o5SHZ6CFK3oeX4HTKcK4JdpriZc=
45,22,u/jHrrliKARJL3yKKP1oT2BiVg0=,jlUwbQ//1TO9lJCLoRuxBIkZnD8=
46,23,u/jHrrliKARJL3yKKP1oT2BiVg0=,Cu14zkrPbw3VoANG4g9tlkKJVNg=
45,25,empqBJPoJ6dTpi0CIfoIGMSkuvM=,Q60MfAJ6MC85qeVa6QaUjEo3yg4=
46,25,empqBJPoJ6dTpi0CIfoIGMSkuvM=,ip785M5EMmYSn+oaNrhjVVkyyug=
45,26,empqBJPoJ6dTpi0CIfoIGMSkuvM=,90WMBqkZdYRGHsKxK2/S9ZfjF2M=
46,26,empqBJPoJ6dTpi0CIfoIGMSkuvM=,Ft4vMWKNT5xTFSfzqrARsVWanBM=
44,25,empqBJPoJ6dTpi0CIfoIGMSkuvM=,Q60MfAJ6MC85qeVa6QaUjEo3yg4=
44,26,empqBJPoJ6dTpi0CIfoIGMSkuvM=,90WMBqkZdYRGHsKxK2/S9ZfjF2M=
43,26,empqBJPoJ6dTpi0CIfoIGMSkuvM=,IdzuGIbpK7PxJ7P9EBpVYjTw9/0=
43,25,empqBJPoJ6dTpi0CIfoIGMSkuvM=,53y8rfzhAIr+MdZ/IE4ws3yJoVc=
42,26,nEw24lkuMJRifd7nf2Oi771NZBk=,IdzuGIbpK7PxJ7P9EBpVYjTw9/0=
42,25,nEw24lkuMJRifd7nf2Oi771NZBk=,53y8rfzhAIr+MdZ/IE4ws3yJoVc=
41,26,nEw24lkuMJRifd7nf2Oi771NZBk=,c0OpmOtewV2smm4vo/FOb+N8pCI=
41,25,nEw24lkuMJRifd7nf2Oi771NZBk=,K/SFeSeicM/ARF+0wUmJN3D9FrQ=
42,28,nEw24lkuMJRifd7nf2Oi771NZBk=,F0Lz9tEVFqLLFtgIdCV21Na/wFU=
41,27,nEw24lkuMJRifd7nf2Oi771NZBk=,c0OpmOtewV2smm4vo/FOb+N8pCI=
42,27,nEw24lkuMJRifd7nf2Oi771NZBk=,IdzuGIbpK7PxJ7P9EBpVYjTw9/0=
41,28,nEw24lkuMJRifd7nf2Oi771NZBk=,E9fm6wKsr8Wh+fkekhwUs/DZSYo=
44,28,qD73sxdPLzOBJs+fS8CbUHBpNP8=,UFOZ9ieFpc96T6ROkK6Pa+d36I4=
43,28,qD73sxdPLzOBJs+fS8CbUHBpNP8=,F0Lz9tEVFqLLFtgIdCV21Na/wFU=
43,27,qD73sxdPLzOBJs+fS8CbUHBpNP8=,IdzuGIbpK7PxJ7P9EBpVYjTw9/0=
44,27,qD73sxdPLzOBJs+fS8CbUHBpNP8=,90WMBqkZdYRGHsKxK2/S9ZfjF2M=
46,28,qD73sxdPLzOBJs+fS8CbUHBpNP8=,4qHu5voACYEO1mJQCa6tZn9xz28=
46,27,qD73sxdPLzOBJs+fS8CbUHBpNP8=,Ft4vMWKNT5xTFSfzqrARsVWanBM=
45,28,qD73sxdPLzOBJs+fS8CbUHBpNP8=,UFOZ9ieFpc96T6ROkK6Pa+d36I4=
45,27,qD73sxdPLzOBJs+fS8CbUHBpNP8=,90WMBqkZdYRGHsKxK2/S9ZfjF2M=
44,29,qD73sxdPLzOBJs+fS8CbUHBpNP8=,UFOZ9ieFpc96T6ROkK6Pa+d36I4=
43,30,qD73sxdPLzOBJs+fS8CbUHBpNP8=,5XdgO/Kpa7+J9F5HiZ42UIpuPHg=
43,29,qD73sxdPLzOBJs+fS8CbUHBpNP8=,F0Lz9tEVFqLLFtgIdCV21Na/wFU=
44,30,qD73sxdPLzOBJs+fS8CbUHBpNP8=,tittGlFCbOHeioYBRc2dof5wzV0=
45,30,bRI4H9cj3jiA9K1y0LFEZKvhsD4=,tittGlFCbOHeioYBRc2dof5wzV0=
46,30,bRI4H9cj3jiA9K1y0LFEZKvhsD4=,dkuydU10Qkn4uZ2AX0odRYo5RBs=
46,29,bRI4H9cj3jiA9K1y0LFEZKvhsD4=,4qHu5voACYEO1mJQCa6tZn9xz28=
45,29,bRI4H9cj3jiA9K1y0LFEZKvhsD4=,UFOZ9ieFpc96T6ROkK6Pa+d36I4=
42,30,IvFUIYMbtz7rNwnN64bbyT71oQc=,5XdgO/Kpa7+J9F5HiZ42UIpuPHg=
42,29,IvFUIYMbtz7rNwnN64bbyT71oQc=,F0Lz9tEVFqLLFtgIdCV21Na/wFU=
41,30,IvFUIYMbtz7rNwnN64bbyT71oQc=,F3LRS0YJSnglhVYoj6XfZGEQgEo=
41,29,IvFUIYMbtz7rNwnN64bbyT71oQc=,E9fm6wKsr8Wh+fkekhwUs/DZSYo=
39,29,IvFUIYMbtz7rNwnN64bbyT71oQc=,sMGCFwx+dIH6akUK8MnZufCOSeA=
40,30,IvFUIYMbtz7rNwnN64bbyT71oQc=,F3LRS0YJSnglhVYoj6XfZGEQgEo=
39,30,IvFUIYMbtz7rNwnN64bbyT71oQc=,uGcVBA7xqTzghcthfv1igPqNz0g=
40,29,IvFUIYMbtz7rNwnN64bbyT71oQc=,E9fm6wKsr8Wh+fkekhwUs/DZSYo=
40,28,RgGK6VbWI/fEkZftA6ISZey8kMk=,E9fm6wKsr8Wh+fkekhwUs/DZSYo=
40,27,RgGK6VbWI/fEkZftA6ISZey8kMk=,c0OpmOtewV2smm4vo/FOb+N8pCI=
39,27,RgGK6VbWI/fEkZftA6ISZey8kMk=,Oxor9RdLaFniCDbgRXJD9UgQd2E=
39,28,RgGK6VbWI/fEkZftA6ISZey8kMk=,sMGCFwx+dIH6akUK8MnZufCOSeA=
38,28,RgGK6VbWI/fEkZftA6ISZey8kMk=,sMGCFwx+dIH6akUK8MnZufCOSeA=
38,27,RgGK6VbWI/fEkZftA6ISZey8kMk=,Oxor9RdLaFniCDbgRXJD9UgQd2E=
37,28,RgGK6VbWI/fEkZftA6ISZey8kMk=,m4oqsAdKB4HsEvTI2Oadr3sIPH0=
37,27,RgGK6VbWI/fEkZftA6ISZey8kMk=,8Aw+z2kWT2Pqrugh+6OPJkXpmJA=
37,30,s3z6jNNmkUdwfo+YeKR9LRAiKKw=,yGdOGhg1k7BkDPJTdHrZ1/lPr5A=
38,30,s3z6jNNmkUdwfo+YeKR9LRAiKKw=,uGcVBA7xqTzghcthfv1igPqNz0g=
37,29,s3z6jNNmkUdwfo+YeKR9LRAiKKw=,m4oqsAdKB4HsEvTI2Oadr3sIPH0=
38,29,s3z6jNNmkUdwfo+YeKR9LRAiKKw=,sMGCFwx+dIH6akUK8MnZufCOSeA=
36,26,zkF1JJug6gDmKoDl9BprPwW3FBU=,8Aw+z2kWT2Pqrugh+6OPJkXpmJA=
35,26,zkF1JJug6gDmKoDl9BprPwW3FBU=,kdGbHlyrgvVbym5zVgPuQNmRHUo=
35,25,zkF1JJug6gDmKoDl9BprPwW3FBU=,RrEK49bYYykautBCMRhWn9SZp+4=
36,25,zkF1JJug6gDmKoDl9BprPwW3FBU=,haVDYUevKp+FjRyx0echc3jT2RM=
35,27,uYaTmob5Xo/6tKA95EoappMISW0=,kdGbHlyrgvVbym5zVgPuQNmRHUo=
36,28,uYaTmob5Xo/6tKA95EoappMISW0=,m4oqsAdKB4HsEvTI2Oadr3sIPH0=
36,27,uYaTmob5Xo/6tKA95EoappMISW0=,8Aw+z2kWT2Pqrugh+6OPJkXpmJA=
35,28,uYaTmob5Xo/6tKA95EoappMISW0=,2awAelPRDMzO9PtJKDTN7efsiGw=
36,30,59924vxPslBso3zg/iBpXuNZ0XA=,yGdOGhg1k7BkDPJTdHrZ1/lPr5A=
36,29,59924vxPslBso3zg/iBpXuNZ0XA=,m4oqsAdKB4HsEvTI2Oadr3sIPH0=
35,29,59924vxPslBso3zg/iBpXuNZ0XA=,2awAelPRDMzO9PtJKDTN7efsiGw=
35,30,59924vxPslBso3zg/iBpXuNZ0XA=,0yQQvPvgWE4RAedhZ/R5uiZpEP8=
36,18,eAJpAR55MguPkqphKazOzxsBF0U=,VjXmD+zjdlIUlVLi8Y/YuQ/bbwY=
35,17,eAJpAR55MguPkqphKazOzxsBF0U=,t8HR8MAXv+M/pV1Cc9huXEuFrEE=
36,17,eAJpAR55MguPkqphKazOzxsBF0U=,/XCErHT7gNJh6+35vZcHFoG1wsw=
35,18,eAJpAR55MguPkqphKazOzxsBF0U=,aI/IvRfDkBdbosDOGcEkggb1vSg=
36,20,eAJpAR55MguPkqphKazOzxsBF0U=,SWn1/4+P4vqOpl7bvFw6xWMjIuM=
35,19,eAJpAR55MguPkqphKazOzxsBF0U=,aI/IvRfDkBdbosDOGcEkggb1vSg=
35,20,eAJpAR55MguPkqphKazOzxsBF0U=,oTFXE+0tK51iDA1mmEUsgMIdHR4=
36,19,eAJpAR55MguPkqphKazOzxsBF0U=,VjXmD+zjdlIUlVLi8Y/YuQ/bbwY=
37,19,g2LXr/no3/c1y8U7WqljawyCHkA=,VjXmD+zjdlIUlVLi8Y/YuQ/bbwY=
37,20,g2LXr/no3/c1y8U7WqljawyCHkA=,SWn1/4+P4vqOpl7bvFw6xWMjIuM=
38,20,g2LXr/no3/c1y8U7WqljawyCHkA=,dZ4IXpHaKjHedeyi7ZtEQwswpqU=
38,19,g2LXr/no3/c1y8U7WqljawyCHkA=,aqZtDugjCoGBrL1KyVyX5cmjY34=
37,18,g2LXr/no3/c1y8U7WqljawyCHkA=,VjXmD+zjdlIUlVLi8Y/YuQ/bbwY=
38,18,g2LXr/no3/c1y8U7WqljawyCHkA=,aqZtDugjCoGBrL1KyVyX5cmjY34=
38,17,g2LXr/no3/c1y8U7WqljawyCHkA=,ntO7BjUvYVvkhzO6ub9G4hLz9fs=
37,17,g2LXr/no3/c1y8U7WqljawyCHkA=,/XCErHT7gNJh6+35vZcHFoG1wsw=
40,20,H0fWgXGxEWJq6GI6yeeE3iKEQs4=,sW5CwOZQauTgc+1Ngh59xVGqk04=
40,19,H0fWgXGxEWJq6GI6yeeE3iKEQs4=,G80Vdv2iGqZtzK60oqjthSjxHMA=
39,19,H0fWgXGxEWJq6GI6yeeE3iKEQs4=,aqZtDugjCoGBrL1KyVyX5cmjY34=
39,20,H0fWgXGxEWJq6GI6yeeE3iKEQs4=,dZ4IXpHaKjHedeyi7ZtEQwswpqU=
40,18,H0fWgXGxEWJq6GI6yeeE3iKEQs4=,G80Vdv2iGqZtzK60oqjthSjxHMA=
40,17,H0fWgXGxEWJq6GI6yeeE3iKEQs4=,mTBjEo96nZCclmAXsTQ2Z+SQ5AA=
39,18,H0fWgXGxEWJq6GI6yeeE3iKEQs4=,aqZtDugjCoGBrL1KyVyX5cmjY34=
39,17,H0fWgXGxEWJq6GI6yeeE3iKEQs4=,ntO7BjUvYVvkhzO6ub9G4hLz9fs=
42,22,H0fWgXGxEWJq6GI6yeeE3iKEQs4=,CeZv/CPWLHdzz14tvmmOmHrjbdM=
42,21,H0fWgXGxEWJq6GI6yeeE3iKEQs4=,1r/ajTE8r3iyZzNCsTIU5ae0tmk=
41,23,H0fWgXGxEWJq6GI6yeeE3iKEQs4=,c256y2xZp4M4TIAoTHTnZy3V4hM=
41,24,H0fWgXGxEWJq6GI6yeeE3iKEQs4=,K/SFeSeicM/ARF+0wUmJN3D9FrQ=
42,23,H0fWgXGxEWJq6GI6yeeE3iKEQs4=,CeZv/CPWLHdzz14tvmmOmHrjbdM=
40,22,H0fWgXGxEWJq6GI6yeeE3iKEQs4=,c256y2xZp4M4TIAoTHTnZy3V4hM=
41,21,H0fWgXGxEWJq6GI6yeeE3iKEQs4=,sW5CwOZQauTgc+1Ngh59xVGqk04=
39,22,H0fWgXGxEWJq6GI6yeeE3iKEQs4=,SI3Z/BIgSpFN3fukJCfAVoN/T/c=
42,24,H0fWgXGxEWJq6GI6yeeE3iKEQs4=,53y8rfzhAIr+MdZ/IE4ws3yJoVc=
39,21,H0fWgXGxEWJq6GI6yeeE3iKEQs4=,dZ4IXpHaKjHedeyi7ZtEQwswpqU=
41,22,H0fWgXGxEWJq6GI6yeeE3iKEQs4=,c256y2xZp4M4TIAoTHTnZy3V4hM=
40,21,H0fWgXGxEWJq6GI6yeeE3iKEQs4=,sW5CwOZQauTgc+1Ngh59xVGqk04=
47,18,7mRRcRsoyoZ9bN4KK1khBjNlsLw=,hZb1OtpClIdwOU2NPoAhzbfGY3M=
47,17,7mRRcRsoyoZ9bN4KK1khBjNlsLw=,bYkU0m9L1/45HywYZ66cWDj3OBw=
47,19,7mRRcRsoyoZ9bN4KK1khBjNlsLw=,hZb1OtpClIdwOU2NPoAhzbfGY3M=
47,20,7mRRcRsoyoZ9bN4KK1khBjNlsLw=,o5SHZ6CFK3oeX4HTKcK4JdpriZc=
47,22,7mRRcRsoyoZ9bN4KK1khBjNlsLw=,Cu14zkrPbw3VoANG4g9tlkKJVNg=
47,21,7mRRcRsoyoZ9bN4KK1khBjNlsLw=,o5SHZ6CFK3oeX4HTKcK4JdpriZc=
47,24,7mRRcRsoyoZ9bN4KK1khBjNlsLw=,ip785M5EMmYSn+oaNrhjVVkyyug=
47,23,7mRRcRsoyoZ9bN4KK1khBjNlsLw=,Cu14zkrPbw3VoANG4g9tlkKJVNg=
47,25,7mRRcRsoyoZ9bN4KK1khBjNlsLw=,ip785M5EMmYSn+oaNrhjVVkyyug=
47,26,7mRRcRsoyoZ9bN4KK1khBjNlsLw=,Ft4vMWKNT5xTFSfzqrARsVWanBM=
47,27,7mRRcRsoyoZ9bN4KK1khBjNlsLw=,Ft4vMWKNT5xTFSfzqrARsVWanBM=
47,28,7mRRcRsoyoZ9bN4KK1khBjNlsLw=,4qHu5voACYEO1mJQCa6tZn9xz28=
47,29,7mRRcRsoyoZ9bN4KK1khBjNlsLw=,4qHu5voACYEO1mJQCa6tZn9xz28=
47,30,7mRRcRsoyoZ9bN4KK1khBjNlsLw=,dkuydU10Qkn4uZ2AX0odRYo5RBs=
46,31,7mRRcRsoyoZ9bN4KK1khBjNlsLw=,dkuydU10Qkn4uZ2AX0odRYo5RBs=
45,31,7mRRcRsoyoZ9bN4KK1khBjNlsLw=,tittGlFCbOHeioYBRc2dof5wzV0=
44,31,7mRRcRsoyoZ9bN4KK1khBjNlsLw=,tittGlFCbOHeioYBRc2dof5wzV0=
43,31,7mRRcRsoyoZ9bN4KK1khBjNlsLw=,5XdgO/Kpa7+J9F5HiZ42UIpuPHg=
39,31,7mRRcRsoyoZ9bN4KK1khBjNlsLw=,uGcVBA7xqTzghcthfv1igPqNz0g=
42,31,7mRRcRsoyoZ9bN4KK1khBjNlsLw=,5XdgO/Kpa7+J9F5HiZ42UIpuPHg=
40,31,7mRRcRsoyoZ9bN4KK1khBjNlsLw=,F3LRS0YJSnglhVYoj6XfZGEQgEo=
38,31,7mRRcRsoyoZ9bN4KK1khBjNlsLw=,uGcVBA7xqTzghcthfv1igPqNz0g=
41,31,7mRRcRsoyoZ9bN4KK1khBjNlsLw=,F3LRS0YJSnglhVYoj6XfZGEQgEo=
37,31,7mRRcRsoyoZ9bN4KK1khBjNlsLw=,yGdOGhg1k7BkDPJTdHrZ1/lPr5A=
36,31,7mRRcRsoyoZ9bN4KK1khBjNlsLw=,yGdOGhg1k7BkDPJTdHrZ1/lPr5A=
35,31,7mRRcRsoyoZ9bN4KK1khBjNlsLw=,0yQQvPvgWE4RAedhZ/R5uiZpEP8=
35,23,CK5RsxzxuKIm3A05SCRGpyGOvhs=,S3xDVv1TVeERNQEB4nnm9lsTgC0=
35,24,CK5RsxzxuKIm3A05SCRGpyGOvhs=,RrEK49bYYykautBCMRhWn9SZp+4=
38,22,CK5RsxzxuKIm3A05SCRGpyGOvhs=,SI3Z/BIgSpFN3fukJCfAVoN/T/c=
36,24,CK5RsxzxuKIm3A05SCRGpyGOvhs=,haVDYUevKp+FjRyx0echc3jT2RM=
35,21,CK5RsxzxuKIm3A05SCRGpyGOvhs=,oTFXE+0tK51iDA1mmEUsgMIdHR4=
35,22,CK5RsxzxuKIm3A05SCRGpyGOvhs=,S3xDVv1TVeERNQEB4nnm9lsTgC0=
37,22,CK5RsxzxuKIm3A05SCRGpyGOvhs=,PQret734BCAUY95uPjALQUgkfNU=
38,21,CK5RsxzxuKIm3A05SCRGpyGOvhs=,dZ4IXpHaKjHedeyi7ZtEQwswpqU=
40,26,CK5RsxzxuKIm3A05SCRGpyGOvhs=,c0OpmOtewV2smm4vo/FOb+N8pCI=
36,22,CK5RsxzxuKIm3A05SCRGpyGOvhs=,PQret734BCAUY95uPjALQUgkfNU=
40,23,CK5RsxzxuKIm3A05SCRGpyGOvhs=,c256y2xZp4M4TIAoTHTnZy3V4hM=
36,21,CK5RsxzxuKIm3A05SCRGpyGOvhs=,SWn1/4+P4vqOpl7bvFw6xWMjIuM=
37,25,CK5RsxzxuKIm3A05SCRGpyGOvhs=,haVDYUevKp+FjRyx0echc3jT2RM=
36,23,CK5RsxzxuKIm3A05SCRGpyGOvhs=,PQret734BCAUY95uPjALQUgkfNU=
39,23,CK5RsxzxuKIm3A05SCRGpyGOvhs=,SI3Z/BIgSpFN3fukJCfAVoN/T/c=
40,25,CK5RsxzxuKIm3A05SCRGpyGOvhs=,K/SFeSeicM/ARF+0wUmJN3D9FrQ=
37,21,CK5RsxzxuKIm3A05SCRGpyGOvhs=,SWn1/4+P4vqOpl7bvFw6xWMjIuM=
37,24,CK5RsxzxuKIm3A05SCRGpyGOvhs=,haVDYUevKp+FjRyx0echc3jT2RM=
40,24,CK5RsxzxuKIm3A05SCRGpyGOvhs=,K/SFeSeicM/ARF+0wUmJN3D9FrQ=
37,23,CK5RsxzxuKIm3A05SCRGpyGOvhs=,PQret734BCAUY95uPjALQUgkfNU=
38,24,CK5RsxzxuKIm3A05SCRGpyGOvhs=,ufPxsA9p/+iAveae1LV38bJ2Vig=
39,25,CK5RsxzxuKIm3A05SCRGpyGOvhs=,ufPxsA9p/+iAveae1LV38bJ2Vig=
38,23,CK5RsxzxuKIm3A05SCRGpyGOvhs=,SI3Z/BIgSpFN3fukJCfAVoN/T/c=
39,26,CK5RsxzxuKIm3A05SCRGpyGOvhs=,Oxor9RdLaFniCDbgRXJD9UgQd2E=
39,24,CK5RsxzxuKIm3A05SCRGpyGOvhs=,ufPxsA9p/+iAveae1LV38bJ2Vig=
37,26,CK5RsxzxuKIm3A05SCRGpyGOvhs=,8Aw+z2kWT2Pqrugh+6OPJkXpmJA=
38,25,CK5RsxzxuKIm3A05SCRGpyGOvhs=,ufPxsA9p/+iAveae1LV38bJ2Vig=
38,26,CK5RsxzxuKIm3A05SCRGpyGOvhs=,Oxor9RdLaFniCDbgRXJD9UgQd2E=
34,30,QsvZ2TXEDY+cSdEoirRo3nELscc=,0yQQvPvgWE4RAedhZ/R5uiZpEP8=
33,29,QsvZ2TXEDY+cSdEoirRo3nELscc=,OLkJiO5CgTXJ3F8oWxMGP0Eu7Is=
33,30,QsvZ2TXEDY+cSdEoirRo3nELscc=,wbOsD+9vIPecFeCp1rr7/k4TusI=
34,29,QsvZ2TXEDY+cSdEoirRo3nELscc=,2awAelPRDMzO9PtJKDTN7efsiGw=
34,27,QsvZ2TXEDY+cSdEoirRo3nELscc=,kdGbHlyrgvVbym5zVgPuQNmRHUo=
33,28,QsvZ2TXEDY+cSdEoirRo3nELscc=,OLkJiO5CgTXJ3F8oWxMGP0Eu7Is=
33,27,QsvZ2TXEDY+cSdEoirRo3nELscc=,ticfDwRSQrJfU1lYlJwtulFGTZY=
34,28,QsvZ2TXEDY+cSdEoirRo3nELscc=,2awAelPRDMzO9PtJKDTN7efsiGw=
33,26,OTuzEUyw7QdVPxI7RMwuyPFIAx4=,ticfDwRSQrJfU1lYlJwtulFGTZY=
34,25,OTuzEUyw7QdVPxI7RMwuyPFIAx4=,RrEK49bYYykautBCMRhWn9SZp+4=
34,26,OTuzEUyw7QdVPxI7RMwuyPFIAx4=,kdGbHlyrgvVbym5zVgPuQNmRHUo=
33,25,OTuzEUyw7QdVPxI7RMwuyPFIAx4=,m4QnINHM7+zCpKvDP8XEoQvu0yU=
34,24,vm8wZszMcYI4qaHhz2NDkScEmDg=,RrEK49bYYykautBCMRhWn9SZp+4=
33,23,vm8wZszMcYI4qaHhz2NDkScEmDg=,F8965MFJcFIFetxoPrwv+VIZNec=
33,24,vm8wZszMcYI4qaHhz2NDkScEmDg=,m4QnINHM7+zCpKvDP8XEoQvu0yU=
34,23,vm8wZszMcYI4qaHhz2NDkScEmDg=,S3xDVv1TVeERNQEB4nnm9lsTgC0=
34,22,vm8wZszMcYI4qaHhz2NDkScEmDg=,S3xDVv1TVeERNQEB4nnm9lsTgC0=
33,21,vm8wZszMcYI4qaHhz2NDkScEmDg=,jEwfB15B8m0hZ1peff+0bgmPK5E=
34,21,vm8wZszMcYI4qaHhz2NDkScEmDg=,oTFXE+0tK51iDA1mmEUsgMIdHR4=
33,22,vm8wZszMcYI4qaHhz2NDkScEmDg=,F8965MFJcFIFetxoPrwv+VIZNec=
36,16,vm8wZszMcYI4qaHhz2NDkScEmDg=,/XCErHT7gNJh6+35vZcHFoG1wsw=
38,16,vm8wZszMcYI4qaHhz2NDkScEmDg=,ntO7BjUvYVvkhzO6ub9G4hLz9fs=
37,16,vm8wZszMcYI4qaHhz2NDkScEmDg=,/XCErHT7gNJh6+35vZcHFoG1wsw=
35,16,vm8wZszMcYI4qaHhz2NDkScEmDg=,t8HR8MAXv+M/pV1Cc9huXEuFrEE=
39,16,vm8wZszMcYI4qaHhz2NDkScEmDg=,ntO7BjUvYVvkhzO6ub9G4hLz9fs=
40,16,vm8wZszMcYI4qaHhz2NDkScEmDg=,mTBjEo96nZCclmAXsTQ2Z+SQ5AA=
32,20,Ny1y8yKNwUDnwzgn9XS29MENyvE=,jEwfB15B8m0hZ1peff+0bgmPK5E=
32,19,Ny1y8yKNwUDnwzgn9XS29MENyvE=,r1ui/VFDntgjz8bI1LBSo1orEDo=
34,19,Ny1y8yKNwUDnwzgn9XS29MENyvE=,aI/IvRfDkBdbosDOGcEkggb1vSg=
33,20,Ny1y8yKNwUDnwzgn9XS29MENyvE=,jEwfB15B8m0hZ1peff+0bgmPK5E=
33,19,Ny1y8yKNwUDnwzgn9XS29MENyvE=,r1ui/VFDntgjz8bI1LBSo1orEDo=
34,20,Ny1y8yKNwUDnwzgn9XS29MENyvE=,oTFXE+0tK51iDA1mmEUsgMIdHR4=
45,16,Ny1y8yKNwUDnwzgn9XS29MENyvE=,maKzJyLMnT1llBUjg80RR2vF6BY=
46,16,Ny1y8yKNwUDnwzgn9XS29MENyvE=,bYkU0m9L1/45HywYZ66cWDj3OBw=
47,16,Ny1y8yKNwUDnwzgn9XS29MENyvE=,bYkU0m9L1/45HywYZ66cWDj3OBw=
32,17,Ny1y8yKNwUDnwzgn9XS29MENyvE=,GqdxDpAb/GPVQmt6D3grM2nOkBY=
32,16,Ny1y8yKNwUDnwzgn9XS29MENyvE=,GqdxDpAb/GPVQmt6D3grM2nOkBY=
32,18,Ny1y8yKNwUDnwzgn9XS29MENyvE=,r1ui/VFDntgjz8bI1LBSo1orEDo=
34,17,Ny1y8yKNwUDnwzgn9XS29MENyvE=,t8HR8MAXv+M/pV1Cc9huXEuFrEE=
34,16,Ny1y8yKNwUDnwzgn9XS29MENyvE=,t8HR8MAXv+M/pV1Cc9huXEuFrEE=
33,17,Ny1y8yKNwUDnwzgn9XS29MENyvE=,GqdxDpAb/GPVQmt6D3grM2nOkBY=
33,18,Ny1y8yKNwUDnwzgn9XS29MENyvE=,r1ui/VFDntgjz8bI1LBSo1orEDo=
33,16,Ny1y8yKNwUDnwzgn9XS29MENyvE=,GqdxDpAb/GPVQmt6D3grM2nOkBY=
34,18,Ny1y8yKNwUDnwzgn9XS29MENyvE=,aI/IvRfDkBdbosDOGcEkggb1vSg=
34,31,Ny1y8yKNwUDnwzgn9XS29MENyvE=,0yQQvPvgWE4RAedhZ/R5uiZpEP8=
33,31,Ny1y8yKNwUDnwzgn9XS29MENyvE=,wbOsD+9vIPecFeCp1rr7/k4TusI=
32,29,Ny1y8yKNwUDnwzgn9XS29MENyvE=,OLkJiO5CgTXJ3F8oWxMGP0Eu7Is=
32,30,Ny1y8yKNwUDnwzgn9XS29MENyvE=,wbOsD+9vIPecFeCp1rr7/k4TusI=
32,28,Ny1y8yKNwUDnwzgn9XS29MENyvE=,OLkJiO5CgTXJ3F8oWxMGP0Eu7Is=
32,27,Ny1y8yKNwUDnwzgn9XS29MENyvE=,ticfDwRSQrJfU1lYlJwtulFGTZY=
32,25,Ny1y8yKNwUDnwzgn9XS29MENyvE=,m4QnINHM7+zCpKvDP8XEoQvu0yU=
32,26,Ny1y8yKNwUDnwzgn9XS29MENyvE=,ticfDwRSQrJfU1lYlJwtulFGTZY=
32,21,Ny1y8yKNwUDnwzgn9XS29MENyvE=,jEwfB15B8m0hZ1peff+0bgmPK5E=
32,23,Ny1y8yKNwUDnwzgn9XS29MENyvE=,F8965MFJcFIFetxoPrwv+VIZNec=
32,24,Ny1y8yKNwUDnwzgn9XS29MENyvE=,m4QnINHM7+zCpKvDP8XEoQvu0yU=
32,22,Ny1y8yKNwUDnwzgn9XS29MENyvE=,F8965MFJcFIFetxoPrwv+VIZNec=
47,31,Ny1y8yKNwUDnwzgn9XS29MENyvE=,dkuydU10Qkn4uZ2AX0odRYo5RBs=
32,31,Ny1y8yKNwUDnwzgn9XS29MENyvE=,wbOsD+9vIPecFeCp1rr7/k4TusI=
44,16,0R9FchE+ieq6kKT6lxqZIWVLtQw=,maKzJyLMnT1llBUjg80RR2vF6BY=
42,16,0R9FchE+ieq6kKT6lxqZIWVLtQw=,2PnDNHA4TNqaC1vQ/6nSbWjfDpA=
41,16,0R9FchE+ieq6kKT6lxqZIWVLtQw=,mTBjEo96nZCclmAXsTQ2Z+SQ5AA=
43,16,0R9FchE+ieq6kKT6lxqZIWVLtQw=,2PnDNHA4TNqaC1vQ/6nSbWjfDpA=
41,17,0R9FchE+ieq6kKT6lxqZIWVLtQw=,mTBjEo96nZCclmAXsTQ2Z+SQ5AA=
44,17,0R9FchE+ieq6kKT6lxqZIWVLtQw=,maKzJyLMnT1llBUjg80RR2vF6BY=
41,20,0R9FchE+ieq6kKT6lxqZIWVLtQw=,sW5CwOZQauTgc+1Ngh59xVGqk04=
44,20,0R9FchE+ieq6kKT6lxqZIWVLtQw=,eKWmYD9zxJ1xe3z5pq+GO3667wY=
42,17,0R9FchE+ieq6kKT6lxqZIWVLtQw=,2PnDNHA4TNqaC1vQ/6nSbWjfDpA=
44,19,0R9FchE+ieq6kKT6lxqZIWVLtQw=,rrDpfLQqYVK8hoZY1ELd0XdL3Gk=
41,19,0R9FchE+ieq6kKT6lxqZIWVLtQw=,G80Vdv2iGqZtzK60oqjthSjxHMA=
43,17,0R9FchE+ieq6kKT6lxqZIWVLtQw=,2PnDNHA4TNqaC1vQ/6nSbWjfDpA=
41,18,0R9FchE+ieq6kKT6lxqZIWVLtQw=,G80Vdv2iGqZtzK60oqjthSjxHMA=
44,18,0R9FchE+ieq6kKT6lxqZIWVLtQw=,rrDpfLQqYVK8hoZY1ELd0XdL3Gk=
43,20,0R9FchE+ieq6kKT6lxqZIWVLtQw=,1r/ajTE8r3iyZzNCsTIU5ae0tmk=
42,20,0R9FchE+ieq6kKT6lxqZIWVLtQw=,1r/ajTE8r3iyZzNCsTIU5ae0tmk=
43,19,0R9FchE+ieq6kKT6lxqZIWVLtQw=,yc133r+XcVkkGGiaSv3Mm1vADdg=
42,19,0R9FchE+ieq6kKT6lxqZIWVLtQw=,yc133r+XcVkkGGiaSv3Mm1vADdg=
43,18,0R9FchE+ieq6kKT6lxqZIWVLtQw=,yc133r+XcVkkGGiaSv3Mm1vADdg=
42,18,0R9FchE+ieq6kKT6lxqZIWVLtQw=,yc133r+XcVkkGGiaSv3Mm1vADdg=
58,24,uJHRdcWShpFFvm06nszc9CbLtk8=,Bq3NEuQdymPppfRnHkSql2xcV+4=
57,23,uJHRdcWShpFFvm06nszc9CbLtk8=,O44j4VWpdSxV2pLuwK3SFMr1Zn8=
57,24,uJHRdcWShpFFvm06nszc9CbLtk8=,JdBUMVAimwzIHqFr+h9Mb/ik8Vs=
58,23,uJHRdcWShpFFvm06nszc9CbLtk8=,IyWWvVUia3U3rDMs+Kcp+Pfv8Qw=
57,26,K6oqgfQtKfZt13soFjNjqxfGDEk=,d+xi+iVxBJlvidH3zZ12sGqwaZI=
58,26,K6oqgfQtKfZt13soFjNjqxfGDEk=,X2bMTBNkLtverhcGWky53I/x588=
58,25,K6oqgfQtKfZt13soFjNjqxfGDEk=,Bq3NEuQdymPppfRnHkSql2xcV+4=
57,25,K6oqgfQtKfZt13soFjNjqxfGDEk=,JdBUMVAimwzIHqFr+h9Mb/ik8Vs=
59,28,/Z6WGWKEnLFbcNHKD5OCq9Ds2eU=,Oh4GVyYz+1TKCJxer+jaLCJz7qg=
60,28,/Z6WGWKEnLFbcNHKD5OCq9Ds2eU=,BV6MFD38cUqm0Lc/LPLqVM37LYs=
59,27,/Z6WGWKEnLFbcNHKD5OCq9Ds2eU=,X2bMTBNkLtverhcGWky53I/x588=
60,27,/Z6WGWKEnLFbcNHKD5OCq9Ds2eU=,NxGrcvYYRHy3EAxc4UjCmr317xo=
62,30,/Z6WGWKEnLFbcNHKD5OCq9Ds2eU=,CjaWBwuoIznklAP+u5dJmKwutFw=
62,29,/Z6WGWKEnLFbcNHKD5OCq9Ds2eU=,K7mXazZHwitGUTb04gZa9TY5bOQ=
61,29,/Z6WGWKEnLFbcNHKD5OCq9Ds2eU=,BV6MFD38cUqm0Lc/LPLqVM37LYs=
61,30,/Z6WGWKEnLFbcNHKD5OCq9Ds2eU=,dzFgO0qT84SpwzyNNZoRkKHYEhU=
60,30,/Z6WGWKEnLFbcNHKD5OCq9Ds2eU=,dzFgO0qT84SpwzyNNZoRkKHYEhU=
59,30,/Z6WGWKEnLFbcNHKD5OCq9Ds2eU=,R7FQeqk71KqiEOjGB2oVlGDPqKE=
60,29,/Z6WGWKEnLFbcNHKD5OCq9Ds2eU=,BV6MFD38cUqm0Lc/LPLqVM37LYs=
59,29,/Z6WGWKEnLFbcNHKD5OCq9Ds2eU=,Oh4GVyYz+1TKCJxer+jaLCJz7qg=
58,30,Y83MwkSXHrf29s92+mCWkbTTU/w=,R7FQeqk71KqiEOjGB2oVlGDPqKE=
57,28,Y83MwkSXHrf29s92+mCWkbTTU/w=,QeBFiDzBQLRPpxY7kiqDwe1EFi4=
57,30,Y83MwkSXHrf29s92+mCWkbTTU/w=,HfiTgzo0AEujGi6UXeStyxnDTg0=
58,28,Y83MwkSXHrf29s92+mCWkbTTU/w=,Oh4GVyYz+1TKCJxer+jaLCJz7qg=
57,29,Y83MwkSXHrf29s92+mCWkbTTU/w=,QeBFiDzBQLRPpxY7kiqDwe1EFi4=
58,29,Y83MwkSXHrf29s92+mCWkbTTU/w=,Oh4GVyYz+1TKCJxer+jaLCJz7qg=
57,27,Y83MwkSXHrf29s92+mCWkbTTU/w=,d+xi+iVxBJlvidH3zZ12sGqwaZI=
58,27,Y83MwkSXHrf29s92+mCWkbTTU/w=,X2bMTBNkLtverhcGWky53I/x588=
56,30,Y83MwkSXHrf29s92+mCWkbTTU/w=,HfiTgzo0AEujGi6UXeStyxnDTg0=
55,30,Y83MwkSXHrf29s92+mCWkbTTU/w=,ImEtRu34YghX0jLYCl4puuiOfC4=
55,29,Y83MwkSXHrf29s92+mCWkbTTU/w=,nm0eOJe23+U/UwCAFAFzJltOiFY=
56,29,Y83MwkSXHrf29s92+mCWkbTTU/w=,QeBFiDzBQLRPpxY7kiqDwe1EFi4=
54,29,VIG6R/WNOQwdyI9V/vCNOgBkUIE=,nm0eOJe23+U/UwCAFAFzJltOiFY=
53,30,VIG6R/WNOQwdyI9V/vCNOgBkUIE=,yiSuShb2ayN3PPLClP8XH33whkg=
54,30,VIG6R/WNOQwdyI9V/vCNOgBkUIE=,ImEtRu34YghX0jLYCl4puuiOfC4=
53,29,VIG6R/WNOQwdyI9V/vCNOgBkUIE=,eU+fhkDRDTf/s//ahZhwGDAcEBE=
52,29,VIG6R/WNOQwdyI9V/vCNOgBkUIE=,eU+fhkDRDTf/s//ahZhwGDAcEBE=
51,29,VIG6R/WNOQwdyI9V/vCNOgBkUIE=,4kIHnKdYW32y76kSdPXlylQeKi4=
51,30,VIG6R/WNOQwdyI9V/vCNOgBkUIE=,RI5z5HIGmbVP3wZ9nHoGvpe1IdI=
52,30,VIG6R/WNOQwdyI9V/vCNOgBkUIE=,yiSuShb2ayN3PPLClP8XH33whkg=
52,28,AdAuS0G6Qx5JsLShNDWry3rsdWc=,eU+fhkDRDTf/s//ahZhwGDAcEBE=
51,27,AdAuS0G6Qx5JsLShNDWry3rsdWc=,SVo+2eJQuquETRGHL80YG5uDvbA=
51,28,ffAshxe+2VHPcmBArmtZgdbo5C0=,4kIHnKdYW32y76kSdPXlylQeKi4=
52,27,ffAshxe+2VHPcmBArmtZgdbo5C0=,bT+dX1vOAp1myn+V+IXjEoEDkMM=
52,26,ffAshxe+2VHPcmBArmtZgdbo5C0=,bT+dX1vOAp1myn+V+IXjEoEDkMM=
51,25,ffAshxe+2VHPcmBArmtZgdbo5C0=,w03ZdzSPku/+IsxW0ddycKBuPio=
51,26,ffAshxe+2VHPcmBArmtZgdbo5C0=,SVo+2eJQuquETRGHL80YG5uDvbA=
52,25,ffAshxe+2VHPcmBArmtZgdbo5C0=,t8mpZu1y34OiGv4uC3QCP3zZ7ys=
52,23,tc1A4cGCNvFNGVQdPah9Xa8zMUY=,+lLvnl4DbSxGLLBqLfVN/MTO/qo=
51,23,tc1A4cGCNvFNGVQdPah9Xa8zMUY=,Y3aoS5rVCsQ4ZvWFJ92KVO/jMe0=
52,24,tc1A4cGCNvFNGVQdPah9Xa8zMUY=,t8mpZu1y34OiGv4uC3QCP3zZ7ys=
51,24,tc1A4cGCNvFNGVQdPah9Xa8zMUY=,w03ZdzSPku/+IsxW0ddycKBuPio=
51,22,tc1A4cGCNvFNGVQdPah9Xa8zMUY=,Y3aoS5rVCsQ4ZvWFJ92KVO/jMe0=
51,21,tc1A4cGCNvFNGVQdPah9Xa8zMUY=,pFcK+kkVzZwBo1U4SU/l2y8pWys=
52,21,tc1A4cGCNvFNGVQdPah9Xa8zMUY=,FuNwvt8Q/Pq7U4LGUiLtO1FhXao=
52,22,tc1A4cGCNvFNGVQdPah9Xa8zMUY=,+lLvnl4DbSxGLLBqLfVN/MTO/qo=
54,21,t3JqVn/BCJr0N9f/usVj+GKg90A=,C5NTv6Jag14WCICei8j4YMyUo6E=
54,22,t3JqVn/BCJr0N9f/usVj+GKg90A=,gWbUsgXafr2d8hwmr7Zc8t/+ZOc=
53,21,t3JqVn/BCJr0N9f/usVj+GKg90A=,FuNwvt8Q/Pq7U4LGUiLtO1FhXao=
53,22,t3JqVn/BCJr0N9f/usVj+GKg90A=,+lLvnl4DbSxGLLBqLfVN/MTO/qo=
54,19,aib0RRgqjCftMuAW+j5UWOEyGyg=,DrVqYQvCk18FSOlMAjSLhQuxFoI=
54,20,aib0RRgqjCftMuAW+j5UWOEyGyg=,C5NTv6Jag14WCICei8j4YMyUo6E=
53,20,aib0RRgqjCftMuAW+j5UWOEyGyg=,FuNwvt8Q/Pq7U4LGUiLtO1FhXao=
53,19,aib0RRgqjCftMuAW+j5UWOEyGyg=,pFX9TMCWDSnux8eX7GUjMXhIns0=
53,17,5+wN/BlC+Lm2fvNvzsGlLBnsIPI=,ceA7f8IMnIHflRTbusmFFxeTI28=
53,18,5+wN/BlC+Lm2fvNvzsGlLBnsIPI=,pFX9TMCWDSnux8eX7GUjMXhIns0=
54,18,5+wN/BlC+Lm2fvNvzsGlLBnsIPI=,DrVqYQvCk18FSOlMAjSLhQuxFoI=
54,17,5+wN/BlC+Lm2fvNvzsGlLBnsIPI=,kDpoMxpWsg1h5D17TdUNBy83OTI=
55,17,5+wN/BlC+Lm2fvNvzsGlLBnsIPI=,kDpoMxpWsg1h5D17TdUNBy83OTI=
55,18,5+wN/BlC+Lm2fvNvzsGlLBnsIPI=,DrVqYQvCk18FSOlMAjSLhQuxFoI=
56,17,5+wN/BlC+Lm2fvNvzsGlLBnsIPI=,RnN0lpeJeYYNdSZEXgnlOzX5YlU=
56,18,5+wN/BlC+Lm2fvNvzsGlLBnsIPI=,OHTs4XylNwmoXU1tB0Hg+lCS7g0=
57,18,daEe3MA2W9O0MSOXD72Ru3VN/bQ=,OHTs4XylNwmoXU1tB0Hg+lCS7g0=
58,17,daEe3MA2W9O0MSOXD72Ru3VN/bQ=,2Xer76Ozy155c5vGQUI1INzGz1I=
57,17,daEe3MA2W9O0MSOXD72Ru3VN/bQ=,RnN0lpeJeYYNdSZEXgnlOzX5YlU=
58,18,daEe3MA2W9O0MSOXD72Ru3VN/bQ=,3zcUs88/48Wrw796VxysAEOchdQ=
60,18,daEe3MA2W9O0MSOXD72Ru3VN/bQ=,t21kOKfe6B6HODmItg5U6l/8qnE=
60,17,daEe3MA2W9O0MSOXD72Ru3VN/bQ=,z4h6+176uTOB0aEw7yL3PWGJ9Lg=
59,18,daEe3MA2W9O0MSOXD72Ru3VN/bQ=,3zcUs88/48Wrw796VxysAEOchdQ=
59,17,daEe3MA2W9O0MSOXD72Ru3VN/bQ=,2Xer76Ozy155c5vGQUI1INzGz1I=
62,19,EKeJ+tlGHLmzBBZ5Yjr1VMOw0h8=,DJTZPCnJEA91/6UixNJoRI7DdUo=
62,20,EKeJ+tlGHLmzBBZ5Yjr1VMOw0h8=,f+SZj7ApY4BPrhshfMZIx5Fb21U=
61,20,EKeJ+tlGHLmzBBZ5Yjr1VMOw0h8=,OBICY0ggWPY5jfaMczxejVu2pNI=
61,19,EKeJ+tlGHLmzBBZ5Yjr1VMOw0h8=,t21kOKfe6B6HODmItg5U6l/8qnE=
60,20,Cs2cH6RDRWWMf3wyC0TZRW1IU2s=,OBICY0ggWPY5jfaMczxejVu2pNI=
60,19,Cs2cH6RDRWWMf3wyC0TZRW1IU2s=,t21kOKfe6B6HODmItg5U6l/8qnE=
59,19,Cs2cH6RDRWWMf3wyC0TZRW1IU2s=,3zcUs88/48Wrw796VxysAEOchdQ=
59,20,Cs2cH6RDRWWMf3wyC0TZRW1IU2s=,y85fgpKzi9Nv5IoWTbxbC279iBQ=
59,22,Cs2cH6RDRWWMf3wyC0TZRW1IU2s=,IyWWvVUia3U3rDMs+Kcp+Pfv8Qw=
60,22,Cs2cH6RDRWWMf3wyC0TZRW1IU2s=,r7O6X+0yRbU3DHBeg46S5hCnd7E=
59,21,Cs2cH6RDRWWMf3wyC0TZRW1IU2s=,y85fgpKzi9Nv5IoWTbxbC279iBQ=
60,21,Cs2cH6RDRWWMf3wyC0TZRW1IU2s=,OBICY0ggWPY5jfaMczxejVu2pNI=
60,26,Cs2cH6RDRWWMf3wyC0TZRW1IU2s=,NxGrcvYYRHy3EAxc4UjCmr317xo=
60,23,Cs2cH6RDRWWMf3wyC0TZRW1IU2s=,r7O6X+0yRbU3DHBeg46S5hCnd7E=
59,26,Cs2cH6RDRWWMf3wyC0TZRW1IU2s=,X2bMTBNkLtverhcGWky53I/x588=
60,25,Cs2cH6RDRWWMf3wyC0TZRW1IU2s=,ojCqD2RU/I+pXxMdoSgo6HgoENI=
59,23,Cs2cH6RDRWWMf3wyC0TZRW1IU2s=,IyWWvVUia3U3rDMs+Kcp+Pfv8Qw=
60,24,Cs2cH6RDRWWMf3wyC0TZRW1IU2s=,ojCqD2RU/I+pXxMdoSgo6HgoENI=
59,25,Cs2cH6RDRWWMf3wyC0TZRW1IU2s=,Bq3NEuQdymPppfRnHkSql2xcV+4=
59,24,Cs2cH6RDRWWMf3wyC0TZRW1IU2s=,Bq3NEuQdymPppfRnHkSql2xcV+4=
62,22,Cs2cH6RDRWWMf3wyC0TZRW1IU2s=,o7RDjT2bNJUshc+qd9eobUOXXIg=
62,24,Cs2cH6RDRWWMf3wyC0TZRW1IU2s=,PKsFE0a4boDZJnIwRIVbPxyZrqs=
61,23,Cs2cH6RDRWWMf3wyC0TZRW1IU2s=,r7O6X+0yRbU3DHBeg46S5hCnd7E=
62,23,Cs2cH6RDRWWMf3wyC0TZRW1IU2s=,o7RDjT2bNJUshc+qd9eobUOXXIg=
61,24,Cs2cH6RDRWWMf3wyC0TZRW1IU2s=,ojCqD2RU/I+pXxMdoSgo6HgoENI=
61,21,Cs2cH6RDRWWMf3wyC0TZRW1IU2s=,OBICY0ggWPY5jfaMczxejVu2pNI=
62,21,Cs2cH6RDRWWMf3wyC0TZRW1IU2s=,f+SZj7ApY4BPrhshfMZIx5Fb21U=
61,22,Cs2cH6RDRWWMf3wyC0TZRW1IU2s=,r7O6X+0yRbU3DHBeg46S5hCnd7E=
62,26,Mq9TdmGqnTtY4zYrtcggYnZn7X8=,WxjIwRPKRgUKhdvEUx3ykoOrT/g=
62,25,Mq9TdmGqnTtY4zYrtcggYnZn7X8=,PKsFE0a4boDZJnIwRIVbPxyZrqs=
62,27,Mq9TdmGqnTtY4zYrtcggYnZn7X8=,WxjIwRPKRgUKhdvEUx3ykoOrT/g=
62,28,Mq9TdmGqnTtY4zYrtcggYnZn7X8=,K7mXazZHwitGUTb04gZa9TY5bOQ=
61,27,Mq9TdmGqnTtY4zYrtcggYnZn7X8=,NxGrcvYYRHy3EAxc4UjCmr317xo=
61,25,Mq9TdmGqnTtY4zYrtcggYnZn7X8=,ojCqD2RU/I+pXxMdoSgo6HgoENI=
61,26,Mq9TdmGqnTtY4zYrtcggYnZn7X8=,NxGrcvYYRHy3EAxc4UjCmr317xo=
61,28,Mq9TdmGqnTtY4zYrtcggYnZn7X8=,BV6MFD38cUqm0Lc/LPLqVM37LYs=
55,16,Mq9TdmGqnTtY4zYrtcggYnZn7X8=,kDpoMxpWsg1h5D17TdUNBy83OTI=
53,16,Mq9TdmGqnTtY4zYrtcggYnZn7X8=,ceA7f8IMnIHflRTbusmFFxeTI28=
54,16,Mq9TdmGqnTtY4zYrtcggYnZn7X8=,kDpoMxpWsg1h5D17TdUNBy83OTI=
56,16,Mq9TdmGqnTtY4zYrtcggYnZn7X8=,RnN0lpeJeYYNdSZEXgnlOzX5YlU=
60,16,Mq9TdmGqnTtY4zYrtcggYnZn7X8=,z4h6+176uTOB0aEw7yL3PWGJ9Lg=
59,16,Mq9TdmGqnTtY4zYrtcggYnZn7X8=,2Xer76Ozy155c5vGQUI1INzGz1I=
58,16,Mq9TdmGqnTtY4zYrtcggYnZn7X8=,2Xer76Ozy155c5vGQUI1INzGz1I=
57,16,Mq9TdmGqnTtY4zYrtcggYnZn7X8=,RnN0lpeJeYYNdSZEXgnlOzX5YlU=
61,17,V30zZvugtUeLnoEBUOXmZrnizdQ=,z4h6+176uTOB0aEw7yL3PWGJ9Lg=
62,17,V30zZvugtUeLnoEBUOXmZrnizdQ=,s5zKtrr5VgVEHTQ9dIIxr3QoCe0=
62,18,V30zZvugtUeLnoEBUOXmZrnizdQ=,DJTZPCnJEA91/6UixNJoRI7DdUo=
62,16,V30zZvugtUeLnoEBUOXmZrnizdQ=,s5zKtrr5VgVEHTQ9dIIxr3QoCe0=
61,16,V30zZvugtUeLnoEBUOXmZrnizdQ=,z4h6+176uTOB0aEw7yL3PWGJ9Lg=
61,18,V30zZvugtUeLnoEBUOXmZrnizdQ=,t21kOKfe6B6HODmItg5U6l/8qnE=
58,20,V30zZvugtUeLnoEBUOXmZrnizdQ=,y85fgpKzi9Nv5IoWTbxbC279iBQ=
56,22,V30zZvugtUeLnoEBUOXmZrnizdQ=,O44j4VWpdSxV2pLuwK3SFMr1Zn8=
55,19,V30zZvugtUeLnoEBUOXmZrnizdQ=,DrVqYQvCk18FSOlMAjSLhQuxFoI=
58,19,V30zZvugtUeLnoEBUOXmZrnizdQ=,3zcUs88/48Wrw796VxysAEOchdQ=
57,21,V30zZvugtUeLnoEBUOXmZrnizdQ=,oWyWNA9dcS8Q2I9/csxf/kKtt2M=
55,21,V30zZvugtUeLnoEBUOXmZrnizdQ=,C5NTv6Jag14WCICei8j4YMyUo6E=
58,22,V30zZvugtUeLnoEBUOXmZrnizdQ=,IyWWvVUia3U3rDMs+Kcp+Pfv8Qw=
55,22,V30zZvugtUeLnoEBUOXmZrnizdQ=,gWbUsgXafr2d8hwmr7Zc8t/+ZOc=
56,19,V30zZvugtUeLnoEBUOXmZrnizdQ=,OHTs4XylNwmoXU1tB0Hg+lCS7g0=
58,21,V30zZvugtUeLnoEBUOXmZrnizdQ=,y85fgpKzi9Nv5IoWTbxbC279iBQ=
56,20,V30zZvugtUeLnoEBUOXmZrnizdQ=,oWyWNA9dcS8Q2I9/csxf/kKtt2M=
57,19,V30zZvugtUeLnoEBUOXmZrnizdQ=,OHTs4XylNwmoXU1tB0Hg+lCS7g0=
57,22,V30zZvugtUeLnoEBUOXmZrnizdQ=,O44j4VWpdSxV2pLuwK3SFMr1Zn8=
57,20,V30zZvugtUeLnoEBUOXmZrnizdQ=,oWyWNA9dcS8Q2I9/csxf/kKtt2M=
56,21,V30zZvugtUeLnoEBUOXmZrnizdQ=,oWyWNA9dcS8Q2I9/csxf/kKtt2M=
55,20,V30zZvugtUeLnoEBUOXmZrnizdQ=,C5NTv6Jag14WCICei8j4YMyUo6E=
50,29,zmh72kCm9iF8moYLts9PdQWMWr4=,4kIHnKdYW32y76kSdPXlylQeKi4=
49,30,zmh72kCm9iF8moYLts9PdQWMWr4=,+T5SOmIv6jx4A66jEyLRhRveVKc=
50,30,zmh72kCm9iF8moYLts9PdQWMWr4=,RI5z5HIGmbVP3wZ9nHoGvpe1IdI=
49,29,zmh72kCm9iF8moYLts9PdQWMWr4=,PPRxU2plkjDNSa7in2jfqVjnMt8=
49,27,zmh72kCm9iF8moYLts9PdQWMWr4=,dWsiV3QOxbdqLT3uFYWTNTKS088=
49,28,zmh72kCm9iF8moYLts9PdQWMWr4=,PPRxU2plkjDNSa7in2jfqVjnMt8=
50,27,zmh72kCm9iF8moYLts9PdQWMWr4=,SVo+2eJQuquETRGHL80YG5uDvbA=
50,28,zmh72kCm9iF8moYLts9PdQWMWr4=,4kIHnKdYW32y76kSdPXlylQeKi4=
50,25,zmh72kCm9iF8moYLts9PdQWMWr4=,w03ZdzSPku/+IsxW0ddycKBuPio=
49,25,zmh72kCm9iF8moYLts9PdQWMWr4=,H/XWuVGQQHmKGQYFOsKbZfWU/G4=
49,26,zmh72kCm9iF8moYLts9PdQWMWr4=,dWsiV3QOxbdqLT3uFYWTNTKS088=
50,26,zmh72kCm9iF8moYLts9PdQWMWr4=,SVo+2eJQuquETRGHL80YG5uDvbA=
49,24,mzs1xlSb//2jRet1xGm8ck6RklM=,H/XWuVGQQHmKGQYFOsKbZfWU/G4=
50,21,mzs1xlSb//2jRet1xGm8ck6RklM=,pFcK+kkVzZwBo1U4SU/l2y8pWys=
50,22,mzs1xlSb//2jRet1xGm8ck6RklM=,Y3aoS5rVCsQ4ZvWFJ92KVO/jMe0=
50,23,mzs1xlSb//2jRet1xGm8ck6RklM=,Y3aoS5rVCsQ4ZvWFJ92KVO/jMe0=
49,22,mzs1xlSb//2jRet1xGm8ck6RklM=,5ohvaDMOzefoaPn8KXdBjv0RuxQ=
50,24,mzs1xlSb//2jRet1xGm8ck6RklM=,w03ZdzSPku/+IsxW0ddycKBuPio=
49,21,mzs1xlSb//2jRet1xGm8ck6RklM=,kq6Y+onRkzbccu0RYGTdct3jb/k=
49,23,mzs1xlSb//2jRet1xGm8ck6RklM=,5ohvaDMOzefoaPn8KXdBjv0RuxQ=
48,31,wQ6kPTcFnvL9gwsc96/Rk7ZqT0s=,+T5SOmIv6jx4A66jEyLRhRveVKc=
51,19,wQ6kPTcFnvL9gwsc96/Rk7ZqT0s=,zPY9slbAeJ+oLmA6Xk5JQcgEHTc=
50,19,wQ6kPTcFnvL9gwsc96/Rk7ZqT0s=,zPY9slbAeJ+oLmA6Xk5JQcgEHTc=
49,20,wQ6kPTcFnvL9gwsc96/Rk7ZqT0s=,kq6Y+onRkzbccu0RYGTdct3jb/k=
51,20,wQ6kPTcFnvL9gwsc96/Rk7ZqT0s=,pFcK+kkVzZwBo1U4SU/l2y8pWys=
49,19,wQ6kPTcFnvL9gwsc96/Rk7ZqT0s=,K58S4wWtv6TBsGsBHcQ+qhHt5NQ=
50,20,wQ6kPTcFnvL9gwsc96/Rk7ZqT0s=,pFcK+kkVzZwBo1U4SU/l2y8pWys=
52,20,wQ6kPTcFnvL9gwsc96/Rk7ZqT0s=,FuNwvt8Q/Pq7U4LGUiLtO1FhXao=
52,19,wQ6kPTcFnvL9gwsc96/Rk7ZqT0s=,pFX9TMCWDSnux8eX7GUjMXhIns0=
49,31,wQ6kPTcFnvL9gwsc96/Rk7ZqT0s=,+T5SOmIv6jx4A66jEyLRhRveVKc=
50,31,wQ6kPTcFnvL9gwsc96/Rk7ZqT0s=,RI5z5HIGmbVP3wZ9nHoGvpe1IdI=
52,31,wQ6kPTcFnvL9gwsc96/Rk7ZqT0s=,yiSuShb2ayN3PPLClP8XH33whkg=
51,31,wQ6kPTcFnvL9gwsc96/Rk7ZqT0s=,RI5z5HIGmbVP3wZ9nHoGvpe1IdI=
53,31,wQ6kPTcFnvL9gwsc96/Rk7ZqT0s=,yiSuShb2ayN3PPLClP8XH33whkg=
54,31,wQ6kPTcFnvL9gwsc96/Rk7ZqT0s=,ImEtRu34YghX0jLYCl4puuiOfC4=
56,31,wQ6kPTcFnvL9gwsc96/Rk7ZqT0s=,HfiTgzo0AEujGi6UXeStyxnDTg0=
55,31,wQ6kPTcFnvL9gwsc96/Rk7ZqT0s=,ImEtRu34YghX0jLYCl4puuiOfC4=
57,31,wQ6kPTcFnvL9gwsc96/Rk7ZqT0s=,HfiTgzo0AEujGi6UXeStyxnDTg0=
58,31,wQ6kPTcFnvL9gwsc96/Rk7ZqT0s=,R7FQeqk71KqiEOjGB2oVlGDPqKE=
60,31,wQ6kPTcFnvL9gwsc96/Rk7ZqT0s=,dzFgO0qT84SpwzyNNZoRkKHYEhU=
59,31,wQ6kPTcFnvL9gwsc96/Rk7ZqT0s=,R7FQeqk71KqiEOjGB2oVlGDPqKE=
62,31,wQ6kPTcFnvL9gwsc96/Rk7ZqT0s=,CjaWBwuoIznklAP+u5dJmKwutFw=
61,31,wQ6kPTcFnvL9gwsc96/Rk7ZqT0s=,dzFgO0qT84SpwzyNNZoRkKHYEhU=
51,17,lwmVQtGCOPczu92tDLpKazTeQuw=,O81q4uJsTIsA5cDv2GUj/LUgjVU=
52,17,lwmVQtGCOPczu92tDLpKazTeQuw=,ceA7f8IMnIHflRTbusmFFxeTI28=
52,18,lwmVQtGCOPczu92tDLpKazTeQuw=,pFX9TMCWDSnux8eX7GUjMXhIns0=
52,16,lwmVQtGCOPczu92tDLpKazTeQuw=,ceA7f8IMnIHflRTbusmFFxeTI28=
51,18,lwmVQtGCOPczu92tDLpKazTeQuw=,zPY9slbAeJ+oLmA6Xk5JQcgEHTc=
51,16,lwmVQtGCOPczu92tDLpKazTeQuw=,O81q4uJsTIsA5cDv2GUj/LUgjVU=
48,29,lwmVQtGCOPczu92tDLpKazTeQuw=,PPRxU2plkjDNSa7in2jfqVjnMt8=
48,30,lwmVQtGCOPczu92tDLpKazTeQuw=,+T5SOmIv6jx4A66jEyLRhRveVKc=
48,16,lwmVQtGCOPczu92tDLpKazTeQuw=,jICZyBahidU9uMHWN6OTjoBDVDc=
49,16,lwmVQtGCOPczu92tDLpKazTeQuw=,jICZyBahidU9uMHWN6OTjoBDVDc=
49,17,lwmVQtGCOPczu92tDLpKazTeQuw=,jICZyBahidU9uMHWN6OTjoBDVDc=
49,18,lwmVQtGCOPczu92tDLpKazTeQuw=,K58S4wWtv6TBsGsBHcQ+qhHt5NQ=
48,18,lwmVQtGCOPczu92tDLpKazTeQuw=,K58S4wWtv6TBsGsBHcQ+qhHt5NQ=
50,17,lwmVQtGCOPczu92tDLpKazTeQuw=,O81q4uJsTIsA5cDv2GUj/LUgjVU=
50,16,lwmVQtGCOPczu92tDLpKazTeQuw=,O81q4uJsTIsA5cDv2GUj/LUgjVU=
50,18,lwmVQtGCOPczu92tDLpKazTeQuw=,zPY9slbAeJ+oLmA6Xk5JQcgEHTc=
48,17,lwmVQtGCOPczu92tDLpKazTeQuw=,jICZyBahidU9uMHWN6OTjoBDVDc=
48,27,tPehLXwssWYxazuSd5J/9PXzevo=,dWsiV3QOxbdqLT3uFYWTNTKS088=
48,28,tPehLXwssWYxazuSd5J/9PXzevo=,PPRxU2plkjDNSa7in2jfqVjnMt8=
48,25,tPehLXwssWYxazuSd5J/9PXzevo=,H/XWuVGQQHmKGQYFOsKbZfWU/G4=
48,26,tPehLXwssWYxazuSd5J/9PXzevo=,dWsiV3QOxbdqLT3uFYWTNTKS088=
48,24,tPehLXwssWYxazuSd5J/9PXzevo=,H/XWuVGQQHmKGQYFOsKbZfWU/G4=
48,21,tPehLXwssWYxazuSd5J/9PXzevo=,kq6Y+onRkzbccu0RYGTdct3jb/k=
48,22,tPehLXwssWYxazuSd5J/9PXzevo=,5ohvaDMOzefoaPn8KXdBjv0RuxQ=
48,23,tPehLXwssWYxazuSd5J/9PXzevo=,5ohvaDMOzefoaPn8KXdBjv0RuxQ=
48,20,tPehLXwssWYxazuSd5J/9PXzevo=,kq6Y+onRkzbccu0RYGTdct3jb/k=
48,19,tPehLXwssWYxazuSd5J/9PXzevo=,K58S4wWtv6TBsGsBHcQ+qhHt5NQ=
55,24,tPehLXwssWYxazuSd5J/9PXzevo=,PZ3X2YhXP1RIfgo9OhKHFLKjfSU=
56,24,tPehLXwssWYxazuSd5J/9PXzevo=,JdBUMVAimwzIHqFr+h9Mb/ik8Vs=
55,23,tPehLXwssWYxazuSd5J/9PXzevo=,gWbUsgXafr2d8hwmr7Zc8t/+ZOc=
54,23,tPehLXwssWYxazuSd5J/9PXzevo=,gWbUsgXafr2d8hwmr7Zc8t/+ZOc=
53,23,tPehLXwssWYxazuSd5J/9PXzevo=,+lLvnl4DbSxGLLBqLfVN/MTO/qo=
53,24,tPehLXwssWYxazuSd5J/9PXzevo=,t8mpZu1y34OiGv4uC3QCP3zZ7ys=
56,23,tPehLXwssWYxazuSd5J/9PXzevo=,O44j4VWpdSxV2pLuwK3SFMr1Zn8=
54,24,tPehLXwssWYxazuSd5J/9PXzevo=,PZ3X2YhXP1RIfgo9OhKHFLKjfSU=
55,28,tPehLXwssWYxazuSd5J/9PXzevo=,nm0eOJe23+U/UwCAFAFzJltOiFY=
54,28,tPehLXwssWYxazuSd5J/9PXzevo=,nm0eOJe23+U/UwCAFAFzJltOiFY=
56,28,tPehLXwssWYxazuSd5J/9PXzevo=,QeBFiDzBQLRPpxY7kiqDwe1EFi4=
55,27,tPehLXwssWYxazuSd5J/9PXzevo=,mwRPstSBpm+llq/taVWlmOP9RqI=
53,28,tPehLXwssWYxazuSd5J/9PXzevo=,eU+fhkDRDTf/s//ahZhwGDAcEBE=
53,25,tPehLXwssWYxazuSd5J/9PXzevo=,t8mpZu1y34OiGv4uC3QCP3zZ7ys=
53,27,tPehLXwssWYxazuSd5J/9PXzevo=,bT+dX1vOAp1myn+V+IXjEoEDkMM=
56,26,tPehLXwssWYxazuSd5J/9PXzevo=,d+xi+iVxBJlvidH3zZ12sGqwaZI=
55,25,tPehLXwssWYxazuSd5J/9PXzevo=,PZ3X2YhXP1RIfgo9OhKHFLKjfSU=
54,27,tPehLXwssWYxazuSd5J/9PXzevo=,mwRPstSBpm+llq/taVWlmOP9RqI=
53,26,tPehLXwssWYxazuSd5J/9PXzevo=,bT+dX1vOAp1myn+V+IXjEoEDkMM=
54,25,tPehLXwssWYxazuSd5J/9PXzevo=,PZ3X2YhXP1RIfgo9OhKHFLKjfSU=
55,26,tPehLXwssWYxazuSd5J/9PXzevo=,mwRPstSBpm+llq/taVWlmOP9RqI=
56,27,tPehLXwssWYxazuSd5J/9PXzevo=,d+xi+iVxBJlvidH3zZ12sGqwaZI=
54,26,tPehLXwssWYxazuSd5J/9PXzevo=,mwRPstSBpm+llq/taVWlmOP9RqI=
56,25,tPehLXwssWYxazuSd5J/9PXzevo=,JdBUMVAimwzIHqFr+h9Mb/ik8Vs=
62,4,KGwGuvN2PBEpjvICw9tX4mASj9Y=,fpABEWL6d4E9gCk93WKiMJxt42I=
62,3,KGwGuvN2PBEpjvICw9tX4mASj9Y=,oisRXTTENgGZXRxtJ/Nfz3faqTU=
61,3,KGwGuvN2PBEpjvICw9tX4mASj9Y=,yVILF45kRHhppDiJ5VHoh9+4jHs=
61,4,KGwGuvN2PBEpjvICw9tX4mASj9Y=,iZqrN+lDPrFC/aORh+wWRTxOfTs=
60,6,63MTgTsAst/Obgjtz45ur7oRJz0=,3esDt6t9yL87IRiqOLRSdAgSrVA=
59,5,63MTgTsAst/Obgjtz45ur7oRJz0=,iXhjDzFLuBPhIjHgsUr8se2VaUc=
60,5,63MTgTsAst/Obgjtz45ur7oRJz0=,iZqrN+lDPrFC/aORh+wWRTxOfTs=
60,4,63MTgTsAst/Obgjtz45ur7oRJz0=,iZqrN+lDPrFC/aORh+wWRTxOfTs=
60,3,63MTgTsAst/Obgjtz45ur7oRJz0=,yVILF45kRHhppDiJ5VHoh9+4jHs=
59,4,63MTgTsAst/Obgjtz45ur7oRJz0=,iXhjDzFLuBPhIjHgsUr8se2VaUc=
59,6,63MTgTsAst/Obgjtz45ur7oRJz0=,wDimggP6MsVmFU4iHgYMmHRnsiw=
59,3,63MTgTsAst/Obgjtz45ur7oRJz0=,gdxJtR8i/wmMeo0YKapzwUIj2TE=
60,8,Pq50pN4oLOUz94OF7+dQKmkd/vE=,eQ6JTwrdPgFIP1Mceb1Aj4k1J90=
59,7,Pq50pN4oLOUz94OF7+dQKmkd/vE=,wDimggP6MsVmFU4iHgYMmHRnsiw=
60,7,Pq50pN4oLOUz94OF7+dQKmkd/vE=,3esDt6t9yL87IRiqOLRSdAgSrVA=
59,8,Pq50pN4oLOUz94OF7+dQKmkd/vE=,VUYN2T18Nju2LRQzLxZQzMHL8t8=
62,9,Pq50pN4oLOUz94OF7+dQKmkd/vE=,Ivc0vewb+8o4XVLal1tJOxe8Qcs=
62,10,Pq50pN4oLOUz94OF7+dQKmkd/vE=,yFDhaA9gJMy+Ol+Hgzce8VuGgvY=
61,9,Pq50pN4oLOUz94OF7+dQKmkd/vE=,eQ6JTwrdPgFIP1Mceb1Aj4k1J90=
61,10,Pq50pN4oLOUz94OF7+dQKmkd/vE=,xPSOrm3T1haIySAjI/DonWpJpB0=
60,10,OuN87FzlerLILxktqcfhq8CW28o=,xPSOrm3T1haIySAjI/DonWpJpB0=
60,9,OuN87FzlerLILxktqcfhq8CW28o=,eQ6JTwrdPgFIP1Mceb1Aj4k1J90=
59,9,OuN87FzlerLILxktqcfhq8CW28o=,VUYN2T18Nju2LRQzLxZQzMHL8t8=
59,10,OuN87FzlerLILxktqcfhq8CW28o=,pVMitSCLn1kDviOoeLqOHM7twpo=
58,10,3T0sV8MhtemQ9TnVKWgDUTjRR50=,pVMitSCLn1kDviOoeLqOHM7twpo=
58,9,3T0sV8MhtemQ9TnVKWgDUTjRR50=,VUYN2T18Nju2LRQzLxZQzMHL8t8=
57,9,3T0sV8MhtemQ9TnVKWgDUTjRR50=,QOayKLqIREPu/ObumHYEHx/3SkM=
57,10,3T0sV8MhtemQ9TnVKWgDUTjRR50=,86OJXpNoVoNCDCz4bIv7obzPi0I=
58,8,ZyfBsEt4rVmAKGhapNtreh8xf/Y=,VUYN2T18Nju2LRQzLxZQzMHL8t8=
57,8,ZyfBsEt4rVmAKGhapNtreh8xf/Y=,QOayKLqIREPu/ObumHYEHx/3SkM=
57,7,ZyfBsEt4rVmAKGhapNtreh8xf/Y=,JPcSCFX/ceoPL56DKE8ry5SBbtQ=
58,7,ZyfBsEt4rVmAKGhapNtreh8xf/Y=,wDimggP6MsVmFU4iHgYMmHRnsiw=
57,6,ZyfBsEt4rVmAKGhapNtreh8xf/Y=,JPcSCFX/ceoPL56DKE8ry5SBbtQ=
57,5,ZyfBsEt4rVmAKGhapNtreh8xf/Y=,iRVu72oTLW8AI33/Ck3L73UrbOs=
58,5,ZyfBsEt4rVmAKGhapNtreh8xf/Y=,iXhjDzFLuBPhIjHgsUr8se2VaUc=
58,6,ZyfBsEt4rVmAKGhapNtreh8xf/Y=,wDimggP6MsVmFU4iHgYMmHRnsiw=
58,4,AQPKJ+o9EoK19cRJvjXkirYOuuA=,iXhjDzFLuBPhIjHgsUr8se2VaUc=
57,4,AQPKJ+o9EoK19cRJvjXkirYOuuA=,iRVu72oTLW8AI33/Ck3L73UrbOs=
57,3,AQPKJ+o9EoK19cRJvjXkirYOuuA=,08i285MwldUQqCMpV9Po1TWapyY=
58,3,AQPKJ+o9EoK19cRJvjXkirYOuuA=,gdxJtR8i/wmMeo0YKapzwUIj2TE=
56,4,xFAEjHY/EONMgqvGiVmUEzFVZT4=,iRVu72oTLW8AI33/Ck3L73UrbOs=
55,4,xFAEjHY/EONMgqvGiVmUEzFVZT4=,PrgxE/9HCFtb2Lc5/xE1ZK/m9Bk=
56,3,xFAEjHY/EONMgqvGiVmUEzFVZT4=,08i285MwldUQqCMpV9Po1TWapyY=
55,3,xFAEjHY/EONMgqvGiVmUEzFVZT4=,r1lxgl5cLY7qBh/mG12wBo1KkEs=
55,5,xFAEjHY/EONMgqvGiVmUEzFVZT4=,PrgxE/9HCFtb2Lc5/xE1ZK/m9Bk=
56,5,xFAEjHY/EONMgqvGiVmUEzFVZT4=,iRVu72oTLW8AI33/Ck3L73UrbOs=
55,6,xFAEjHY/EONMgqvGiVmUEzFVZT4=,cDLHCufHHHUJYgXt3h7Xvg5FUy0=
56,6,xFAEjHY/EONMgqvGiVmUEzFVZT4=,JPcSCFX/ceoPL56DKE8ry5SBbtQ=
55,8,QpojtQgil49FiQHLkLFvoYIXgXI=,uV/bSnYCsihNXgaeTKG+GY78Q5c=
56,7,QpojtQgil49FiQHLkLFvoYIXgXI=,JPcSCFX/ceoPL56DKE8ry5SBbtQ=
56,8,QpojtQgil49FiQHLkLFvoYIXgXI=,QOayKLqIREPu/ObumHYEHx/3SkM=
55,7,QpojtQgil49FiQHLkLFvoYIXgXI=,cDLHCufHHHUJYgXt3h7Xvg5FUy0=
54,4,QpojtQgil49FiQHLkLFvoYIXgXI=,PrgxE/9HCFtb2Lc5/xE1ZK/m9Bk=
53,4,QpojtQgil49FiQHLkLFvoYIXgXI=,nIIzRCKUizM3SvVYIZEmZTNibho=
53,3,QpojtQgil49FiQHLkLFvoYIXgXI=,HXdPUzaFkSFeptYn4F0M6s26evg=
54,3,QpojtQgil49FiQHLkLFvoYIXgXI=,r1lxgl5cLY7qBh/mG12wBo1KkEs=
54,5,uHgkcMED1tUrI/SEIzVnekDNeSI=,PrgxE/9HCFtb2Lc5/xE1ZK/m9Bk=
54,6,uHgkcMED1tUrI/SEIzVnekDNeSI=,cDLHCufHHHUJYgXt3h7Xvg5FUy0=
53,5,uHgkcMED1tUrI/SEIzVnekDNeSI=,nIIzRCKUizM3SvVYIZEmZTNibho=
53,6,uHgkcMED1tUrI/SEIzVnekDNeSI=,B0FiFANRgUn22yFSQI4pwhReKsM=
54,8,ojqCq4LU8nuStYijpRPNAnZufHg=,uV/bSnYCsihNXgaeTKG+GY78Q5c=
54,7,ojqCq4LU8nuStYijpRPNAnZufHg=,cDLHCufHHHUJYgXt3h7Xvg5FUy0=
53,7,ojqCq4LU8nuStYijpRPNAnZufHg=,B0FiFANRgUn22yFSQI4pwhReKsM=
53,8,ojqCq4LU8nuStYijpRPNAnZufHg=,X7N/sFHxgayImT5qkhm/4Ej6+xs=
52,3,ojqCq4LU8nuStYijpRPNAnZufHg=,HXdPUzaFkSFeptYn4F0M6s26evg=
52,4,ojqCq4LU8nuStYijpRPNAnZufHg=,nIIzRCKUizM3SvVYIZEmZTNibho=
51,4,ojqCq4LU8nuStYijpRPNAnZufHg=,ceXQkKooJSeeI+4uEUIAs+uqzvE=
51,3,ojqCq4LU8nuStYijpRPNAnZufHg=,jib5TDiKlHBalrGvTZEukdUcPC4=
52,5,WjYToJTUtGNIA5RM096Pd/6N/lk=,nIIzRCKUizM3SvVYIZEmZTNibho=
52,6,WjYToJTUtGNIA5RM096Pd/6N/lk=,B0FiFANRgUn22yFSQI4pwhReKsM=
51,5,WjYToJTUtGNIA5RM096Pd/6N/lk=,ceXQkKooJSeeI+4uEUIAs+uqzvE=
51,6,WjYToJTUtGNIA5RM096Pd/6N/lk=,Bn9tLIt9BBTYfThjSoI3gqkBty8=
51,8,PMobGa5CTFow065rbKuOdSi8q7E=,QM8P0msuTfdDF5bosNDnT+MQ970=
52,7,PMobGa5CTFow065rbKuOdSi8q7E=,B0FiFANRgUn22yFSQI4pwhReKsM=
52,8,PMobGa5CTFow065rbKuOdSi8q7E=,X7N/sFHxgayImT5qkhm/4Ej6+xs=
51,7,PMobGa5CTFow065rbKuOdSi8q7E=,Bn9tLIt9BBTYfThjSoI3gqkBty8=
50,9,10EhwiouvNOUyzxOUhl4HbMSlZs=,QM8P0msuTfdDF5bosNDnT+MQ970=
50,10,10EhwiouvNOUyzxOUhl4HbMSlZs=,r/Tj3O0t0ZX/vkorQ8ecB3RTF1Q=
49,9,10EhwiouvNOUyzxOUhl4HbMSlZs=,1jhQodSgJqhLtIph3J0epZWcHlI=
49,10,10EhwiouvNOUyzxOUhl4HbMSlZs=,MBuk8qxZ6Tj20P2/dKzIjcz6cQw=
49,12,ZUdn00fMAw8gUoqs2llHs48417Q=,tjA4cz2T1eOJ4Os+3+CGl9xjgZM=
49,11,ZUdn00fMAw8gUoqs2llHs48417Q=,MBuk8qxZ6Tj20P2/dKzIjcz6cQw=
50,12,ZUdn00fMAw8gUoqs2llHs48417Q=,eTYvNtJM4Qef2alVIYZGq53x89M=
50,11,ZUdn00fMAw8gUoqs2llHs48417Q=,r/Tj3O0t0ZX/vkorQ8ecB3RTF1Q=
50,13,ODfmACC3Ds2D/gS4B5VMNRB6sfs=,eTYvNtJM4Qef2alVIYZGq53x89M=
49,14,ODfmACC3Ds2D/gS4B5VMNRB6sfs=,OKR6UOuMQUgF7tJg1uqlRBfBvyE=
49,13,ODfmACC3Ds2D/gS4B5VMNRB6sfs=,tjA4cz2T1eOJ4Os+3+CGl9xjgZM=
50,14,ODfmACC3Ds2D/gS4B5VMNRB6sfs=,7MvKaX676tYGX/OIog11PYtwEOw=
51,13,/YCqP+027QeuMAI/t7Vp4GUuetA=,eTYvNtJM4Qef2alVIYZGq53x89M=
51,14,/YCqP+027QeuMAI/t7Vp4GUuetA=,7MvKaX676tYGX/OIog11PYtwEOw=
52,13,/YCqP+027QeuMAI/t7Vp4GUuetA=,aquvQebwxXELskhbbbJL+E90OZY=
52,14,/YCqP+027QeuMAI/t7Vp4GUuetA=,C04XSNseIVlEdb2yhVX2ji4+JVM=
54,13,eliUJD0Hzb422v7gUoyIXJtITJo=,84KYGehnrgK3aZZJnqqHQxw0Kfc=
53,13,eliUJD0Hzb422v7gUoyIXJtITJo=,aquvQebwxXELskhbbbJL+E90OZY=
53,14,eliUJD0Hzb422v7gUoyIXJtITJo=,C04XSNseIVlEdb2yhVX2ji4+JVM=
54,14,eliUJD0Hzb422v7gUoyIXJtITJo=,lp0p3uLUEYKW3rPnlP/K9apK0Gg=
56,14,91yKmHrOsS9J7B/VjP7W6IUFRK4=,OyklAvUXoilYUGUCVtFOtB2/LLU=
55,13,91yKmHrOsS9J7B/VjP7W6IUFRK4=,84KYGehnrgK3aZZJnqqHQxw0Kfc=
55,14,91yKmHrOsS9J7B/VjP7W6IUFRK4=,lp0p3uLUEYKW3rPnlP/K9apK0Gg=
56,13,91yKmHrOsS9J7B/VjP7W6IUFRK4=,9p4e52bmnEHa+ANU2mqwg7BjVwU=
58,11,a+R+uJ0ttIGGp2OKJ+UDrshbC54=,pVMitSCLn1kDviOoeLqOHM7twpo=
57,11,a+R+uJ0ttIGGp2OKJ+UDrshbC54=,86OJXpNoVoNCDCz4bIv7obzPi0I=
58,12,a+R+uJ0ttIGGp2OKJ+UDrshbC54=,cTguxAKO0o5cLpPyc9JaOjX3uwA=
57,12,a+R+uJ0ttIGGp2OKJ+UDrshbC54=,9p4e52bmnEHa+ANU2mqwg7BjVwU=
58,13,JO8pAynGPxADm7f/6jHAwSye7Hc=,cTguxAKO0o5cLpPyc9JaOjX3uwA=
57,14,JO8pAynGPxADm7f/6jHAwSye7Hc=,OyklAvUXoilYUGUCVtFOtB2/LLU=
57,13,JO8pAynGPxADm7f/6jHAwSye7Hc=,9p4e52bmnEHa+ANU2mqwg7BjVwU=
58,14,JO8pAynGPxADm7f/6jHAwSye7Hc=,98kECqPiwxXf+SWVBUt9TjWL8ZQ=
62,2,x4Y6lixW/snXuXNVcJFZX3PC+9k=,oisRXTTENgGZXRxtJ/Nfz3faqTU=
62,1,x4Y6lixW/snXuXNVcJFZX3PC+9k=,hXH0IOu3+1bslsiqCcW7p75i1HY=
61,1,x4Y6lixW/snXuXNVcJFZX3PC+9k=,/r9a+nd/gBQt+WOOAu3n4Ndn4WM=
61,2,x4Y6lixW/snXuXNVcJFZX3PC+9k=,yVILF45kRHhppDiJ5VHoh9+4jHs=
62,15,x4Y6lixW/snXuXNVcJFZX3PC+9k=,21Eh98hvIwgtYauzvekOINjlKGE=
61,15,x4Y6lixW/snXuXNVcJFZX3PC+9k=,6F1Gjo9iRk/muT5gzSj2rVEG2J8=
60,15,x4Y6lixW/snXuXNVcJFZX3PC+9k=,6F1Gjo9iRk/muT5gzSj2rVEG2J8=
59,15,x4Y6lixW/snXuXNVcJFZX3PC+9k=,98kECqPiwxXf+SWVBUt9TjWL8ZQ=
60,12,x4Y6lixW/snXuXNVcJFZX3PC+9k=,3Bg9YdNsBYScmo+wqx2dWpTKRHM=
62,13,x4Y6lixW/snXuXNVcJFZX3PC+9k=,3UjJcjPwCJJGb525Bc/2uWPnmdY=
61,13,x4Y6lixW/snXuXNVcJFZX3PC+9k=,3Bg9YdNsBYScmo+wqx2dWpTKRHM=
60,13,x4Y6lixW/snXuXNVcJFZX3PC+9k=,3Bg9YdNsBYScmo+wqx2dWpTKRHM=
59,11,x4Y6lixW/snXuXNVcJFZX3PC+9k=,pVMitSCLn1kDviOoeLqOHM7twpo=
61,11,x4Y6lixW/snXuXNVcJFZX3PC+9k=,xPSOrm3T1haIySAjI/DonWpJpB0=
59,13,x4Y6lixW/snXuXNVcJFZX3PC+9k=,cTguxAKO0o5cLpPyc9JaOjX3uwA=
62,11,x4Y6lixW/snXuXNVcJFZX3PC+9k=,yFDhaA9gJMy+Ol+Hgzce8VuGgvY=
60,14,x4Y6lixW/snXuXNVcJFZX3PC+9k=,6F1Gjo9iRk/muT5gzSj2rVEG2J8=
60,11,x4Y6lixW/snXuXNVcJFZX3PC+9k=,xPSOrm3T1haIySAjI/DonWpJpB0=
59,14,x4Y6lixW/snXuXNVcJFZX3PC+9k=,98kECqPiwxXf+SWVBUt9TjWL8ZQ=
61,12,x4Y6lixW/snXuXNVcJFZX3PC+9k=,3Bg9YdNsBYScmo+wqx2dWpTKRHM=
59,12,x4Y6lixW/snXuXNVcJFZX3PC+9k=,cTguxAKO0o5cLpPyc9JaOjX3uwA=
62,14,x4Y6lixW/snXuXNVcJFZX3PC+9k=,21Eh98hvIwgtYauzvekOINjlKGE=
61,14,x4Y6lixW/snXuXNVcJFZX3PC+9k=,6F1Gjo9iRk/muT5gzSj2rVEG2J8=
62,12,x4Y6lixW/snXuXNVcJFZX3PC+9k=,3UjJcjPwCJJGb525Bc/2uWPnmdY=
60,2,xwJjarxWGzyqr2vHGGWOZn4Sles=,yVILF45kRHhppDiJ5VHoh9+4jHs=
60,1,xwJjarxWGzyqr2vHGGWOZn4Sles=,/r9a+nd/gBQt+WOOAu3n4Ndn4WM=
59,2,xwJjarxWGzyqr2vHGGWOZn4Sles=,gdxJtR8i/wmMeo0YKapzwUIj2TE=
59,1,xwJjarxWGzyqr2vHGGWOZn4Sles=,C/feZbfS6lVzblDeAXMCAk3yyv4=
58,2,p4qfAGuVTbHCBjnxukQD4XsRfR0=,gdxJtR8i/wmMeo0YKapzwUIj2TE=
57,2,p4qfAGuVTbHCBjnxukQD4XsRfR0=,08i285MwldUQqCMpV9Po1TWapyY=
57,1,p4qfAGuVTbHCBjnxukQD4XsRfR0=,t2cNvEc588Tm5NpFI6Ig/X9cGmQ=
58,1,p4qfAGuVTbHCBjnxukQD4XsRfR0=,C/feZbfS6lVzblDeAXMCAk3yyv4=
56,2,p4qfAGuVTbHCBjnxukQD4XsRfR0=,08i285MwldUQqCMpV9Po1TWapyY=
56,1,p4qfAGuVTbHCBjnxukQD4XsRfR0=,t2cNvEc588Tm5NpFI6Ig/X9cGmQ=
55,2,p4qfAGuVTbHCBjnxukQD4XsRfR0=,r1lxgl5cLY7qBh/mG12wBo1KkEs=
55,1,p4qfAGuVTbHCBjnxukQD4XsRfR0=,giL7jl95KmrxkFP9AO9W2x/6/vs=
53,1,p4qfAGuVTbHCBjnxukQD4XsRfR0=,w4HJKaJwdN3dcXfuWkQ2g5iM2TU=
53,2,p4qfAGuVTbHCBjnxukQD4XsRfR0=,HXdPUzaFkSFeptYn4F0M6s26evg=
54,2,p4qfAGuVTbHCBjnxukQD4XsRfR0=,r1lxgl5cLY7qBh/mG12wBo1KkEs=
54,1,p4qfAGuVTbHCBjnxukQD4XsRfR0=,giL7jl95KmrxkFP9AO9W2x/6/vs=
51,2,k7TK+AzsBGeeURrqOlHNo5AdGJU=,jib5TDiKlHBalrGvTZEukdUcPC4=
52,1,k7TK+AzsBGeeURrqOlHNo5AdGJU=,w4HJKaJwdN3dcXfuWkQ2g5iM2TU=
52,2,k7TK+AzsBGeeURrqOlHNo5AdGJU=,HXdPUzaFkSFeptYn4F0M6s26evg=
51,1,k7TK+AzsBGeeURrqOlHNo5AdGJU=,Ruvq1vFzfXP0BElFhVbAm3iZbbg=
48,9,k7TK+AzsBGeeURrqOlHNo5AdGJU=,1jhQodSgJqhLtIph3J0epZWcHlI=
48,10,k7TK+AzsBGeeURrqOlHNo5AdGJU=,MBuk8qxZ6Tj20P2/dKzIjcz6cQw=
48,12,k7TK+AzsBGeeURrqOlHNo5AdGJU=,tjA4cz2T1eOJ4Os+3+CGl9xjgZM=
48,11,k7TK+AzsBGeeURrqOlHNo5AdGJU=,MBuk8qxZ6Tj20P2/dKzIjcz6cQw=
48,14,k7TK+AzsBGeeURrqOlHNo5AdGJU=,OKR6UOuMQUgF7tJg1uqlRBfBvyE=
48,13,k7TK+AzsBGeeURrqOlHNo5AdGJU=,tjA4cz2T1eOJ4Os+3+CGl9xjgZM=
49,2,k7TK+AzsBGeeURrqOlHNo5AdGJU=,D/Bjz2QqYf+4CYOcJZ2Qq6VsUtQ=
50,1,k7TK+AzsBGeeURrqOlHNo5AdGJU=,Ruvq1vFzfXP0BElFhVbAm3iZbbg=
48,2,k7TK+AzsBGeeURrqOlHNo5AdGJU=,D/Bjz2QqYf+4CYOcJZ2Qq6VsUtQ=
49,1,k7TK+AzsBGeeURrqOlHNo5AdGJU=,DJLhB1TVGL4XyGYsKgDdZsv4res=
50,2,k7TK+AzsBGeeURrqOlHNo5AdGJU=,jib5TDiKlHBalrGvTZEukdUcPC4=
48,1,k7TK+AzsBGeeURrqOlHNo5AdGJU=,DJLhB1TVGL4XyGYsKgDdZsv4res=
58,15,k7TK+AzsBGeeURrqOlHNo5AdGJU=,98kECqPiwxXf+SWVBUt9TjWL8ZQ=
55,15,k7TK+AzsBGeeURrqOlHNo5AdGJU=,lp0p3uLUEYKW3rPnlP/K9apK0Gg=
56,15,k7TK+AzsBGeeURrqOlHNo5AdGJU=,OyklAvUXoilYUGUCVtFOtB2/LLU=
57,15,k7TK+AzsBGeeURrqOlHNo5AdGJU=,OyklAvUXoilYUGUCVtFOtB2/LLU=
49,0,k7TK+AzsBGeeURrqOlHNo5AdGJU=,DJLhB1TVGL4XyGYsKgDdZsv4res=
50,0,k7TK+AzsBGeeURrqOlHNo5AdGJU=,Ruvq1vFzfXP0BElFhVbAm3iZbbg=
48,0,k7TK+AzsBGeeURrqOlHNo5AdGJU=,DJLhB1TVGL4XyGYsKgDdZsv4res=
53,15,k7TK+AzsBGeeURrqOlHNo5AdGJU=,C04XSNseIVlEdb2yhVX2ji4+JVM=
54,15,k7TK+AzsBGeeURrqOlHNo5AdGJU=,lp0p3uLUEYKW3rPnlP/K9apK0Gg=
51,15,k7TK+AzsBGeeURrqOlHNo5AdGJU=,7MvKaX676tYGX/OIog11PYtwEOw=
50,4,k7TK+AzsBGeeURrqOlHNo5AdGJU=,ceXQkKooJSeeI+4uEUIAs+uqzvE=
50,3,k7TK+AzsBGeeURrqOlHNo5AdGJU=,jib5TDiKlHBalrGvTZEukdUcPC4=
48,4,k7TK+AzsBGeeURrqOlHNo5AdGJU=,a3i8y6D0cZ3Tjvp2EkCs7g8+0/U=
52,15,k7TK+AzsBGeeURrqOlHNo5AdGJU=,C04XSNseIVlEdb2yhVX2ji4+JVM=
49,3,k7TK+AzsBGeeURrqOlHNo5AdGJU=,D/Bjz2QqYf+4CYOcJZ2Qq6VsUtQ=
48,3,k7TK+AzsBGeeURrqOlHNo5AdGJU=,D/Bjz2QqYf+4CYOcJZ2Qq6VsUtQ=
49,15,k7TK+AzsBGeeURrqOlHNo5AdGJU=,OKR6UOuMQUgF7tJg1uqlRBfBvyE=
50,15,k7TK+AzsBGeeURrqOlHNo5AdGJU=,7MvKaX676tYGX/OIog11PYtwEOw=
49,4,k7TK+AzsBGeeURrqOlHNo5AdGJU=,a3i8y6D0cZ3Tjvp2EkCs7g8+0/U=
48,15,k7TK+AzsBGeeURrqOlHNo5AdGJU=,OKR6UOuMQUgF7tJg1uqlRBfBvyE=
61,6,wp5gWsFRUEaWSWGL38ahL+Vcj8o=,3esDt6t9yL87IRiqOLRSdAgSrVA=
62,6,wp5gWsFRUEaWSWGL38ahL+Vcj8o=,+dd6/nKrWBLiOyOz6MtVDk5YZGE=
62,5,wp5gWsFRUEaWSWGL38ahL+Vcj8o=,fpABEWL6d4E9gCk93WKiMJxt42I=
62,8,wp5gWsFRUEaWSWGL38ahL+Vcj8o=,Ivc0vewb+8o4XVLal1tJOxe8Qcs=
62,7,wp5gWsFRUEaWSWGL38ahL+Vcj8o=,+dd6/nKrWBLiOyOz6MtVDk5YZGE=
61,5,wp5gWsFRUEaWSWGL38ahL+Vcj8o=,iZqrN+lDPrFC/aORh+wWRTxOfTs=
61,7,wp5gWsFRUEaWSWGL38ahL+Vcj8o=,3esDt6t9yL87IRiqOLRSdAgSrVA=
61,8,wp5gWsFRUEaWSWGL38ahL+Vcj8o=,eQ6JTwrdPgFIP1Mceb1Aj4k1J90=
51,0,wp5gWsFRUEaWSWGL38ahL+Vcj8o=,Ruvq1vFzfXP0BElFhVbAm3iZbbg=
52,0,wp5gWsFRUEaWSWGL38ahL+Vcj8o=,w4HJKaJwdN3dcXfuWkQ2g5iM2TU=
54,0,wp5gWsFRUEaWSWGL38ahL+Vcj8o=,giL7jl95KmrxkFP9AO9W2x/6/vs=
53,0,wp5gWsFRUEaWSWGL38ahL+Vcj8o=,w4HJKaJwdN3dcXfuWkQ2g5iM2TU=
50,6,wp5gWsFRUEaWSWGL38ahL+Vcj8o=,Bn9tLIt9BBTYfThjSoI3gqkBty8=
49,8,wp5gWsFRUEaWSWGL38ahL+Vcj8o=,1jhQodSgJqhLtIph3J0epZWcHlI=
49,7,wp5gWsFRUEaWSWGL38ahL+Vcj8o=,jvJ+A0Zo+uSb7y7idfKMG6zyFLg=
48,8,wp5gWsFRUEaWSWGL38ahL+Vcj8o=,1jhQodSgJqhLtIph3J0epZWcHlI=
49,5,wp5gWsFRUEaWSWGL38ahL+Vcj8o=,a3i8y6D0cZ3Tjvp2EkCs7g8+0/U=
48,6,wp5gWsFRUEaWSWGL38ahL+Vcj8o=,jvJ+A0Zo+uSb7y7idfKMG6zyFLg=
48,5,wp5gWsFRUEaWSWGL38ahL+Vcj8o=,a3i8y6D0cZ3Tjvp2EkCs7g8+0/U=
48,7,wp5gWsFRUEaWSWGL38ahL+Vcj8o=,jvJ+A0Zo+uSb7y7idfKMG6zyFLg=
50,7,wp5gWsFRUEaWSWGL38ahL+Vcj8o=,Bn9tLIt9BBTYfThjSoI3gqkBty8=
50,8,wp5gWsFRUEaWSWGL38ahL+Vcj8o=,QM8P0msuTfdDF5bosNDnT+MQ970=
50,5,wp5gWsFRUEaWSWGL38ahL+Vcj8o=,ceXQkKooJSeeI+4uEUIAs+uqzvE=
49,6,wp5gWsFRUEaWSWGL38ahL+Vcj8o=,jvJ+A0Zo+uSb7y7idfKMG6zyFLg=
55,0,OOmXWuBuoS8yXYpDr2eKOro0tNM=,giL7jl95KmrxkFP9AO9W2x/6/vs=
56,0,OOmXWuBuoS8yXYpDr2eKOro0tNM=,t2cNvEc588Tm5NpFI6Ig/X9cGmQ=
57,0,OOmXWuBuoS8yXYpDr2eKOro0tNM=,t2cNvEc588Tm5NpFI6Ig/X9cGmQ=
59,0,OOmXWuBuoS8yXYpDr2eKOro0tNM=,C/feZbfS6lVzblDeAXMCAk3yyv4=
58,0,OOmXWuBuoS8yXYpDr2eKOro0tNM=,C/feZbfS6lVzblDeAXMCAk3yyv4=
60,0,OOmXWuBuoS8yXYpDr2eKOro0tNM=,/r9a+nd/gBQt+WOOAu3n4Ndn4WM=
62,0,OOmXWuBuoS8yXYpDr2eKOro0tNM=,hXH0IOu3+1bslsiqCcW7p75i1HY=
61,0,OOmXWuBuoS8yXYpDr2eKOro0tNM=,/r9a+nd/gBQt+WOOAu3n4Ndn4WM=
55,11,OOmXWuBuoS8yXYpDr2eKOro0tNM=,SPimK2rSlgpW8NfHZiBsYvEXaS8=
55,10,OOmXWuBuoS8yXYpDr2eKOro0tNM=,SPimK2rSlgpW8NfHZiBsYvEXaS8=
55,12,OOmXWuBuoS8yXYpDr2eKOro0tNM=,84KYGehnrgK3aZZJnqqHQxw0Kfc=
56,12,OOmXWuBuoS8yXYpDr2eKOro0tNM=,9p4e52bmnEHa+ANU2mqwg7BjVwU=
55,9,OOmXWuBuoS8yXYpDr2eKOro0tNM=,uV/bSnYCsihNXgaeTKG+GY78Q5c=
56,9,OOmXWuBuoS8yXYpDr2eKOro0tNM=,QOayKLqIREPu/ObumHYEHx/3SkM=
56,11,OOmXWuBuoS8yXYpDr2eKOro0tNM=,86OJXpNoVoNCDCz4bIv7obzPi0I=
56,10,OOmXWuBuoS8yXYpDr2eKOro0tNM=,86OJXpNoVoNCDCz4bIv7obzPi0I=
51,9,OOmXWuBuoS8yXYpDr2eKOro0tNM=,QM8P0msuTfdDF5bosNDnT+MQ970=
52,10,OOmXWuBuoS8yXYpDr2eKOro0tNM=,iTxLQOF2/Oi0PWmeFmRSpfqGrE8=
53,10,OOmXWuBuoS8yXYpDr2eKOro0tNM=,iTxLQOF2/Oi0PWmeFmRSpfqGrE8=
54,12,OOmXWuBuoS8yXYpDr2eKOro0tNM=,84KYGehnrgK3aZZJnqqHQxw0Kfc=
53,11,OOmXWuBuoS8yXYpDr2eKOro0tNM=,iTxLQOF2/Oi0PWmeFmRSpfqGrE8=
51,12,OOmXWuBuoS8yXYpDr2eKOro0tNM=,eTYvNtJM4Qef2alVIYZGq53x89M=
54,11,OOmXWuBuoS8yXYpDr2eKOro0tNM=,SPimK2rSlgpW8NfHZiBsYvEXaS8=
54,10,OOmXWuBuoS8yXYpDr2eKOro0tNM=,SPimK2rSlgpW8NfHZiBsYvEXaS8=
53,12,OOmXWuBuoS8yXYpDr2eKOro0tNM=,aquvQebwxXELskhbbbJL+E90OZY=
54,9,OOmXWuBuoS8yXYpDr2eKOro0tNM=,uV/bSnYCsihNXgaeTKG+GY78Q5c=
51,10,OOmXWuBuoS8yXYpDr2eKOro0tNM=,r/Tj3O0t0ZX/vkorQ8ecB3RTF1Q=
53,9,OOmXWuBuoS8yXYpDr2eKOro0tNM=,X7N/sFHxgayImT5qkhm/4Ej6+xs=
52,11,OOmXWuBuoS8yXYpDr2eKOro0tNM=,iTxLQOF2/Oi0PWmeFmRSpfqGrE8=
51,11,OOmXWuBuoS8yXYpDr2eKOro0tNM=,r/Tj3O0t0ZX/vkorQ8ecB3RTF1Q=
52,12,OOmXWuBuoS8yXYpDr2eKOro0tNM=,aquvQebwxXELskhbbbJL+E90OZY=
52,9,OOmXWuBuoS8yXYpDr2eKOro0tNM=,X7N/sFHxgayImT5qkhm/4Ej6+xs=
