58,-8,dnKAh5Od+vWk0rcEs8bLCUXBmQU=,KvyXNLmeFKBdGhu8Nd8XFDOH1T8=
58,-9,dnKAh5Od+vWk0rcEs8bLCUXBmQU=,JdZJB3E2wUGep0AvgAVCrBYHuPw=
57,-9,dnKAh5Od+vWk0rcEs8bLCUXBmQU=,ACsawClgN9CwckuI1l4RGLPg2xo=
57,-8,dnKAh5Od+vWk0rcEs8bLCUXBmQU=,6Cott1xgk1/vjoPdcQOg4IkYETc=
57,-7,vENRZm6lygP+uw1ruULKLSsgF9Y=,6Cott1xgk1/vjoPdcQOg4IkYETc=
58,-7,vENRZm6lygP+uw1ruULKLSsgF9Y=,KvyXNLmeFKBdGhu8Nd8XFDOH1T8=
57,-6,vENRZm6lygP+uw1ruULKLSsgF9Y=,dapYwAKbnDuqgJTgKDF/0qvBVPY=
58,-6,vENRZm6lygP+uw1ruULKLSsgF9Y=,1vPOV+UjLd7PnWqE6V9nXQsVFOE=
57,-5,vENRZm6lygP+uw1ruULKLSsgF9Y=,dapYwAKbnDuqgJTgKDF/0qvBVPY=
58,-5,vENRZm6lygP+uw1ruULKLSsgF9Y=,1vPOV+UjLd7PnWqE6V9nXQsVFOE=
58,-4,vENRZm6lygP+uw1ruULKLSsgF9Y=,ea4WSXdAlR1Y3ZabF6xY4Sw6Z5E=
57,-4,vENRZm6lygP+uw1ruULKLSsgF9Y=,gpIhWPp+WCdZ5F9NOCVA2pUHnVU=
56,-4,xpe+IB0+fb/7YaZUgpX9ZVvF2ZA=,gpIhWPp+WCdZ5F9NOCVA2pUHnVU=
55,-4,xpe+IB0+fb/7YaZUgpX9ZVvF2ZA=,P7FETetE/+AL9Ow6ZPlXRESz+x0=
56,-5,xpe+IB0+fb/7YaZUgpX9ZVvF2ZA=,dapYwAKbnDuqgJTgKDF/0qvBVPY=
55,-5,xpe+IB0+fb/7YaZUgpX9ZVvF2ZA=,z1oy3JV0uNsMv087RVbfSyx8EBw=
54,-4,xpe+IB0+fb/7YaZUgpX9ZVvF2ZA=,P7FETetE/+AL9Ow6ZPlXRESz+x0=
53,-5,xpe+IB0+fb/7YaZUgpX9ZVvF2ZA=,uxQQxErqyBL2rXKj2hyxeKpfYws=
54,-5,xpe+IB0+fb/7YaZUgpX9ZVvF2ZA=,z1oy3JV0uNsMv087RVbfSyx8EBw=
53,-4,xpe+IB0+fb/7YaZUgpX9ZVvF2ZA=,g+GjR3AjVl5hhpr7TQWK8k6g4gk=
52,-4,/it/mLam5Vevfdnw9UWV9K0vPCc=,g+GjR3AjVl5hhpr7TQWK8k6g4gk=
51,-5,/it/mLam5Vevfdnw9UWV9K0vPCc=,lKS58cRKiFeyLBTAbvrb6uQ82ko=
51,-4,/it/mLam5Vevfdnw9UWV9K0vPCc=,rsssNvRz16yoN2Ewnt4xZc0FSfg=
52,-5,/it/mLam5Vevfdnw9UWV9K0vPCc=,uxQQxErqyBL2rXKj2hyxeKpfYws=
52,-2,/it/mLam5Vevfdnw9UWV9K0vPCc=,In0HdCtGnNy6mw802iFMV+orJLo=
52,-3,/it/mLam5Vevfdnw9UWV9K0vPCc=,g+GjR3AjVl5hhpr7TQWK8k6g4gk=
51,-3,/it/mLam5Vevfdnw9UWV9K0vPCc=,rsssNvRz16yoN2Ewnt4xZc0FSfg=
51,-2,/it/mLam5Vevfdnw9UWV9K0vPCc=,yiEUMy+0uBqrTsLiBrmgr93bYxs=
49,-5,0lbO0XV2HeAzJdvYLTHQ/yCPSfI=,z8T6Z877G5mD0u1rnC+ubJND3xw=
50,-5,0lbO0XV2HeAzJdvYLTHQ/yCPSfI=,lKS58cRKiFeyLBTAbvrb6uQ82ko=
50,-4,0lbO0XV2HeAzJdvYLTHQ/yCPSfI=,rsssNvRz16yoN2Ewnt4xZc0FSfg=
49,-4,0lbO0XV2HeAzJdvYLTHQ/yCPSfI=,KHPm7q4UVNA+IPJcB8H/aUSH5Qs=
49,-3,0lbO0XV2HeAzJdvYLTHQ/yCPSfI=,KHPm7q4UVNA+IPJcB8H/aUSH5Qs=
50,-3,0lbO0XV2HeAzJdvYLTHQ/yCPSfI=,rsssNvRz16yoN2Ewnt4xZc0FSfg=
50,-2,0lbO0XV2HeAzJdvYLTHQ/yCPSfI=,yiEUMy+0uBqrTsLiBrmgr93bYxs=
49,-2,0lbO0XV2HeAzJdvYLTHQ/yCPSfI=,VlS7sqfw2RsNd0RdOAMpdGCiJqQ=
50,-7,v+OHQg6WCPKZ4q1f37vsp94KhQg=,LTO4mr5CE9/j1VClT1fAd5tEuSI=
49,-7,v+OHQg6WCPKZ4q1f37vsp94KhQg=,6V5KSvipMalvnUaAGOPoOajagmU=
50,-6,v+OHQg6WCPKZ4q1f37vsp94KhQg=,lKS58cRKiFeyLBTAbvrb6uQ82ko=
49,-6,v+OHQg6WCPKZ4q1f37vsp94KhQg=,z8T6Z877G5mD0u1rnC+ubJND3xw=
49,-8,v+OHQg6WCPKZ4q1f37vsp94KhQg=,6V5KSvipMalvnUaAGOPoOajagmU=
49,-9,7ETCXNn0bFwn8liEQpg1eQnA6Kw=,zM1CkDml7e99DM9rq3rrNmHx66Y=
50,-8,7ETCXNn0bFwn8liEQpg1eQnA6Kw=,LTO4mr5CE9/j1VClT1fAd5tEuSI=
50,-9,7ETCXNn0bFwn8liEQpg1eQnA6Kw=,KFuXvDzevI/QMp1Zax9q4Sd8dYc=
50,-10,eT6fCLwsfK5fiCLv4nPsZykhJFs=,KFuXvDzevI/QMp1Zax9q4Sd8dYc=
49,-10,eT6fCLwsfK5fiCLv4nPsZykhJFs=,zM1CkDml7e99DM9rq3rrNmHx66Y=
50,-11,eT6fCLwsfK5fiCLv4nPsZykhJFs=,mbMbZkPryakkBPVaKpJRGGxb3sA=
49,-11,eT6fCLwsfK5fiCLv4nPsZykhJFs=,ycfQFZc5Pu2m+5pzIVZYEdNlbMA=
50,-12,eT6fCLwsfK5fiCLv4nPsZykhJFs=,mbMbZkPryakkBPVaKpJRGGxb3sA=
50,-13,eT6fCLwsfK5fiCLv4nPsZykhJFs=,5lMhUy2yBqtYVOMr1BZswiExK6I=
49,-13,eT6fCLwsfK5fiCLv4nPsZykhJFs=,fVkQhlVH+3SRMkYSKcnX1gcLyCQ=
49,-12,eT6fCLwsfK5fiCLv4nPsZykhJFs=,ycfQFZc5Pu2m+5pzIVZYEdNlbMA=
50,-14,ycZcOKt6oCMzxmQScettriJFWsQ=,5lMhUy2yBqtYVOMr1BZswiExK6I=
49,-15,ycZcOKt6oCMzxmQScettriJFWsQ=,dz4XOoFUvpkrmyBzzJQaO+YT3S4=
49,-14,ycZcOKt6oCMzxmQScettriJFWsQ=,fVkQhlVH+3SRMkYSKcnX1gcLyCQ=
50,-15,ycZcOKt6oCMzxmQScettriJFWsQ=,s7+3SiD7alsm0hdyBL3oc5797AI=
52,-15,ycZcOKt6oCMzxmQScettriJFWsQ=,AAmcAcQFk6jmvzt5qsTwblMUNRY=
52,-14,ycZcOKt6oCMzxmQScettriJFWsQ=,Xt112XKzbWn4BTHRziqNQtV9o9w=
51,-14,ycZcOKt6oCMzxmQScettriJFWsQ=,5lMhUy2yBqtYVOMr1BZswiExK6I=
51,-15,ycZcOKt6oCMzxmQScettriJFWsQ=,s7+3SiD7alsm0hdyBL3oc5797AI=
51,-12,ycZcOKt6oCMzxmQScettriJFWsQ=,mbMbZkPryakkBPVaKpJRGGxb3sA=
52,-13,ycZcOKt6oCMzxmQScettriJFWsQ=,Xt112XKzbWn4BTHRziqNQtV9o9w=
51,-13,ycZcOKt6oCMzxmQScettriJFWsQ=,5lMhUy2yBqtYVOMr1BZswiExK6I=
52,-12,ycZcOKt6oCMzxmQScettriJFWsQ=,XwyJxA+M8a5uTXmBevukB6sqeHM=
52,-10,ZF9nmAIgTW9kIogzww5qhp3q84c=,8GOUES16P0qDEysN6WslR+n7R9Q=
52,-11,ZF9nmAIgTW9kIogzww5qhp3q84c=,XwyJxA+M8a5uTXmBevukB6sqeHM=
51,-10,ZF9nmAIgTW9kIogzww5qhp3q84c=,KFuXvDzevI/QMp1Zax9q4Sd8dYc=
51,-11,ZF9nmAIgTW9kIogzww5qhp3q84c=,mbMbZkPryakkBPVaKpJRGGxb3sA=
52,-8,ZF9nmAIgTW9kIogzww5qhp3q84c=,kGBh+3bikhAw8pLbxu4sKoekg/U=
52,-6,ZF9nmAIgTW9kIogzww5qhp3q84c=,uxQQxErqyBL2rXKj2hyxeKpfYws=
51,-9,ZF9nmAIgTW9kIogzww5qhp3q84c=,KFuXvDzevI/QMp1Zax9q4Sd8dYc=
52,-7,ZF9nmAIgTW9kIogzww5qhp3q84c=,kGBh+3bikhAw8pLbxu4sKoekg/U=
51,-8,ZF9nmAIgTW9kIogzww5qhp3q84c=,LTO4mr5CE9/j1VClT1fAd5tEuSI=
51,-7,ZF9nmAIgTW9kIogzww5qhp3q84c=,LTO4mr5CE9/j1VClT1fAd5tEuSI=
52,-9,ZF9nmAIgTW9kIogzww5qhp3q84c=,8GOUES16P0qDEysN6WslR+n7R9Q=
51,-6,ZF9nmAIgTW9kIogzww5qhp3q84c=,lKS58cRKiFeyLBTAbvrb6uQ82ko=
54,-12,ZF9nmAIgTW9kIogzww5qhp3q84c=,1d+PtzN1FoRDBRwkeQMsuc+MKug=
53,-13,ZF9nmAIgTW9kIogzww5qhp3q84c=,Xt112XKzbWn4BTHRziqNQtV9o9w=
54,-13,ZF9nmAIgTW9kIogzww5qhp3q84c=,WPgdPV61s1O5Eq3sp00tOelHt/c=
53,-12,ZF9nmAIgTW9kIogzww5qhp3q84c=,XwyJxA+M8a5uTXmBevukB6sqeHM=
54,-10,jNBBodhprZhviuCxIZaadvU6s4I=,ed0MtM8u7JNWIX3X/sWb2bDkVq8=
53,-11,jNBBodhprZhviuCxIZaadvU6s4I=,XwyJxA+M8a5uTXmBevukB6sqeHM=
53,-10,jNBBodhprZhviuCxIZaadvU6s4I=,8GOUES16P0qDEysN6WslR+n7R9Q=
54,-11,jNBBodhprZhviuCxIZaadvU6s4I=,1d+PtzN1FoRDBRwkeQMsuc+MKug=
54,-8,jNBBodhprZhviuCxIZaadvU6s4I=,r1tAcly5QtfsnRtjuuXxBGGxcqM=
54,-6,6SejFGpL3cPpCF9XN9RLzmlCQaU=,z1oy3JV0uNsMv087RVbfSyx8EBw=
56,-6,6SejFGpL3cPpCF9XN9RLzmlCQaU=,dapYwAKbnDuqgJTgKDF/0qvBVPY=
55,-9,6SejFGpL3cPpCF9XN9RLzmlCQaU=,ed0MtM8u7JNWIX3X/sWb2bDkVq8=
53,-7,6SejFGpL3cPpCF9XN9RLzmlCQaU=,kGBh+3bikhAw8pLbxu4sKoekg/U=
54,-9,6SejFGpL3cPpCF9XN9RLzmlCQaU=,ed0MtM8u7JNWIX3X/sWb2bDkVq8=
56,-9,6SejFGpL3cPpCF9XN9RLzmlCQaU=,ACsawClgN9CwckuI1l4RGLPg2xo=
54,-7,6SejFGpL3cPpCF9XN9RLzmlCQaU=,r1tAcly5QtfsnRtjuuXxBGGxcqM=
55,-6,6SejFGpL3cPpCF9XN9RLzmlCQaU=,z1oy3JV0uNsMv087RVbfSyx8EBw=
55,-7,6SejFGpL3cPpCF9XN9RLzmlCQaU=,r1tAcly5QtfsnRtjuuXxBGGxcqM=
53,-9,6SejFGpL3cPpCF9XN9RLzmlCQaU=,8GOUES16P0qDEysN6WslR+n7R9Q=
56,-7,6SejFGpL3cPpCF9XN9RLzmlCQaU=,6Cott1xgk1/vjoPdcQOg4IkYETc=
53,-6,6SejFGpL3cPpCF9XN9RLzmlCQaU=,uxQQxErqyBL2rXKj2hyxeKpfYws=
55,-8,6SejFGpL3cPpCF9XN9RLzmlCQaU=,r1tAcly5QtfsnRtjuuXxBGGxcqM=
53,-8,6SejFGpL3cPpCF9XN9RLzmlCQaU=,kGBh+3bikhAw8pLbxu4sKoekg/U=
56,-8,6SejFGpL3cPpCF9XN9RLzmlCQaU=,6Cott1xgk1/vjoPdcQOg4IkYETc=
56,-10,6SejFGpL3cPpCF9XN9RLzmlCQaU=,ACsawClgN9CwckuI1l4RGLPg2xo=
55,-11,6SejFGpL3cPpCF9XN9RLzmlCQaU=,1d+PtzN1FoRDBRwkeQMsuc+MKug=
56,-11,6SejFGpL3cPpCF9XN9RLzmlCQaU=,Q1Vxy7q3kFopvi+Tlf76q7gaLzI=
55,-10,6SejFGpL3cPpCF9XN9RLzmlCQaU=,ed0MtM8u7JNWIX3X/sWb2bDkVq8=
58,-10,6SejFGpL3cPpCF9XN9RLzmlCQaU=,JdZJB3E2wUGep0AvgAVCrBYHuPw=
57,-10,6SejFGpL3cPpCF9XN9RLzmlCQaU=,ACsawClgN9CwckuI1l4RGLPg2xo=
58,-11,6SejFGpL3cPpCF9XN9RLzmlCQaU=,b+F/pE5clO42TJ75xm6Ih6DhKJA=
57,-11,6SejFGpL3cPpCF9XN9RLzmlCQaU=,Q1Vxy7q3kFopvi+Tlf76q7gaLzI=
55,-12,1AgKfqlqgs9bdd/IK2NO216/Uhc=,1d+PtzN1FoRDBRwkeQMsuc+MKug=
56,-12,1AgKfqlqgs9bdd/IK2NO216/Uhc=,Q1Vxy7q3kFopvi+Tlf76q7gaLzI=
55,-13,1AgKfqlqgs9bdd/IK2NO216/Uhc=,WPgdPV61s1O5Eq3sp00tOelHt/c=
56,-13,1AgKfqlqgs9bdd/IK2NO216/Uhc=,Eke7DrNe6Lnyw7N/xhkkijACjmY=
58,-13,1AgKfqlqgs9bdd/IK2NO216/Uhc=,GDPe3gPM9/DKN1J2PVVJhSJl4mk=
58,-12,1AgKfqlqgs9bdd/IK2NO216/Uhc=,b+F/pE5clO42TJ75xm6Ih6DhKJA=
57,-12,1AgKfqlqgs9bdd/IK2NO216/Uhc=,Q1Vxy7q3kFopvi+Tlf76q7gaLzI=
57,-13,1AgKfqlqgs9bdd/IK2NO216/Uhc=,Eke7DrNe6Lnyw7N/xhkkijACjmY=
60,-13,mU+7jVqDpHhUc0gfcE/GUa1f7OQ=,t6Z2KVkhtgKdTiige8IPBeN98CI=
59,-12,mU+7jVqDpHhUc0gfcE/GUa1f7OQ=,b+F/pE5clO42TJ75xm6Ih6DhKJA=
60,-12,mU+7jVqDpHhUc0gfcE/GUa1f7OQ=,TaTnAZek4+HBmq0zcUMRiwJGduM=
59,-13,mU+7jVqDpHhUc0gfcE/GUa1f7OQ=,GDPe3gPM9/DKN1J2PVVJhSJl4mk=
62,-13,mU+7jVqDpHhUc0gfcE/GUa1f7OQ=,vP1vPhJrnFcybRb7075mT7E8BrM=
62,-12,mU+7jVqDpHhUc0gfcE/GUa1f7OQ=,2sHnN8BmneB2koaA2yxcfLO9oDg=
61,-12,mU+7jVqDpHhUc0gfcE/GUa1f7OQ=,TaTnAZek4+HBmq0zcUMRiwJGduM=
61,-13,mU+7jVqDpHhUc0gfcE/GUa1f7OQ=,t6Z2KVkhtgKdTiige8IPBeN98CI=
62,-14,TGPlsfsb//oNs7Uk8YtipYGCbLU=,vP1vPhJrnFcybRb7075mT7E8BrM=
62,-15,TGPlsfsb//oNs7Uk8YtipYGCbLU=,QTqPT3qxuoqbdDQUt9SAvOMsqik=
61,-14,TGPlsfsb//oNs7Uk8YtipYGCbLU=,t6Z2KVkhtgKdTiige8IPBeN98CI=
61,-15,TGPlsfsb//oNs7Uk8YtipYGCbLU=,YiSymAIEfxR/e2cO9vhmdhzQD0A=
60,-15,TGPlsfsb//oNs7Uk8YtipYGCbLU=,YiSymAIEfxR/e2cO9vhmdhzQD0A=
60,-16,TGPlsfsb//oNs7Uk8YtipYGCbLU=,YiSymAIEfxR/e2cO9vhmdhzQD0A=
60,-14,TGPlsfsb//oNs7Uk8YtipYGCbLU=,t6Z2KVkhtgKdTiige8IPBeN98CI=
59,-14,TGPlsfsb//oNs7Uk8YtipYGCbLU=,GDPe3gPM9/DKN1J2PVVJhSJl4mk=
59,-16,TGPlsfsb//oNs7Uk8YtipYGCbLU=,RX5VNlYBskJxxCdAHNoDk/F33Zg=
59,-15,TGPlsfsb//oNs7Uk8YtipYGCbLU=,RX5VNlYBskJxxCdAHNoDk/F33Zg=
51,-16,X+vDiU1M3Qh1np8Y/dUmsRtzYUI=,s7+3SiD7alsm0hdyBL3oc5797AI=
52,-16,X+vDiU1M3Qh1np8Y/dUmsRtzYUI=,AAmcAcQFk6jmvzt5qsTwblMUNRY=
50,-16,X+vDiU1M3Qh1np8Y/dUmsRtzYUI=,s7+3SiD7alsm0hdyBL3oc5797AI=
49,-16,X+vDiU1M3Qh1np8Y/dUmsRtzYUI=,dz4XOoFUvpkrmyBzzJQaO+YT3S4=
48,-14,X+vDiU1M3Qh1np8Y/dUmsRtzYUI=,fVkQhlVH+3SRMkYSKcnX1gcLyCQ=
48,-15,X+vDiU1M3Qh1np8Y/dUmsRtzYUI=,dz4XOoFUvpkrmyBzzJQaO+YT3S4=
48,-12,X+vDiU1M3Qh1np8Y/dUmsRtzYUI=,ycfQFZc5Pu2m+5pzIVZYEdNlbMA=
48,-10,X+vDiU1M3Qh1np8Y/dUmsRtzYUI=,zM1CkDml7e99DM9rq3rrNmHx66Y=
48,-13,X+vDiU1M3Qh1np8Y/dUmsRtzYUI=,fVkQhlVH+3SRMkYSKcnX1gcLyCQ=
48,-11,X+vDiU1M3Qh1np8Y/dUmsRtzYUI=,ycfQFZc5Pu2m+5pzIVZYEdNlbMA=
48,-6,X+vDiU1M3Qh1np8Y/dUmsRtzYUI=,z8T6Z877G5mD0u1rnC+ubJND3xw=
48,-8,X+vDiU1M3Qh1np8Y/dUmsRtzYUI=,6V5KSvipMalvnUaAGOPoOajagmU=
48,-7,X+vDiU1M3Qh1np8Y/dUmsRtzYUI=,6V5KSvipMalvnUaAGOPoOajagmU=
48,-9,X+vDiU1M3Qh1np8Y/dUmsRtzYUI=,zM1CkDml7e99DM9rq3rrNmHx66Y=
48,-5,X+vDiU1M3Qh1np8Y/dUmsRtzYUI=,z8T6Z877G5mD0u1rnC+ubJND3xw=
48,-4,X+vDiU1M3Qh1np8Y/dUmsRtzYUI=,KHPm7q4UVNA+IPJcB8H/aUSH5Qs=
48,-2,X+vDiU1M3Qh1np8Y/dUmsRtzYUI=,VlS7sqfw2RsNd0RdOAMpdGCiJqQ=
48,-3,X+vDiU1M3Qh1np8Y/dUmsRtzYUI=,KHPm7q4UVNA+IPJcB8H/aUSH5Qs=
50,-1,X+vDiU1M3Qh1np8Y/dUmsRtzYUI=,yiEUMy+0uBqrTsLiBrmgr93bYxs=
49,-1,X+vDiU1M3Qh1np8Y/dUmsRtzYUI=,VlS7sqfw2RsNd0RdOAMpdGCiJqQ=
52,-1,X+vDiU1M3Qh1np8Y/dUmsRtzYUI=,In0HdCtGnNy6mw802iFMV+orJLo=
57,-15,X+vDiU1M3Qh1np8Y/dUmsRtzYUI=,s5tw3ypmUeSYck6Foco1tzDL/zs=
58,-15,X+vDiU1M3Qh1np8Y/dUmsRtzYUI=,RX5VNlYBskJxxCdAHNoDk/F33Zg=
58,-14,X+vDiU1M3Qh1np8Y/dUmsRtzYUI=,GDPe3gPM9/DKN1J2PVVJhSJl4mk=
57,-16,X+vDiU1M3Qh1np8Y/dUmsRtzYUI=,s5tw3ypmUeSYck6Foco1tzDL/zs=
57,-14,X+vDiU1M3Qh1np8Y/dUmsRtzYUI=,Eke7DrNe6Lnyw7N/xhkkijACjmY=
58,-16,X+vDiU1M3Qh1np8Y/dUmsRtzYUI=,RX5VNlYBskJxxCdAHNoDk/F33Zg=
51,-1,X+vDiU1M3Qh1np8Y/dUmsRtzYUI=,yiEUMy+0uBqrTsLiBrmgr93bYxs=
54,-16,X+vDiU1M3Qh1np8Y/dUmsRtzYUI=,oR8klHYDla+ge6TohVz+ZHW4c2c=
56,-16,KpAXAfeD47vG1leksK1/1P3I7Hs=,s5tw3ypmUeSYck6Foco1tzDL/zs=
53,-15,KpAXAfeD47vG1leksK1/1P3I7Hs=,AAmcAcQFk6jmvzt5qsTwblMUNRY=
55,-15,KpAXAfeD47vG1leksK1/1P3I7Hs=,oR8klHYDla+ge6TohVz+ZHW4c2c=
53,-14,KpAXAfeD47vG1leksK1/1P3I7Hs=,Xt112XKzbWn4BTHRziqNQtV9o9w=
55,-16,KpAXAfeD47vG1leksK1/1P3I7Hs=,oR8klHYDla+ge6TohVz+ZHW4c2c=
54,-15,KpAXAfeD47vG1leksK1/1P3I7Hs=,oR8klHYDla+ge6TohVz+ZHW4c2c=
56,-14,KpAXAfeD47vG1leksK1/1P3I7Hs=,Eke7DrNe6Lnyw7N/xhkkijACjmY=
53,-16,KpAXAfeD47vG1leksK1/1P3I7Hs=,AAmcAcQFk6jmvzt5qsTwblMUNRY=
56,-15,KpAXAfeD47vG1leksK1/1P3I7Hs=,s5tw3ypmUeSYck6Foco1tzDL/zs=
54,-14,KpAXAfeD47vG1leksK1/1P3I7Hs=,WPgdPV61s1O5Eq3sp00tOelHt/c=
55,-14,KpAXAfeD47vG1leksK1/1P3I7Hs=,WPgdPV61s1O5Eq3sp00tOelHt/c=
54,-2,Wk8PidCYXlJ3zMtuJvONEkbi+EY=,tnp7lYHoMVjIkP/+7oSwbsRnexo=
54,-3,Wk8PidCYXlJ3zMtuJvONEkbi+EY=,P7FETetE/+AL9Ow6ZPlXRESz+x0=
53,-3,Wk8PidCYXlJ3zMtuJvONEkbi+EY=,g+GjR3AjVl5hhpr7TQWK8k6g4gk=
53,-2,Wk8PidCYXlJ3zMtuJvONEkbi+EY=,In0HdCtGnNy6mw802iFMV+orJLo=
55,-2,Wk8PidCYXlJ3zMtuJvONEkbi+EY=,tnp7lYHoMVjIkP/+7oSwbsRnexo=
56,-3,Wk8PidCYXlJ3zMtuJvONEkbi+EY=,gpIhWPp+WCdZ5F9NOCVA2pUHnVU=
55,-3,Wk8PidCYXlJ3zMtuJvONEkbi+EY=,P7FETetE/+AL9Ow6ZPlXRESz+x0=
56,-2,Wk8PidCYXlJ3zMtuJvONEkbi+EY=,pdHZgx4dHWY90bcln5BuYr5B8jI=
57,-2,Wk8PidCYXlJ3zMtuJvONEkbi+EY=,pdHZgx4dHWY90bcln5BuYr5B8jI=
58,-3,Wk8PidCYXlJ3zMtuJvONEkbi+EY=,ea4WSXdAlR1Y3ZabF6xY4Sw6Z5E=
58,-2,Wk8PidCYXlJ3zMtuJvONEkbi+EY=,jnQjkAM5PNVSQXgnXXfFyowibQk=
57,-3,Wk8PidCYXlJ3zMtuJvONEkbi+EY=,gpIhWPp+WCdZ5F9NOCVA2pUHnVU=
60,-2,RRPPU0qrX4WPU29InA1maWNPAIQ=,sCmcHrzLbKOaJFE5H1AX0hkpgv0=
59,-2,RRPPU0qrX4WPU29InA1maWNPAIQ=,jnQjkAM5PNVSQXgnXXfFyowibQk=
59,-3,RRPPU0qrX4WPU29InA1maWNPAIQ=,ea4WSXdAlR1Y3ZabF6xY4Sw6Z5E=
60,-3,RRPPU0qrX4WPU29InA1maWNPAIQ=,RlXlXaLaZeUB+KGnLiqVZnesajY=
59,-5,RRPPU0qrX4WPU29InA1maWNPAIQ=,1vPOV+UjLd7PnWqE6V9nXQsVFOE=
60,-4,RRPPU0qrX4WPU29InA1maWNPAIQ=,RlXlXaLaZeUB+KGnLiqVZnesajY=
60,-5,RRPPU0qrX4WPU29InA1maWNPAIQ=,bOzB+XrIW5K5Ahp9u9BstfPcMtc=
59,-4,RRPPU0qrX4WPU29InA1maWNPAIQ=,ea4WSXdAlR1Y3ZabF6xY4Sw6Z5E=
60,-7,RRPPU0qrX4WPU29InA1maWNPAIQ=,AxyIZ9o5i5uQOn8fU1/MswRfUUQ=
59,-6,RRPPU0qrX4WPU29InA1maWNPAIQ=,1vPOV+UjLd7PnWqE6V9nXQsVFOE=
59,-7,RRPPU0qrX4WPU29InA1maWNPAIQ=,KvyXNLmeFKBdGhu8Nd8XFDOH1T8=
60,-6,RRPPU0qrX4WPU29InA1maWNPAIQ=,bOzB+XrIW5K5Ahp9u9BstfPcMtc=
60,-1,cfiYo1PgdHGXR44iVeiXz4AiEKk=,sCmcHrzLbKOaJFE5H1AX0hkpgv0=
59,-1,cfiYo1PgdHGXR44iVeiXz4AiEKk=,jnQjkAM5PNVSQXgnXXfFyowibQk=
57,-1,cfiYo1PgdHGXR44iVeiXz4AiEKk=,pdHZgx4dHWY90bcln5BuYr5B8jI=
58,-1,cfiYo1PgdHGXR44iVeiXz4AiEKk=,jnQjkAM5PNVSQXgnXXfFyowibQk=
54,-1,cfiYo1PgdHGXR44iVeiXz4AiEKk=,tnp7lYHoMVjIkP/+7oSwbsRnexo=
55,-1,cfiYo1PgdHGXR44iVeiXz4AiEKk=,tnp7lYHoMVjIkP/+7oSwbsRnexo=
56,-1,cfiYo1PgdHGXR44iVeiXz4AiEKk=,pdHZgx4dHWY90bcln5BuYr5B8jI=
53,-1,cfiYo1PgdHGXR44iVeiXz4AiEKk=,In0HdCtGnNy6mw802iFMV+orJLo=
62,-4,cfiYo1PgdHGXR44iVeiXz4AiEKk=,V4byCLFZ32Fvu3dGjAxIsC/hRmU=
62,-5,cfiYo1PgdHGXR44iVeiXz4AiEKk=,63vhQHkkdUNJOieF59urc5m68Sc=
61,-4,cfiYo1PgdHGXR44iVeiXz4AiEKk=,RlXlXaLaZeUB+KGnLiqVZnesajY=
62,-7,cfiYo1PgdHGXR44iVeiXz4AiEKk=,TrTD44TjpETVhZEWBcl+kOMJnNY=
61,-5,cfiYo1PgdHGXR44iVeiXz4AiEKk=,bOzB+XrIW5K5Ahp9u9BstfPcMtc=
61,-7,cfiYo1PgdHGXR44iVeiXz4AiEKk=,AxyIZ9o5i5uQOn8fU1/MswRfUUQ=
62,-6,cfiYo1PgdHGXR44iVeiXz4AiEKk=,63vhQHkkdUNJOieF59urc5m68Sc=
61,-6,cfiYo1PgdHGXR44iVeiXz4AiEKk=,bOzB+XrIW5K5Ahp9u9BstfPcMtc=
48,-1,cfiYo1PgdHGXR44iVeiXz4AiEKk=,VlS7sqfw2RsNd0RdOAMpdGCiJqQ=
62,-16,cfiYo1PgdHGXR44iVeiXz4AiEKk=,QTqPT3qxuoqbdDQUt9SAvOMsqik=
61,-16,cfiYo1PgdHGXR44iVeiXz4AiEKk=,YiSymAIEfxR/e2cO9vhmdhzQD0A=
48,-16,cfiYo1PgdHGXR44iVeiXz4AiEKk=,dz4XOoFUvpkrmyBzzJQaO+YT3S4=
62,-10,cfiYo1PgdHGXR44iVeiXz4AiEKk=,Txu8cQ9P0gaoBC/NVdcJB8QDS3Y=
62,-9,cfiYo1PgdHGXR44iVeiXz4AiEKk=,Txu8cQ9P0gaoBC/NVdcJB8QDS3Y=
62,-11,cfiYo1PgdHGXR44iVeiXz4AiEKk=,2sHnN8BmneB2koaA2yxcfLO9oDg=
61,-11,cfiYo1PgdHGXR44iVeiXz4AiEKk=,TaTnAZek4+HBmq0zcUMRiwJGduM=
59,-11,cfiYo1PgdHGXR44iVeiXz4AiEKk=,b+F/pE5clO42TJ75xm6Ih6DhKJA=
60,-11,cfiYo1PgdHGXR44iVeiXz4AiEKk=,TaTnAZek4+HBmq0zcUMRiwJGduM=
59,-8,cfiYo1PgdHGXR44iVeiXz4AiEKk=,KvyXNLmeFKBdGhu8Nd8XFDOH1T8=
62,-8,cfiYo1PgdHGXR44iVeiXz4AiEKk=,TrTD44TjpETVhZEWBcl+kOMJnNY=
59,-9,cfiYo1PgdHGXR44iVeiXz4AiEKk=,JdZJB3E2wUGep0AvgAVCrBYHuPw=
61,-8,cfiYo1PgdHGXR44iVeiXz4AiEKk=,AxyIZ9o5i5uQOn8fU1/MswRfUUQ=
60,-8,cfiYo1PgdHGXR44iVeiXz4AiEKk=,AxyIZ9o5i5uQOn8fU1/MswRfUUQ=
59,-10,cfiYo1PgdHGXR44iVeiXz4AiEKk=,JdZJB3E2wUGep0AvgAVCrBYHuPw=
61,-9,cfiYo1PgdHGXR44iVeiXz4AiEKk=,yx3DdMaCM3CxRYFfzf6MfvWeLrE=
60,-9,cfiYo1PgdHGXR44iVeiXz4AiEKk=,yx3DdMaCM3CxRYFfzf6MfvWeLrE=
61,-10,cfiYo1PgdHGXR44iVeiXz4AiEKk=,yx3DdMaCM3CxRYFfzf6MfvWeLrE=
60,-10,cfiYo1PgdHGXR44iVeiXz4AiEKk=,yx3DdMaCM3CxRYFfzf6MfvWeLrE=
62,-3,cfiYo1PgdHGXR44iVeiXz4AiEKk=,V4byCLFZ32Fvu3dGjAxIsC/hRmU=
62,-2,cfiYo1PgdHGXR44iVeiXz4AiEKk=,qv2HUsMMZdmYr02bRa4aj/75dHs=
62,-1,cfiYo1PgdHGXR44iVeiXz4AiEKk=,qv2HUsMMZdmYr02bRa4aj/75dHs=
61,-1,cfiYo1PgdHGXR44iVeiXz4AiEKk=,sCmcHrzLbKOaJFE5H1AX0hkpgv0=
61,-2,cfiYo1PgdHGXR44iVeiXz4AiEKk=,sCmcHrzLbKOaJFE5H1AX0hkpgv0=
61,-3,cfiYo1PgdHGXR44iVeiXz4AiEKk=,RlXlXaLaZeUB+KGnLiqVZnesajY=
52,-20,C4qkJvGPbDirutY+Kx3RrWQ8qMI=,ufcROGLTvpqAx3PZcFVuG//B4T4=
51,-20,C4qkJvGPbDirutY+Kx3RrWQ8qMI=,sWgC6RjcZWWeJoLx2dhK+r+Aiq8=
51,-19,4i6jnp2+YRdPG0moQSQYTC59PR4=,sWgC6RjcZWWeJoLx2dhK+r+Aiq8=
52,-18,4i6jnp2+YRdPG0moQSQYTC59PR4=,U84hqT+p+qes0daJYYawQW9ZtRM=
51,-18,4i6jnp2+YRdPG0moQSQYTC59PR4=,ZSDO6FSOusO+uPfrdoMPk2RNhZ8=
52,-19,4i6jnp2+YRdPG0moQSQYTC59PR4=,ufcROGLTvpqAx3PZcFVuG//B4T4=
53,-20,81sO6UbRbXkhhds/8k+ayFqJeaM=,ufcROGLTvpqAx3PZcFVuG//B4T4=
54,-20,81sO6UbRbXkhhds/8k+ayFqJeaM=,4C0//9L5BjqQRna08jNAbI0LKUQ=
55,-20,81sO6UbRbXkhhds/8k+ayFqJeaM=,4C0//9L5BjqQRna08jNAbI0LKUQ=
56,-20,81sO6UbRbXkhhds/8k+ayFqJeaM=,UhxnlngHIHZkGizblSuTkYTOvM4=
54,-19,81sO6UbRbXkhhds/8k+ayFqJeaM=,4C0//9L5BjqQRna08jNAbI0LKUQ=
53,-18,81sO6UbRbXkhhds/8k+ayFqJeaM=,U84hqT+p+qes0daJYYawQW9ZtRM=
53,-19,81sO6UbRbXkhhds/8k+ayFqJeaM=,ufcROGLTvpqAx3PZcFVuG//B4T4=
54,-18,81sO6UbRbXkhhds/8k+ayFqJeaM=,SDKPrFcgwsXbEZq3Sh3V0jJoY4w=
55,-19,81sO6UbRbXkhhds/8k+ayFqJeaM=,4C0//9L5BjqQRna08jNAbI0LKUQ=
55,-18,81sO6UbRbXkhhds/8k+ayFqJeaM=,SDKPrFcgwsXbEZq3Sh3V0jJoY4w=
56,-19,81sO6UbRbXkhhds/8k+ayFqJeaM=,UhxnlngHIHZkGizblSuTkYTOvM4=
56,-18,81sO6UbRbXkhhds/8k+ayFqJeaM=,qBS1s5xrMK9n3m+pcdVBzIC+MG0=
58,-20,aJGSdOhakJqz8Yg/vGF5nxMy6Ww=,L8ofuZL/DplStuddPMZXeeQ8M3s=
57,-20,aJGSdOhakJqz8Yg/vGF5nxMy6Ww=,UhxnlngHIHZkGizblSuTkYTOvM4=
59,-20,aJGSdOhakJqz8Yg/vGF5nxMy6Ww=,L8ofuZL/DplStuddPMZXeeQ8M3s=
60,-20,aJGSdOhakJqz8Yg/vGF5nxMy6Ww=,s4NAwd6Q5eIgvui2nkRF38wUnIA=
62,-20,xX+fFTabEC+e8wHn8JFIp9d5Rf4=,3poD0kJvpSon3llRSnd9ljFgFF0=
61,-20,xX+fFTabEC+e8wHn8JFIp9d5Rf4=,s4NAwd6Q5eIgvui2nkRF38wUnIA=
55,-17,xX+fFTabEC+e8wHn8JFIp9d5Rf4=,SDKPrFcgwsXbEZq3Sh3V0jJoY4w=
56,-17,xX+fFTabEC+e8wHn8JFIp9d5Rf4=,qBS1s5xrMK9n3m+pcdVBzIC+MG0=
54,-17,xX+fFTabEC+e8wHn8JFIp9d5Rf4=,SDKPrFcgwsXbEZq3Sh3V0jJoY4w=
53,-17,xX+fFTabEC+e8wHn8JFIp9d5Rf4=,U84hqT+p+qes0daJYYawQW9ZtRM=
52,-17,xX+fFTabEC+e8wHn8JFIp9d5Rf4=,U84hqT+p+qes0daJYYawQW9ZtRM=
51,-17,xX+fFTabEC+e8wHn8JFIp9d5Rf4=,ZSDO6FSOusO+uPfrdoMPk2RNhZ8=
58,-17,xX+fFTabEC+e8wHn8JFIp9d5Rf4=,/Lnr2FaHd6CGse8y/+TPw01Rkbs=
57,-18,xX+fFTabEC+e8wHn8JFIp9d5Rf4=,qBS1s5xrMK9n3m+pcdVBzIC+MG0=
58,-18,xX+fFTabEC+e8wHn8JFIp9d5Rf4=,/Lnr2FaHd6CGse8y/+TPw01Rkbs=
57,-19,xX+fFTabEC+e8wHn8JFIp9d5Rf4=,UhxnlngHIHZkGizblSuTkYTOvM4=
57,-17,xX+fFTabEC+e8wHn8JFIp9d5Rf4=,qBS1s5xrMK9n3m+pcdVBzIC+MG0=
58,-19,xX+fFTabEC+e8wHn8JFIp9d5Rf4=,L8ofuZL/DplStuddPMZXeeQ8M3s=
62,-19,xX+fFTabEC+e8wHn8JFIp9d5Rf4=,3poD0kJvpSon3llRSnd9ljFgFF0=
61,-18,xX+fFTabEC+e8wHn8JFIp9d5Rf4=,mbFdsWpFucLTb3t419Gdl02FLLQ=
60,-18,xX+fFTabEC+e8wHn8JFIp9d5Rf4=,mbFdsWpFucLTb3t419Gdl02FLLQ=
62,-18,xX+fFTabEC+e8wHn8JFIp9d5Rf4=,1XZQ1Lp2ht+VPXXWEv4LdHR5obE=
61,-17,xX+fFTabEC+e8wHn8JFIp9d5Rf4=,mbFdsWpFucLTb3t419Gdl02FLLQ=
60,-17,xX+fFTabEC+e8wHn8JFIp9d5Rf4=,mbFdsWpFucLTb3t419Gdl02FLLQ=
61,-19,xX+fFTabEC+e8wHn8JFIp9d5Rf4=,s4NAwd6Q5eIgvui2nkRF38wUnIA=
60,-19,xX+fFTabEC+e8wHn8JFIp9d5Rf4=,s4NAwd6Q5eIgvui2nkRF38wUnIA=
59,-19,xX+fFTabEC+e8wHn8JFIp9d5Rf4=,L8ofuZL/DplStuddPMZXeeQ8M3s=
59,-18,xX+fFTabEC+e8wHn8JFIp9d5Rf4=,/Lnr2FaHd6CGse8y/+TPw01Rkbs=
62,-17,xX+fFTabEC+e8wHn8JFIp9d5Rf4=,1XZQ1Lp2ht+VPXXWEv4LdHR5obE=
59,-17,xX+fFTabEC+e8wHn8JFIp9d5Rf4=,/Lnr2FaHd6CGse8y/+TPw01Rkbs=
50,-20,B/O9KcEesCz2z3HcEmD+l9JX9pI=,sWgC6RjcZWWeJoLx2dhK+r+Aiq8=
49,-20,B/O9KcEesCz2z3HcEmD+l9JX9pI=,qpHTMYiVJVcOw/E4Y24Ebr1shjQ=
48,-20,B/O9KcEesCz2z3HcEmD+l9JX9pI=,qpHTMYiVJVcOw/E4Y24Ebr1shjQ=
49,-18,B/O9KcEesCz2z3HcEmD+l9JX9pI=,1kBFdkPHBpE0PmmcwgqzbNHAnHw=
50,-18,B/O9KcEesCz2z3HcEmD+l9JX9pI=,ZSDO6FSOusO+uPfrdoMPk2RNhZ8=
48,-18,B/O9KcEesCz2z3HcEmD+l9JX9pI=,1kBFdkPHBpE0PmmcwgqzbNHAnHw=
49,-19,B/O9KcEesCz2z3HcEmD+l9JX9pI=,qpHTMYiVJVcOw/E4Y24Ebr1shjQ=
50,-17,B/O9KcEesCz2z3HcEmD+l9JX9pI=,ZSDO6FSOusO+uPfrdoMPk2RNhZ8=
48,-19,B/O9KcEesCz2z3HcEmD+l9JX9pI=,qpHTMYiVJVcOw/E4Y24Ebr1shjQ=
49,-17,B/O9KcEesCz2z3HcEmD+l9JX9pI=,1kBFdkPHBpE0PmmcwgqzbNHAnHw=
48,-17,B/O9KcEesCz2z3HcEmD+l9JX9pI=,1kBFdkPHBpE0PmmcwgqzbNHAnHw=
50,-19,B/O9KcEesCz2z3HcEmD+l9JX9pI=,sWgC6RjcZWWeJoLx2dhK+r+Aiq8=
34,-20,N/BDTn04Qem2HjnAIEHobhvVfrg=,0WRupZKPRiyHaTLpIZHBpCPILRA=
33,-20,N/BDTn04Qem2HjnAIEHobhvVfrg=,tKq66wte9a8sKFI1T1pZB1JvEfI=
33,-19,N/BDTn04Qem2HjnAIEHobhvVfrg=,tKq66wte9a8sKFI1T1pZB1JvEfI=
34,-18,N/BDTn04Qem2HjnAIEHobhvVfrg=,A7H8UUsEkcYx+DyAhUtYdsEn0JU=
33,-18,N/BDTn04Qem2HjnAIEHobhvVfrg=,aNb4ahvRqFE8eDfcFgqU4e2eCbs=
34,-19,N/BDTn04Qem2HjnAIEHobhvVfrg=,0WRupZKPRiyHaTLpIZHBpCPILRA=
36,-20,gk22BmWY61A5bAcmUzDmpiYpkbU=,sRVInYR3q+YW0K3E+FrmW/Oq/us=
35,-20,gk22BmWY61A5bAcmUzDmpiYpkbU=,0WRupZKPRiyHaTLpIZHBpCPILRA=
36,-19,gk22BmWY61A5bAcmUzDmpiYpkbU=,sRVInYR3q+YW0K3E+FrmW/Oq/us=
37,-20,gk22BmWY61A5bAcmUzDmpiYpkbU=,sRVInYR3q+YW0K3E+FrmW/Oq/us=
38,-20,gk22BmWY61A5bAcmUzDmpiYpkbU=,K9hQLYNQaB26p7GqeSwaUVW0EMg=
36,-18,gk22BmWY61A5bAcmUzDmpiYpkbU=,f3cu8/ZWiVkSQihatjvR8C5BBzw=
35,-18,gk22BmWY61A5bAcmUzDmpiYpkbU=,A7H8UUsEkcYx+DyAhUtYdsEn0JU=
35,-19,gk22BmWY61A5bAcmUzDmpiYpkbU=,0WRupZKPRiyHaTLpIZHBpCPILRA=
38,-18,GuUF+o/ZRVQkCZSbHyayWEu8/LI=,Mt5SLtXNzJMrDa0w2W5LKUW5i8E=
37,-19,GuUF+o/ZRVQkCZSbHyayWEu8/LI=,sRVInYR3q+YW0K3E+FrmW/Oq/us=
38,-19,GuUF+o/ZRVQkCZSbHyayWEu8/LI=,K9hQLYNQaB26p7GqeSwaUVW0EMg=
37,-18,GuUF+o/ZRVQkCZSbHyayWEu8/LI=,f3cu8/ZWiVkSQihatjvR8C5BBzw=
42,-20,JOyO4Hjgne2yLlXOEoAFT/sdTRM=,/38sx4N4ndpLW6Ggxljlh75g7Iw=
40,-20,JOyO4Hjgne2yLlXOEoAFT/sdTRM=,wPxHVZ0/O4Pwf+qiTSdTuWh9beU=
41,-20,JOyO4Hjgne2yLlXOEoAFT/sdTRM=,wPxHVZ0/O4Pwf+qiTSdTuWh9beU=
39,-20,JOyO4Hjgne2yLlXOEoAFT/sdTRM=,K9hQLYNQaB26p7GqeSwaUVW0EMg=
39,-18,JOyO4Hjgne2yLlXOEoAFT/sdTRM=,Mt5SLtXNzJMrDa0w2W5LKUW5i8E=
39,-19,JOyO4Hjgne2yLlXOEoAFT/sdTRM=,K9hQLYNQaB26p7GqeSwaUVW0EMg=
40,-19,JOyO4Hjgne2yLlXOEoAFT/sdTRM=,wPxHVZ0/O4Pwf+qiTSdTuWh9beU=
40,-18,JOyO4Hjgne2yLlXOEoAFT/sdTRM=,x6Ur/4BwDs9L+EnQfpXNZir5Y2A=
42,-18,JOyO4Hjgne2yLlXOEoAFT/sdTRM=,3ruGmF2E45ORdxDI6V92WY+kFhw=
41,-19,JOyO4Hjgne2yLlXOEoAFT/sdTRM=,wPxHVZ0/O4Pwf+qiTSdTuWh9beU=
42,-19,JOyO4Hjgne2yLlXOEoAFT/sdTRM=,/38sx4N4ndpLW6Ggxljlh75g7Iw=
41,-18,JOyO4Hjgne2yLlXOEoAFT/sdTRM=,x6Ur/4BwDs9L+EnQfpXNZir5Y2A=
44,-20,yvBmmtRSICvkiU/1E0EpniW9KF0=,gqWObW8bRVVZUgAC+ioY/Xjr9VQ=
43,-20,yvBmmtRSICvkiU/1E0EpniW9KF0=,/38sx4N4ndpLW6Ggxljlh75g7Iw=
45,-20,yvBmmtRSICvkiU/1E0EpniW9KF0=,gqWObW8bRVVZUgAC+ioY/Xjr9VQ=
46,-20,yvBmmtRSICvkiU/1E0EpniW9KF0=,nnSFc9GeaZ32XILpz3BUekiL5LY=
47,-20,yvBmmtRSICvkiU/1E0EpniW9KF0=,nnSFc9GeaZ32XILpz3BUekiL5LY=
42,-17,yvBmmtRSICvkiU/1E0EpniW9KF0=,3ruGmF2E45ORdxDI6V92WY+kFhw=
41,-17,yvBmmtRSICvkiU/1E0EpniW9KF0=,x6Ur/4BwDs9L+EnQfpXNZir5Y2A=
43,-17,yvBmmtRSICvkiU/1E0EpniW9KF0=,3ruGmF2E45ORdxDI6V92WY+kFhw=
43,-18,yvBmmtRSICvkiU/1E0EpniW9KF0=,3ruGmF2E45ORdxDI6V92WY+kFhw=
43,-19,yvBmmtRSICvkiU/1E0EpniW9KF0=,/38sx4N4ndpLW6Ggxljlh75g7Iw=
44,-19,yvBmmtRSICvkiU/1E0EpniW9KF0=,gqWObW8bRVVZUgAC+ioY/Xjr9VQ=
44,-18,yvBmmtRSICvkiU/1E0EpniW9KF0=,UFxXfqSrrjUMCha8CnI1heYxt9I=
44,-17,yvBmmtRSICvkiU/1E0EpniW9KF0=,UFxXfqSrrjUMCha8CnI1heYxt9I=
39,-17,yvBmmtRSICvkiU/1E0EpniW9KF0=,Mt5SLtXNzJMrDa0w2W5LKUW5i8E=
40,-17,yvBmmtRSICvkiU/1E0EpniW9KF0=,x6Ur/4BwDs9L+EnQfpXNZir5Y2A=
37,-17,uv/RDj/aeg+oq9ytchS+H28HS3Y=,f3cu8/ZWiVkSQihatjvR8C5BBzw=
36,-17,uv/RDj/aeg+oq9ytchS+H28HS3Y=,f3cu8/ZWiVkSQihatjvR8C5BBzw=
35,-17,uv/RDj/aeg+oq9ytchS+H28HS3Y=,A7H8UUsEkcYx+DyAhUtYdsEn0JU=
38,-17,uv/RDj/aeg+oq9ytchS+H28HS3Y=,Mt5SLtXNzJMrDa0w2W5LKUW5i8E=
33,-17,uv/RDj/aeg+oq9ytchS+H28HS3Y=,aNb4ahvRqFE8eDfcFgqU4e2eCbs=
32,-17,uv/RDj/aeg+oq9ytchS+H28HS3Y=,aNb4ahvRqFE8eDfcFgqU4e2eCbs=
34,-17,uv/RDj/aeg+oq9ytchS+H28HS3Y=,A7H8UUsEkcYx+DyAhUtYdsEn0JU=
32,-20,uv/RDj/aeg+oq9ytchS+H28HS3Y=,tKq66wte9a8sKFI1T1pZB1JvEfI=
32,-18,uv/RDj/aeg+oq9ytchS+H28HS3Y=,aNb4ahvRqFE8eDfcFgqU4e2eCbs=
32,-19,uv/RDj/aeg+oq9ytchS+H28HS3Y=,tKq66wte9a8sKFI1T1pZB1JvEfI=
45,-19,uv/RDj/aeg+oq9ytchS+H28HS3Y=,gqWObW8bRVVZUgAC+ioY/Xjr9VQ=
46,-19,uv/RDj/aeg+oq9ytchS+H28HS3Y=,nnSFc9GeaZ32XILpz3BUekiL5LY=
46,-17,uv/RDj/aeg+oq9ytchS+H28HS3Y=,hXVgDx3FDpOKcseuzfKtbu5lqXc=
47,-19,uv/RDj/aeg+oq9ytchS+H28HS3Y=,nnSFc9GeaZ32XILpz3BUekiL5LY=
45,-17,uv/RDj/aeg+oq9ytchS+H28HS3Y=,UFxXfqSrrjUMCha8CnI1heYxt9I=
47,-17,uv/RDj/aeg+oq9ytchS+H28HS3Y=,hXVgDx3FDpOKcseuzfKtbu5lqXc=
47,-18,uv/RDj/aeg+oq9ytchS+H28HS3Y=,hXVgDx3FDpOKcseuzfKtbu5lqXc=
45,-18,uv/RDj/aeg+oq9ytchS+H28HS3Y=,UFxXfqSrrjUMCha8CnI1heYxt9I=
46,-18,uv/RDj/aeg+oq9ytchS+H28HS3Y=,hXVgDx3FDpOKcseuzfKtbu5lqXc=
34,-8,b1Kn297Wn+L1uSqjdJjpLkNmxuw=,y22K4dxjkkaB2kindks9SSd7LU4=
33,-9,b1Kn297Wn+L1uSqjdJjpLkNmxuw=,jYBTUywtPlQemCf6NOiRKGm0Ww4=
33,-8,b1Kn297Wn+L1uSqjdJjpLkNmxuw=,WI3kiviZBR3B12kVtEkStAz/P4E=
34,-9,b1Kn297Wn+L1uSqjdJjpLkNmxuw=,p2UzPyIYn7U4F7WIM5TArycq2zo=
36,-12,lLOhuMKizUpznhj6kdYfuDUtoV4=,qmOz1pqVvV+236ll01tTb1pFSMg=
36,-13,lLOhuMKizUpznhj6kdYfuDUtoV4=,f/rgUDI58hkLVrObI9rZXpedWrg=
35,-13,lLOhuMKizUpznhj6kdYfuDUtoV4=,4jxRRxD1iUOELvNAAb5cZbGLWrM=
35,-12,lLOhuMKizUpznhj6kdYfuDUtoV4=,KZ/taixwlHPBV2fLODLOHfK+XhU=
34,-10,2ghHhTf+YaiacCm28WmZheEX/sw=,p2UzPyIYn7U4F7WIM5TArycq2zo=
33,-10,2ghHhTf+YaiacCm28WmZheEX/sw=,jYBTUywtPlQemCf6NOiRKGm0Ww4=
34,-11,2ghHhTf+YaiacCm28WmZheEX/sw=,KZ/taixwlHPBV2fLODLOHfK+XhU=
33,-11,2ghHhTf+YaiacCm28WmZheEX/sw=,PsasJxsBtMTFc1ZuT3EFIsR3Rxc=
34,-12,cTMXqgU4Ei6eUii+5rvZo9j4kRU=,KZ/taixwlHPBV2fLODLOHfK+XhU=
33,-12,cTMXqgU4Ei6eUii+5rvZo9j4kRU=,PsasJxsBtMTFc1ZuT3EFIsR3Rxc=
34,-13,cTMXqgU4Ei6eUii+5rvZo9j4kRU=,4jxRRxD1iUOELvNAAb5cZbGLWrM=
33,-13,cTMXqgU4Ei6eUii+5rvZo9j4kRU=,D2zaeGlsVaOODqvJF+s0WauEGmQ=
36,-10,cTMXqgU4Ei6eUii+5rvZo9j4kRU=,1ISfDlCD3/dE2zwlm12LOLni+mQ=
36,-11,cTMXqgU4Ei6eUii+5rvZo9j4kRU=,qmOz1pqVvV+236ll01tTb1pFSMg=
35,-11,cTMXqgU4Ei6eUii+5rvZo9j4kRU=,KZ/taixwlHPBV2fLODLOHfK+XhU=
35,-10,cTMXqgU4Ei6eUii+5rvZo9j4kRU=,p2UzPyIYn7U4F7WIM5TArycq2zo=
35,-9,cTMXqgU4Ei6eUii+5rvZo9j4kRU=,p2UzPyIYn7U4F7WIM5TArycq2zo=
36,-8,cTMXqgU4Ei6eUii+5rvZo9j4kRU=,XrIhBUEKgfsMxKtO9OpXG64vzpc=
35,-8,cTMXqgU4Ei6eUii+5rvZo9j4kRU=,y22K4dxjkkaB2kindks9SSd7LU4=
36,-9,cTMXqgU4Ei6eUii+5rvZo9j4kRU=,1ISfDlCD3/dE2zwlm12LOLni+mQ=
36,-7,ndcc3m0UyA4Lt0bQApaJ17WRUC8=,XrIhBUEKgfsMxKtO9OpXG64vzpc=
35,-7,ndcc3m0UyA4Lt0bQApaJ17WRUC8=,y22K4dxjkkaB2kindks9SSd7LU4=
35,-6,ndcc3m0UyA4Lt0bQApaJ17WRUC8=,68lDpbAFOsNmuLNp7ekOibVQZOk=
36,-6,ndcc3m0UyA4Lt0bQApaJ17WRUC8=,R7lxkHVxtkvZQafUNpf5ejHh/h8=
35,-4,ndcc3m0UyA4Lt0bQApaJ17WRUC8=,sx6u3ygSQeRZy123x62ATyq0TRg=
35,-5,ndcc3m0UyA4Lt0bQApaJ17WRUC8=,68lDpbAFOsNmuLNp7ekOibVQZOk=
36,-4,ndcc3m0UyA4Lt0bQApaJ17WRUC8=,bJuEbqWF2NzrlaC3IrvLv/00ShY=
36,-5,ndcc3m0UyA4Lt0bQApaJ17WRUC8=,R7lxkHVxtkvZQafUNpf5ejHh/h8=
37,-5,CQxE9o2pmKXTvNs3JtR/dN1R/Mw=,R7lxkHVxtkvZQafUNpf5ejHh/h8=
38,-5,CQxE9o2pmKXTvNs3JtR/dN1R/Mw=,e9Kd45i4iZlwGKVcsdb7jpS/JaM=
37,-4,CQxE9o2pmKXTvNs3JtR/dN1R/Mw=,bJuEbqWF2NzrlaC3IrvLv/00ShY=
38,-4,CQxE9o2pmKXTvNs3JtR/dN1R/Mw=,P1ifRlGB/2xndsRi1/icI2UkwDA=
38,-8,CQxE9o2pmKXTvNs3JtR/dN1R/Mw=,0yDZ1FvJtD9dPVD2DJAYr1O5QPU=
37,-6,CQxE9o2pmKXTvNs3JtR/dN1R/Mw=,R7lxkHVxtkvZQafUNpf5ejHh/h8=
37,-7,CQxE9o2pmKXTvNs3JtR/dN1R/Mw=,XrIhBUEKgfsMxKtO9OpXG64vzpc=
38,-6,CQxE9o2pmKXTvNs3JtR/dN1R/Mw=,e9Kd45i4iZlwGKVcsdb7jpS/JaM=
38,-7,CQxE9o2pmKXTvNs3JtR/dN1R/Mw=,0yDZ1FvJtD9dPVD2DJAYr1O5QPU=
37,-9,CQxE9o2pmKXTvNs3JtR/dN1R/Mw=,1ISfDlCD3/dE2zwlm12LOLni+mQ=
37,-8,CQxE9o2pmKXTvNs3JtR/dN1R/Mw=,XrIhBUEKgfsMxKtO9OpXG64vzpc=
38,-9,CQxE9o2pmKXTvNs3JtR/dN1R/Mw=,KhqZ6HkfxcWqpuYfjqGJdMHehog=
37,-11,YCKAHkjljIuO3KFK44sGKVvCCWA=,qmOz1pqVvV+236ll01tTb1pFSMg=
38,-11,YCKAHkjljIuO3KFK44sGKVvCCWA=,IAAlOO1RvssYDOWz+B+P+nlNb4g=
37,-10,YCKAHkjljIuO3KFK44sGKVvCCWA=,1ISfDlCD3/dE2zwlm12LOLni+mQ=
38,-10,YCKAHkjljIuO3KFK44sGKVvCCWA=,KhqZ6HkfxcWqpuYfjqGJdMHehog=
38,-12,xo8baFn/SNeikN/DKWIyIR7mN8g=,IAAlOO1RvssYDOWz+B+P+nlNb4g=
37,-12,xo8baFn/SNeikN/DKWIyIR7mN8g=,qmOz1pqVvV+236ll01tTb1pFSMg=
37,-13,xo8baFn/SNeikN/DKWIyIR7mN8g=,f/rgUDI58hkLVrObI9rZXpedWrg=
38,-13,xo8baFn/SNeikN/DKWIyIR7mN8g=,bZgZC1RF6ttTDMJEShF/GCLBdKo=
40,-12,ioueCCwA5diOPHdjQNFdYg2prQY=,iL2D/hlP54JS7ExM5m0dRa/uk64=
39,-12,ioueCCwA5diOPHdjQNFdYg2prQY=,IAAlOO1RvssYDOWz+B+P+nlNb4g=
39,-13,ioueCCwA5diOPHdjQNFdYg2prQY=,bZgZC1RF6ttTDMJEShF/GCLBdKo=
40,-13,ioueCCwA5diOPHdjQNFdYg2prQY=,J+3cCWw+qIabbWjlyP1MZsFO86c=
39,-15,aopWSQuh8BoPbvXjDexlpc9SZAw=,V1xt9MdAsKC+MT/naSVCRgiioTw=
40,-14,aopWSQuh8BoPbvXjDexlpc9SZAw=,J+3cCWw+qIabbWjlyP1MZsFO86c=
39,-14,aopWSQuh8BoPbvXjDexlpc9SZAw=,bZgZC1RF6ttTDMJEShF/GCLBdKo=
40,-15,aopWSQuh8BoPbvXjDexlpc9SZAw=,HG+K7w5czhk0RYLbSb1fyGMjLy8=
41,-15,aopWSQuh8BoPbvXjDexlpc9SZAw=,HG+K7w5czhk0RYLbSb1fyGMjLy8=
41,-14,aopWSQuh8BoPbvXjDexlpc9SZAw=,J+3cCWw+qIabbWjlyP1MZsFO86c=
42,-14,aopWSQuh8BoPbvXjDexlpc9SZAw=,iyzVeZjP4NPPEGDclmSTvmQX2P4=
42,-15,aopWSQuh8BoPbvXjDexlpc9SZAw=,YWRmw8sS+CX9TFtX4ljXwIbdiOs=
44,-15,3FkWKmw1dLj0bXObYHlf7NF+oLA=,16tY4EbazU4y04C/drTUpmkuFUQ=
43,-14,3FkWKmw1dLj0bXObYHlf7NF+oLA=,iyzVeZjP4NPPEGDclmSTvmQX2P4=
44,-14,3FkWKmw1dLj0bXObYHlf7NF+oLA=,2VMll6WgYaeb9wwNh0xuaEpd7HA=
43,-15,3FkWKmw1dLj0bXObYHlf7NF+oLA=,YWRmw8sS+CX9TFtX4ljXwIbdiOs=
41,-12,zej5cXH1HxllyaczoEwCoODs6sI=,iL2D/hlP54JS7ExM5m0dRa/uk64=
42,-13,zej5cXH1HxllyaczoEwCoODs6sI=,iyzVeZjP4NPPEGDclmSTvmQX2P4=
41,-13,zej5cXH1HxllyaczoEwCoODs6sI=,J+3cCWw+qIabbWjlyP1MZsFO86c=
42,-12,zej5cXH1HxllyaczoEwCoODs6sI=,HDBEoTPiRQE9auZ8F1IxAC4OGyg=
44,-13,zej5cXH1HxllyaczoEwCoODs6sI=,2VMll6WgYaeb9wwNh0xuaEpd7HA=
43,-12,zej5cXH1HxllyaczoEwCoODs6sI=,HDBEoTPiRQE9auZ8F1IxAC4OGyg=
43,-13,zej5cXH1HxllyaczoEwCoODs6sI=,iyzVeZjP4NPPEGDclmSTvmQX2P4=
44,-12,zej5cXH1HxllyaczoEwCoODs6sI=,lywMd6KnMIaso8FKCFP/CVVZcqU=
44,-10,Jnru0IFwHyL2YgoELs/V3w8p/WY=,RmUsNZ1IwwE89jDmQ4vimShpTNU=
44,-11,Jnru0IFwHyL2YgoELs/V3w8p/WY=,lywMd6KnMIaso8FKCFP/CVVZcqU=
43,-11,Jnru0IFwHyL2YgoELs/V3w8p/WY=,HDBEoTPiRQE9auZ8F1IxAC4OGyg=
43,-10,Jnru0IFwHyL2YgoELs/V3w8p/WY=,X8AgOXv1kB4T4bffOyK6vUdfCn0=
44,-8,bk3ZI9yBwqVqzOGDkEUvXYCEh04=,RXmL+BVEpAU47ZSyRlKEVgPoJy4=
44,-9,bk3ZI9yBwqVqzOGDkEUvXYCEh04=,RmUsNZ1IwwE89jDmQ4vimShpTNU=
43,-8,bk3ZI9yBwqVqzOGDkEUvXYCEh04=,YzRybzlALqI1XPKUk2481sNsJx0=
43,-9,bk3ZI9yBwqVqzOGDkEUvXYCEh04=,X8AgOXv1kB4T4bffOyK6vUdfCn0=
42,-10,05ueD7FTf9CP+p9OEM3R/6EwNnQ=,X8AgOXv1kB4T4bffOyK6vUdfCn0=
39,-11,05ueD7FTf9CP+p9OEM3R/6EwNnQ=,IAAlOO1RvssYDOWz+B+P+nlNb4g=
41,-11,05ueD7FTf9CP+p9OEM3R/6EwNnQ=,iL2D/hlP54JS7ExM5m0dRa/uk64=
41,-10,05ueD7FTf9CP+p9OEM3R/6EwNnQ=,1a5peqCGlct9cuZKUT2eAK43tZc=
42,-11,05ueD7FTf9CP+p9OEM3R/6EwNnQ=,HDBEoTPiRQE9auZ8F1IxAC4OGyg=
40,-11,05ueD7FTf9CP+p9OEM3R/6EwNnQ=,iL2D/hlP54JS7ExM5m0dRa/uk64=
39,-10,05ueD7FTf9CP+p9OEM3R/6EwNnQ=,KhqZ6HkfxcWqpuYfjqGJdMHehog=
40,-10,05ueD7FTf9CP+p9OEM3R/6EwNnQ=,1a5peqCGlct9cuZKUT2eAK43tZc=
40,-7,wuBLujlpPzp7F/veX43JIEdTCms=,uJbIVHLQpqfkrrsppnM+6LHobxg=
42,-9,wuBLujlpPzp7F/veX43JIEdTCms=,X8AgOXv1kB4T4bffOyK6vUdfCn0=
40,-6,wuBLujlpPzp7F/veX43JIEdTCms=,pqXVEdHfGfdkMVqNc++4dk75wc4=
39,-6,wuBLujlpPzp7F/veX43JIEdTCms=,e9Kd45i4iZlwGKVcsdb7jpS/JaM=
40,-8,wuBLujlpPzp7F/veX43JIEdTCms=,uJbIVHLQpqfkrrsppnM+6LHobxg=
42,-8,wuBLujlpPzp7F/veX43JIEdTCms=,YzRybzlALqI1XPKUk2481sNsJx0=
41,-9,wuBLujlpPzp7F/veX43JIEdTCms=,1a5peqCGlct9cuZKUT2eAK43tZc=
41,-8,wuBLujlpPzp7F/veX43JIEdTCms=,uJbIVHLQpqfkrrsppnM+6LHobxg=
40,-9,wuBLujlpPzp7F/veX43JIEdTCms=,1a5peqCGlct9cuZKUT2eAK43tZc=
39,-9,wuBLujlpPzp7F/veX43JIEdTCms=,KhqZ6HkfxcWqpuYfjqGJdMHehog=
39,-7,wuBLujlpPzp7F/veX43JIEdTCms=,0yDZ1FvJtD9dPVD2DJAYr1O5QPU=
39,-8,wuBLujlpPzp7F/veX43JIEdTCms=,0yDZ1FvJtD9dPVD2DJAYr1O5QPU=
42,-7,wuBLujlpPzp7F/veX43JIEdTCms=,YzRybzlALqI1XPKUk2481sNsJx0=
41,-7,wuBLujlpPzp7F/veX43JIEdTCms=,uJbIVHLQpqfkrrsppnM+6LHobxg=
41,-6,wuBLujlpPzp7F/veX43JIEdTCms=,pqXVEdHfGfdkMVqNc++4dk75wc4=
42,-6,wuBLujlpPzp7F/veX43JIEdTCms=,eI3Amhvlw1bPO3/2uuko5tB31SI=
40,-4,HWIGGUM12HweDG+ssDmRlbaWfbU=,UmFF8kVuGxnvm3cvml9dhH/yUj4=
41,-5,HWIGGUM12HweDG+ssDmRlbaWfbU=,pqXVEdHfGfdkMVqNc++4dk75wc4=
40,-5,HWIGGUM12HweDG+ssDmRlbaWfbU=,pqXVEdHfGfdkMVqNc++4dk75wc4=
41,-4,HWIGGUM12HweDG+ssDmRlbaWfbU=,UmFF8kVuGxnvm3cvml9dhH/yUj4=
39,-5,HWIGGUM12HweDG+ssDmRlbaWfbU=,e9Kd45i4iZlwGKVcsdb7jpS/JaM=
42,-4,HWIGGUM12HweDG+ssDmRlbaWfbU=,LWBA5YZ1AYbydonI7jRjrrE0loo=
42,-5,HWIGGUM12HweDG+ssDmRlbaWfbU=,eI3Amhvlw1bPO3/2uuko5tB31SI=
39,-4,HWIGGUM12HweDG+ssDmRlbaWfbU=,P1ifRlGB/2xndsRi1/icI2UkwDA=
43,-7,HWIGGUM12HweDG+ssDmRlbaWfbU=,YzRybzlALqI1XPKUk2481sNsJx0=
43,-6,HWIGGUM12HweDG+ssDmRlbaWfbU=,eI3Amhvlw1bPO3/2uuko5tB31SI=
44,-5,HWIGGUM12HweDG+ssDmRlbaWfbU=,n8yTkrEngiTJSx/XrT6vZf1MLGQ=
43,-4,HWIGGUM12HweDG+ssDmRlbaWfbU=,LWBA5YZ1AYbydonI7jRjrrE0loo=
44,-6,HWIGGUM12HweDG+ssDmRlbaWfbU=,n8yTkrEngiTJSx/XrT6vZf1MLGQ=
44,-7,HWIGGUM12HweDG+ssDmRlbaWfbU=,RXmL+BVEpAU47ZSyRlKEVgPoJy4=
43,-5,HWIGGUM12HweDG+ssDmRlbaWfbU=,eI3Amhvlw1bPO3/2uuko5tB31SI=
44,-4,HWIGGUM12HweDG+ssDmRlbaWfbU=,VAcWcH6LWCSfi58wZPh9NHBmFnI=
44,-3,peepyF4i618Tue4r4F9gknXKFig=,VAcWcH6LWCSfi58wZPh9NHBmFnI=
43,-3,peepyF4i618Tue4r4F9gknXKFig=,LWBA5YZ1AYbydonI7jRjrrE0loo=
43,-2,peepyF4i618Tue4r4F9gknXKFig=,o83wESMRs+qewbqD5rvMnqapPsA=
44,-2,peepyF4i618Tue4r4F9gknXKFig=,DSYnPrZGoysLF2TSpy2foXSAY0U=
42,-3,peepyF4i618Tue4r4F9gknXKFig=,LWBA5YZ1AYbydonI7jRjrrE0loo=
42,-2,peepyF4i618Tue4r4F9gknXKFig=,o83wESMRs+qewbqD5rvMnqapPsA=
41,-3,peepyF4i618Tue4r4F9gknXKFig=,UmFF8kVuGxnvm3cvml9dhH/yUj4=
41,-2,peepyF4i618Tue4r4F9gknXKFig=,Z+3Ak6OVzDzN2+mRWvwpaBl8ffY=
46,-4,PpMRDVckAW3Af2pfWv2mz5B0RNk=,ZP3Q+7xYKEdFlcgVcf8XJ5yBPHQ=
46,-5,PpMRDVckAW3Af2pfWv2mz5B0RNk=,Oo64pkd05msnwfdkEi8Ltz7NXfE=
45,-5,PpMRDVckAW3Af2pfWv2mz5B0RNk=,n8yTkrEngiTJSx/XrT6vZf1MLGQ=
45,-4,PpMRDVckAW3Af2pfWv2mz5B0RNk=,VAcWcH6LWCSfi58wZPh9NHBmFnI=
46,-3,sO9tHjuH5DWnFGqv82Q/W6bgUKw=,ZP3Q+7xYKEdFlcgVcf8XJ5yBPHQ=
45,-2,sO9tHjuH5DWnFGqv82Q/W6bgUKw=,DSYnPrZGoysLF2TSpy2foXSAY0U=
46,-2,sO9tHjuH5DWnFGqv82Q/W6bgUKw=,76rd1PKAk5XE5p9+fEQAKCHbYBg=
45,-3,sO9tHjuH5DWnFGqv82Q/W6bgUKw=,VAcWcH6LWCSfi58wZPh9NHBmFnI=
40,-2,sO9tHjuH5DWnFGqv82Q/W6bgUKw=,Z+3Ak6OVzDzN2+mRWvwpaBl8ffY=
40,-3,sO9tHjuH5DWnFGqv82Q/W6bgUKw=,UmFF8kVuGxnvm3cvml9dhH/yUj4=
39,-3,sO9tHjuH5DWnFGqv82Q/W6bgUKw=,P1ifRlGB/2xndsRi1/icI2UkwDA=
39,-2,sO9tHjuH5DWnFGqv82Q/W6bgUKw=,OrL3l2gjHBFjv4m7S37k5qpZgMU=
38,-2,sO9tHjuH5DWnFGqv82Q/W6bgUKw=,OrL3l2gjHBFjv4m7S37k5qpZgMU=
38,-3,sO9tHjuH5DWnFGqv82Q/W6bgUKw=,P1ifRlGB/2xndsRi1/icI2UkwDA=
37,-3,sO9tHjuH5DWnFGqv82Q/W6bgUKw=,bJuEbqWF2NzrlaC3IrvLv/00ShY=
37,-2,sO9tHjuH5DWnFGqv82Q/W6bgUKw=,luekzv+PtMovzcy1y48oNdTpyJA=
36,-2,Tnpp27Evs0crxTEkErBtEZyUolg=,luekzv+PtMovzcy1y48oNdTpyJA=
35,-2,Tnpp27Evs0crxTEkErBtEZyUolg=,X7UtIfL9qgMiZZ4BGBEJniNQUiw=
36,-3,Tnpp27Evs0crxTEkErBtEZyUolg=,bJuEbqWF2NzrlaC3IrvLv/00ShY=
35,-3,Tnpp27Evs0crxTEkErBtEZyUolg=,sx6u3ygSQeRZy123x62ATyq0TRg=
33,-1,IdRVPxZp7cveajI9lpqAgmjQVYw=,Sjix/QDNzY4ZtHeP2GvB/oupmYc=
34,-1,IdRVPxZp7cveajI9lpqAgmjQVYw=,X7UtIfL9qgMiZZ4BGBEJniNQUiw=
32,-9,IdRVPxZp7cveajI9lpqAgmjQVYw=,jYBTUywtPlQemCf6NOiRKGm0Ww4=
32,-8,IdRVPxZp7cveajI9lpqAgmjQVYw=,WI3kiviZBR3B12kVtEkStAz/P4E=
32,-10,IdRVPxZp7cveajI9lpqAgmjQVYw=,jYBTUywtPlQemCf6NOiRKGm0Ww4=
32,-11,IdRVPxZp7cveajI9lpqAgmjQVYw=,PsasJxsBtMTFc1ZuT3EFIsR3Rxc=
32,-12,IdRVPxZp7cveajI9lpqAgmjQVYw=,PsasJxsBtMTFc1ZuT3EFIsR3Rxc=
32,-13,IdRVPxZp7cveajI9lpqAgmjQVYw=,D2zaeGlsVaOODqvJF+s0WauEGmQ=
32,-3,IdRVPxZp7cveajI9lpqAgmjQVYw=,NX+O7rNcACcGtYGVZpS7AaxNf5s=
32,-2,IdRVPxZp7cveajI9lpqAgmjQVYw=,Sjix/QDNzY4ZtHeP2GvB/oupmYc=
34,-3,IdRVPxZp7cveajI9lpqAgmjQVYw=,sx6u3ygSQeRZy123x62ATyq0TRg=
33,-2,IdRVPxZp7cveajI9lpqAgmjQVYw=,Sjix/QDNzY4ZtHeP2GvB/oupmYc=
34,-2,IdRVPxZp7cveajI9lpqAgmjQVYw=,X7UtIfL9qgMiZZ4BGBEJniNQUiw=
33,-3,IdRVPxZp7cveajI9lpqAgmjQVYw=,NX+O7rNcACcGtYGVZpS7AaxNf5s=
33,-7,dczkq2c5flfXL/uCW3M39oFGdag=,WI3kiviZBR3B12kVtEkStAz/P4E=
34,-7,dczkq2c5flfXL/uCW3M39oFGdag=,y22K4dxjkkaB2kindks9SSd7LU4=
34,-5,dczkq2c5flfXL/uCW3M39oFGdag=,68lDpbAFOsNmuLNp7ekOibVQZOk=
32,-7,dczkq2c5flfXL/uCW3M39oFGdag=,WI3kiviZBR3B12kVtEkStAz/P4E=
33,-5,dczkq2c5flfXL/uCW3M39oFGdag=,FAiy55FS14f08vBGcduHTUlkkhA=
33,-4,dczkq2c5flfXL/uCW3M39oFGdag=,NX+O7rNcACcGtYGVZpS7AaxNf5s=
32,-5,dczkq2c5flfXL/uCW3M39oFGdag=,FAiy55FS14f08vBGcduHTUlkkhA=
32,-6,dczkq2c5flfXL/uCW3M39oFGdag=,FAiy55FS14f08vBGcduHTUlkkhA=
33,-6,dczkq2c5flfXL/uCW3M39oFGdag=,FAiy55FS14f08vBGcduHTUlkkhA=
34,-4,dczkq2c5flfXL/uCW3M39oFGdag=,sx6u3ygSQeRZy123x62ATyq0TRg=
32,-4,dczkq2c5flfXL/uCW3M39oFGdag=,NX+O7rNcACcGtYGVZpS7AaxNf5s=
34,-6,dczkq2c5flfXL/uCW3M39oFGdag=,68lDpbAFOsNmuLNp7ekOibVQZOk=
39,-16,dczkq2c5flfXL/uCW3M39oFGdag=,V1xt9MdAsKC+MT/naSVCRgiioTw=
40,-16,dczkq2c5flfXL/uCW3M39oFGdag=,HG+K7w5czhk0RYLbSb1fyGMjLy8=
42,-16,dczkq2c5flfXL/uCW3M39oFGdag=,YWRmw8sS+CX9TFtX4ljXwIbdiOs=
41,-16,dczkq2c5flfXL/uCW3M39oFGdag=,HG+K7w5czhk0RYLbSb1fyGMjLy8=
43,-16,dczkq2c5flfXL/uCW3M39oFGdag=,YWRmw8sS+CX9TFtX4ljXwIbdiOs=
44,-16,dczkq2c5flfXL/uCW3M39oFGdag=,16tY4EbazU4y04C/drTUpmkuFUQ=
34,-15,UkBi9bmpjEbGAdBCxla7DfjxeGE=,sjc6XNi3PZ4IeCWwtIVmOD1GFz0=
33,-16,UkBi9bmpjEbGAdBCxla7DfjxeGE=,BIVEBwHZG4VhhliLQVZDSXY9hsg=
32,-14,UkBi9bmpjEbGAdBCxla7DfjxeGE=,D2zaeGlsVaOODqvJF+s0WauEGmQ=
34,-14,UkBi9bmpjEbGAdBCxla7DfjxeGE=,4jxRRxD1iUOELvNAAb5cZbGLWrM=
32,-15,UkBi9bmpjEbGAdBCxla7DfjxeGE=,BIVEBwHZG4VhhliLQVZDSXY9hsg=
33,-14,UkBi9bmpjEbGAdBCxla7DfjxeGE=,D2zaeGlsVaOODqvJF+s0WauEGmQ=
33,-15,UkBi9bmpjEbGAdBCxla7DfjxeGE=,BIVEBwHZG4VhhliLQVZDSXY9hsg=
34,-16,UkBi9bmpjEbGAdBCxla7DfjxeGE=,sjc6XNi3PZ4IeCWwtIVmOD1GFz0=
38,-16,TVuVgopt6tJlZdBz8ilfRjM7D8g=,V1xt9MdAsKC+MT/naSVCRgiioTw=
36,-14,TVuVgopt6tJlZdBz8ilfRjM7D8g=,f/rgUDI58hkLVrObI9rZXpedWrg=
37,-15,TVuVgopt6tJlZdBz8ilfRjM7D8g=,KsJV3u4NHXHhze4RXjyqPbe0pEY=
35,-15,TVuVgopt6tJlZdBz8ilfRjM7D8g=,sjc6XNi3PZ4IeCWwtIVmOD1GFz0=
36,-15,TVuVgopt6tJlZdBz8ilfRjM7D8g=,KsJV3u4NHXHhze4RXjyqPbe0pEY=
35,-14,TVuVgopt6tJlZdBz8ilfRjM7D8g=,4jxRRxD1iUOELvNAAb5cZbGLWrM=
36,-16,TVuVgopt6tJlZdBz8ilfRjM7D8g=,KsJV3u4NHXHhze4RXjyqPbe0pEY=
38,-14,TVuVgopt6tJlZdBz8ilfRjM7D8g=,bZgZC1RF6ttTDMJEShF/GCLBdKo=
38,-15,TVuVgopt6tJlZdBz8ilfRjM7D8g=,V1xt9MdAsKC+MT/naSVCRgiioTw=
35,-16,TVuVgopt6tJlZdBz8ilfRjM7D8g=,sjc6XNi3PZ4IeCWwtIVmOD1GFz0=
37,-14,TVuVgopt6tJlZdBz8ilfRjM7D8g=,f/rgUDI58hkLVrObI9rZXpedWrg=
37,-16,TVuVgopt6tJlZdBz8ilfRjM7D8g=,KsJV3u4NHXHhze4RXjyqPbe0pEY=
46,-15,aL/5cNslzsDm05m34okpnSDJ1Rc=,ntLnZYOi5AC8XWO5ipn9ngoiV7s=
45,-15,aL/5cNslzsDm05m34okpnSDJ1Rc=,16tY4EbazU4y04C/drTUpmkuFUQ=
45,-14,aL/5cNslzsDm05m34okpnSDJ1Rc=,2VMll6WgYaeb9wwNh0xuaEpd7HA=
46,-14,aL/5cNslzsDm05m34okpnSDJ1Rc=,iLYI/dYerqxj2WEKH3fUpcseUsQ=
47,-5,aL/5cNslzsDm05m34okpnSDJ1Rc=,Oo64pkd05msnwfdkEi8Ltz7NXfE=
47,-4,aL/5cNslzsDm05m34okpnSDJ1Rc=,ZP3Q+7xYKEdFlcgVcf8XJ5yBPHQ=
45,-13,aL/5cNslzsDm05m34okpnSDJ1Rc=,2VMll6WgYaeb9wwNh0xuaEpd7HA=
47,-12,aL/5cNslzsDm05m34okpnSDJ1Rc=,RVdy9TtY0YT+/rWnG43tWIA4zBI=
46,-13,aL/5cNslzsDm05m34okpnSDJ1Rc=,iLYI/dYerqxj2WEKH3fUpcseUsQ=
46,-12,aL/5cNslzsDm05m34okpnSDJ1Rc=,RVdy9TtY0YT+/rWnG43tWIA4zBI=
47,-13,aL/5cNslzsDm05m34okpnSDJ1Rc=,iLYI/dYerqxj2WEKH3fUpcseUsQ=
45,-12,aL/5cNslzsDm05m34okpnSDJ1Rc=,lywMd6KnMIaso8FKCFP/CVVZcqU=
47,-3,aL/5cNslzsDm05m34okpnSDJ1Rc=,ZP3Q+7xYKEdFlcgVcf8XJ5yBPHQ=
47,-2,aL/5cNslzsDm05m34okpnSDJ1Rc=,76rd1PKAk5XE5p9+fEQAKCHbYBg=
46,-1,aL/5cNslzsDm05m34okpnSDJ1Rc=,76rd1PKAk5XE5p9+fEQAKCHbYBg=
43,-1,aL/5cNslzsDm05m34okpnSDJ1Rc=,o83wESMRs+qewbqD5rvMnqapPsA=
44,-1,aL/5cNslzsDm05m34okpnSDJ1Rc=,DSYnPrZGoysLF2TSpy2foXSAY0U=
45,-1,aL/5cNslzsDm05m34okpnSDJ1Rc=,DSYnPrZGoysLF2TSpy2foXSAY0U=
42,-1,aL/5cNslzsDm05m34okpnSDJ1Rc=,o83wESMRs+qewbqD5rvMnqapPsA=
41,-1,eNoMUz9h+knpzdXIvUSSiQh9GgU=,Z+3Ak6OVzDzN2+mRWvwpaBl8ffY=
45,-11,eNoMUz9h+knpzdXIvUSSiQh9GgU=,lywMd6KnMIaso8FKCFP/CVVZcqU=
46,-11,eNoMUz9h+knpzdXIvUSSiQh9GgU=,RVdy9TtY0YT+/rWnG43tWIA4zBI=
45,-10,eNoMUz9h+knpzdXIvUSSiQh9GgU=,RmUsNZ1IwwE89jDmQ4vimShpTNU=
46,-10,eNoMUz9h+knpzdXIvUSSiQh9GgU=,uJ3z6xu6wXlAaifTfPXwBECxpLM=
47,-10,eNoMUz9h+knpzdXIvUSSiQh9GgU=,uJ3z6xu6wXlAaifTfPXwBECxpLM=
47,-11,eNoMUz9h+knpzdXIvUSSiQh9GgU=,RVdy9TtY0YT+/rWnG43tWIA4zBI=
39,-1,eNoMUz9h+knpzdXIvUSSiQh9GgU=,OrL3l2gjHBFjv4m7S37k5qpZgMU=
40,-1,eNoMUz9h+knpzdXIvUSSiQh9GgU=,Z+3Ak6OVzDzN2+mRWvwpaBl8ffY=
46,-16,eNoMUz9h+knpzdXIvUSSiQh9GgU=,ntLnZYOi5AC8XWO5ipn9ngoiV7s=
47,-15,eNoMUz9h+knpzdXIvUSSiQh9GgU=,ntLnZYOi5AC8XWO5ipn9ngoiV7s=
37,-1,eNoMUz9h+knpzdXIvUSSiQh9GgU=,luekzv+PtMovzcy1y48oNdTpyJA=
45,-16,eNoMUz9h+knpzdXIvUSSiQh9GgU=,16tY4EbazU4y04C/drTUpmkuFUQ=
35,-1,eNoMUz9h+knpzdXIvUSSiQh9GgU=,X7UtIfL9qgMiZZ4BGBEJniNQUiw=
47,-14,eNoMUz9h+knpzdXIvUSSiQh9GgU=,iLYI/dYerqxj2WEKH3fUpcseUsQ=
38,-1,eNoMUz9h+knpzdXIvUSSiQh9GgU=,OrL3l2gjHBFjv4m7S37k5qpZgMU=
36,-1,eNoMUz9h+knpzdXIvUSSiQh9GgU=,luekzv+PtMovzcy1y48oNdTpyJA=
47,-16,eNoMUz9h+knpzdXIvUSSiQh9GgU=,ntLnZYOi5AC8XWO5ipn9ngoiV7s=
32,-16,eNoMUz9h+knpzdXIvUSSiQh9GgU=,BIVEBwHZG4VhhliLQVZDSXY9hsg=
32,-1,eNoMUz9h+knpzdXIvUSSiQh9GgU=,Sjix/QDNzY4ZtHeP2GvB/oupmYc=
47,-1,eNoMUz9h+knpzdXIvUSSiQh9GgU=,76rd1PKAk5XE5p9+fEQAKCHbYBg=
45,-9,eNoMUz9h+knpzdXIvUSSiQh9GgU=,RmUsNZ1IwwE89jDmQ4vimShpTNU=
47,-7,eNoMUz9h+knpzdXIvUSSiQh9GgU=,yc0416i0B3Sx2gHZvoERwP1547k=
46,-6,eNoMUz9h+knpzdXIvUSSiQh9GgU=,Oo64pkd05msnwfdkEi8Ltz7NXfE=
46,-9,eNoMUz9h+knpzdXIvUSSiQh9GgU=,uJ3z6xu6wXlAaifTfPXwBECxpLM=
45,-6,eNoMUz9h+knpzdXIvUSSiQh9GgU=,n8yTkrEngiTJSx/XrT6vZf1MLGQ=
46,-7,eNoMUz9h+knpzdXIvUSSiQh9GgU=,yc0416i0B3Sx2gHZvoERwP1547k=
47,-6,eNoMUz9h+knpzdXIvUSSiQh9GgU=,Oo64pkd05msnwfdkEi8Ltz7NXfE=
47,-9,eNoMUz9h+knpzdXIvUSSiQh9GgU=,uJ3z6xu6wXlAaifTfPXwBECxpLM=
46,-8,eNoMUz9h+knpzdXIvUSSiQh9GgU=,yc0416i0B3Sx2gHZvoERwP1547k=
45,-7,eNoMUz9h+knpzdXIvUSSiQh9GgU=,RXmL+BVEpAU47ZSyRlKEVgPoJy4=
45,-8,eNoMUz9h+knpzdXIvUSSiQh9GgU=,RXmL+BVEpAU47ZSyRlKEVgPoJy4=
47,-8,eNoMUz9h+knpzdXIvUSSiQh9GgU=,yc0416i0B3Sx2gHZvoERwP1547k=
