0,-10,uHnCvUAFZwFuckC4A2HLAT9bMwM=,en2/SFO1AsCubgvdK7ASx6DZQaU=
1,-10,uHnCvUAFZwFuckC4A2HLAT9bMwM=,t9Dwb/cHALBw/HazLlkHZ3KigUs=
2,-10,uHnCvUAFZwFuckC4A2HLAT9bMwM=,ACTIpQ+h2C/DAS7OeUWAdHzYUAo=
3,-10,uHnCvUAFZwFuckC4A2HLAT9bMwM=,T/Re0TgjNE40w39VOTIdLPo1WGs=
4,-10,uHnCvUAFZwFuckC4A2HLAT9bMwM=,6bnvCHz+TgCh1b3KUIETY2LOCEM=
5,-10,uHnCvUAFZwFuckC4A2HLAT9bMwM=,DZMZTNT7FChSevp92s/N8EHg6/s=
6,-10,uHnCvUAFZwFuckC4A2HLAT9bMwM=,CskzY48XG5kXpVnF/6snwyK2eb8=
7,-10,uHnCvUAFZwFuckC4A2HLAT9bMwM=,ThIavu0yG0ExdEOdURgE3tLNWwo=
8,-10,uHnCvUAFZwFuckC4A2HLAT9bMwM=,tPBxGXcocgB4WxkA54HCxhJHBJQ=
9,-10,uHnCvUAFZwFuckC4A2HLAT9bMwM=,GC2eQHntoCVU33Bdjvgv8+b6Qoo=
10,-10,uHnCvUAFZwFuckC4A2HLAT9bMwM=,Ts6QMFYmZBXbLsRkEUgpji7wa7w=
11,-10,uHnCvUAFZwFuckC4A2HLAT9bMwM=,vus47Tzpx/ntYeeSIoDs4hhM1vw=
12,-10,uHnCvUAFZwFuckC4A2HLAT9bMwM=,tUSyaL2EnFMsUgT7JhUU7e6MDdo=
13,-10,uHnCvUAFZwFuckC4A2HLAT9bMwM=,lT64PNBvk2bijwdnibB0dcGCLsA=
14,-10,uHnCvUAFZwFuckC4A2HLAT9bMwM=,VZqOJGKrs3ai4EKy4yQHOkJdCdM=
15,-10,uHnCvUAFZwFuckC4A2HLAT9bMwM=,1xf/KXpSfcDioywN+GWOYQmEtTs=
16,-10,uHnCvUAFZwFuckC4A2HLAT9bMwM=,2MchcUxGta+wjf5NOrcZKYY5qec=
17,-10,uHnCvUAFZwFuckC4A2HLAT9bMwM=,0Kj9dMnPxD7z95I4ak/enXw1vf0=
18,-10,uHnCvUAFZwFuckC4A2HLAT9bMwM=,K7qvrWTSa5d0Dxe4MEbiN/SrLv4=
19,-10,uHnCvUAFZwFuckC4A2HLAT9bMwM=,dhpRQh845cPFwhWfy1AodE9Fe/A=
20,-10,uHnCvUAFZwFuckC4A2HLAT9bMwM=,1/bCASy9OUBCOvX+a5VU5hShFpc=
21,-10,uHnCvUAFZwFuckC4A2HLAT9bMwM=,Bx3BhgimgMpCu37qysjKoSqxT4c=
22,-10,uHnCvUAFZwFuckC4A2HLAT9bMwM=,zQUJ9rsm7jvUHr5aENfxSy/fW20=
23,-10,uHnCvUAFZwFuckC4A2HLAT9bMwM=,0K/vHuLod+UJxTFWyQisIjvf2wU=
24,-10,uHnCvUAFZwFuckC4A2HLAT9bMwM=,sDY1LFpkfLSFsvxOwL+S5/QbP/w=
25,-10,uHnCvUAFZwFuckC4A2HLAT9bMwM=,RSGv7Ip+fCabnpCMd+TODkxzW5c=
26,-10,MjDf0nD7GAJjQLYLvY4A2E79OuM=,ub1dk0dbqyFO3O11/dFOkL73j0c=
27,-10,MjDf0nD7GAJjQLYLvY4A2E79OuM=,M5pSyAkTZB0vBydUvcZfi/ObSWE=
28,-10,MjDf0nD7GAJjQLYLvY4A2E79OuM=,1crlTypXL9jSUeMshoICLdjZ2gk=
29,-10,MjDf0nD7GAJjQLYLvY4A2E79OuM=,PxkyjZmr5Va8o0fT7MJFFQl77sA=
30,-10,MjDf0nD7GAJjQLYLvY4A2E79OuM=,fk0GIAv/s+Q1gpQ4Mfl9dL0pyj4=
31,-10,MjDf0nD7GAJjQLYLvY4A2E79OuM=,AWIQXfS1NBvemGIlT5e2O+vCOD4=
0,-9,MjDf0nD7GAJjQLYLvY4A2E79OuM=,NCqfS2/2vVOiv9wu9EITk4vsiAI=
1,-9,MjDf0nD7GAJjQLYLvY4A2E79OuM=,NCqfS2/2vVOiv9wu9EITk4vsiAI=
2,-9,MjDf0nD7GAJjQLYLvY4A2E79OuM=,RGus0tOCBEhkIXxXeea/UUEcWSU=
3,-9,MjDf0nD7GAJjQLYLvY4A2E79OuM=,N9BtkD3MT2715bHZozhUUXVW9jo=
4,-9,MjDf0nD7GAJjQLYLvY4A2E79OuM=,PdQF+pTuKQaFGGjCx5iw/agGA68=
5,-9,MjDf0nD7GAJjQLYLvY4A2E79OuM=,b5xwwPrCisqtzfOI+d/ga7aXzVg=
6,-9,MjDf0nD7GAJjQLYLvY4A2E79OuM=,k2RTY4Due4zK68ZsR55KVOolnFs=
7,-9,MjDf0nD7GAJjQLYLvY4A2E79OuM=,Qdjb2dlXFE4kcpCIbHdAEovvVCI=
8,-9,MjDf0nD7GAJjQLYLvY4A2E79OuM=,QS6YQ1soI011vRjpSxn2xTJ5+zw=
9,-9,MjDf0nD7GAJjQLYLvY4A2E79OuM=,EdKzxLgyzL2DHiDAZFMcikcY9wk=
10,-9,MjDf0nD7GAJjQLYLvY4A2E79OuM=,Ut/b37GmlkwPeXOKsxp/nwcnjlE=
11,-9,MjDf0nD7GAJjQLYLvY4A2E79OuM=,dOL4rRo3Me2peL/dWlVmNJ3hjCo=
12,-9,MjDf0nD7GAJjQLYLvY4A2E79OuM=,O4iVdEQnw/GJKtGhdKwMrt63xxw=
13,-9,MjDf0nD7GAJjQLYLvY4A2E79OuM=,yyIoYpr892ytxkGnYW2fyG+gdj8=
14,-9,MjDf0nD7GAJjQLYLvY4A2E79OuM=,1xf/KXpSfcDioywN+GWOYQmEtTs=
15,-9,NZAASWOQlEK9H0hVz59fvLH9LtM=,1xf/KXpSfcDioywN+GWOYQmEtTs=
16,-9,NZAASWOQlEK9H0hVz59fvLH9LtM=,M2BxAEbSgVyxgwNW99wDd/QwS9w=
17,-9,NZAASWOQlEK9H0hVz59fvLH9LtM=,s+8Y+YnEy2cwZMDY2ZyWOvmJC3E=
18,-9,NZAASWOQlEK9H0hVz59fvLH9LtM=,6fBf3wo1mD+sxqmfnuQ1+e5mKtk=
19,-9,NZAASWOQlEK9H0hVz59fvLH9LtM=,eyMuuYfnQne9tDlaFKH2Jjeig3w=
20,-9,NZAASWOQlEK9H0hVz59fvLH9LtM=,BoUlgbGUedpX2nhCVd5Nu1wokxs=
21,-9,NZAASWOQlEK9H0hVz59fvLH9LtM=,8U/YktZWEHsKvC1ekIA7EfA9eao=
22,-9,NZAASWOQlEK9H0hVz59fvLH9LtM=,FvcqxSrnv+q84PhtLPqfX9rofoA=
23,-9,NZAASWOQlEK9H0hVz59fvLH9LtM=,dEcPZ2z+g7KCdiaNRhuecTzF6F0=
24,-9,NZAASWOQlEK9H0hVz59fvLH9LtM=,sDY1LFpkfLSFsvxOwL+S5/QbP/w=
25,-9,NZAASWOQlEK9H0hVz59fvLH9LtM=,vTiKrOGd83EwHsO3bV7V4Z57ZA8=
26,-9,NZAASWOQlEK9H0hVz59fvLH9LtM=,EhjMBl4hL/dKcfATnUF0O+GbfiI=
27,-9,NZAASWOQlEK9H0hVz59fvLH9LtM=,1u14soHXogW1zuFQjMgfBBz0Uz8=
28,-9,NZAASWOQlEK9H0hVz59fvLH9LtM=,HLdxnF6l0RfRQDbsOll6spkeXs4=
29,-9,NZAASWOQlEK9H0hVz59fvLH9LtM=,z/Jfx/5HTTfUsbw+rJZ+wMYL6LE=
30,-9,NZAASWOQlEK9H0hVz59fvLH9LtM=,z/Jfx/5HTTfUsbw+rJZ+wMYL6LE=
31,-9,NZAASWOQlEK9H0hVz59fvLH9LtM=,AWIQXfS1NBvemGIlT5e2O+vCOD4=
0,-8,AcoIdbNbGMnNMsk+rVBCwV+mINU=,BlCDSfmpzcQDIZY0K7YGSM0MGs4=
1,-8,AcoIdbNbGMnNMsk+rVBCwV+mINU=,PVfI6untDN+Z4D414DoVBPCxues=
2,-8,AcoIdbNbGMnNMsk+rVBCwV+mINU=,zcmC9qV5aV1LOj9b+iEbQ00CqSc=
3,-8,AcoIdbNbGMnNMsk+rVBCwV+mINU=,i5Yk/d650EZLxyG6gh3qotAcGeI=
4,-8,AcoIdbNbGMnNMsk+rVBCwV+mINU=,rgJ5iRaQEE7vWw8E3M5B7qXatHA=
5,-8,AcoIdbNbGMnNMsk+rVBCwV+mINU=,Kz7R44Eool/IViI+gVQ8KXmg5zk=
6,-8,AcoIdbNbGMnNMsk+rVBCwV+mINU=,nu0wK7/Gyf+7vQefoxRK4Q25dI0=
7,-8,AcoIdbNbGMnNMsk+rVBCwV+mINU=,BL4mozL4LfHqgwBMcRF0jCG9VOM=
8,-8,AcoIdbNbGMnNMsk+rVBCwV+mINU=,PpCqssUb2sXfUpjJT+skHeJeG5I=
9,-8,AcoIdbNbGMnNMsk+rVBCwV+mINU=,L4BnmoXnKOdspZ6gskwzPVjES5Q=
10,-8,AcoIdbNbGMnNMsk+rVBCwV+mINU=,BwZeDUJ74OGYJCsuuHB/H93OyHg=
11,-8,AcoIdbNbGMnNMsk+rVBCwV+mINU=,RAxM3twnTFOLxJrGPnNbX88a/dw=
12,-8,AcoIdbNbGMnNMsk+rVBCwV+mINU=,aPusCBPlkUHH/zGwASU2M+sH8dQ=
13,-8,AcoIdbNbGMnNMsk+rVBCwV+mINU=,6HmwRBOWMw0g0he9tDoZczFgLeg=
14,-8,AcoIdbNbGMnNMsk+rVBCwV+mINU=,MMYoLjxy5E86y4kFZSGNB7+OB5w=
15,-8,AcoIdbNbGMnNMsk+rVBCwV+mINU=,bQKiymV+gCSJR2fFPyl7XDcB9MU=
16,-8,AcoIdbNbGMnNMsk+rVBCwV+mINU=,kBYUlOh2PycZFCO9yjNMZsY81ck=
17,-8,AcoIdbNbGMnNMsk+rVBCwV+mINU=,y94xQ1hMddrQQj5eZI/9EeysbE4=
18,-8,AcoIdbNbGMnNMsk+rVBCwV+mINU=,7vPHuqs7UBACFurHwbOKrkNk8I4=
19,-8,AcoIdbNbGMnNMsk+rVBCwV+mINU=,ApRP06agftBGiYYeAyN74XrOHn8=
20,-8,AcoIdbNbGMnNMsk+rVBCwV+mINU=,8/oM5DHOp2XUUfr+947ip02dfJI=
21,-8,AcoIdbNbGMnNMsk+rVBCwV+mINU=,PUhv9XwqE2Z2ifYZk/ryT38HmDU=
22,-8,AcoIdbNbGMnNMsk+rVBCwV+mINU=,BrUjHKZSHvcYDoIRrQjtuvt9O8s=
23,-8,AcoIdbNbGMnNMsk+rVBCwV+mINU=,71JUTmG02e/AtEEO9L11h1ywB3A=
24,-8,AcoIdbNbGMnNMsk+rVBCwV+mINU=,y0IFWroxC+VQBD7DbarTddI90Yo=
25,-8,AcoIdbNbGMnNMsk+rVBCwV+mINU=,ZnZWpJ8jTGqhXvD4i5isJxEpiWE=
26,-8,AcoIdbNbGMnNMsk+rVBCwV+mINU=,Ps5KqBIP5KEohQ/1ZO5Lgf7J3Xo=
27,-8,AcoIdbNbGMnNMsk+rVBCwV+mINU=,8Znj4UKr3GWHvjjXX3H0L+NXBrE=
28,-8,AcoIdbNbGMnNMsk+rVBCwV+mINU=,v3STyphzpqwxPU8LD4gJ6aJWcmQ=
29,-8,AcoIdbNbGMnNMsk+rVBCwV+mINU=,yO1iWNDClzMQqwPSZyIudnz7PI8=
30,-8,AcoIdbNbGMnNMsk+rVBCwV+mINU=,6STws0RT2RAw2nCEaRP70ZiXYuI=
31,-8,AcoIdbNbGMnNMsk+rVBCwV+mINU=,mF6GNQY7MTGoyoR83v7JkhhL1Uc=
0,-7,fqaGkvgmNcO8xE01ta/OuJ37YAA=,C1HW16GGgV3alIZF5TCSGm7zmqI=
1,-7,fqaGkvgmNcO8xE01ta/OuJ37YAA=,YCCFTIJPfMk1+YiQIT/K2ljqyM4=
2,-7,fqaGkvgmNcO8xE01ta/OuJ37YAA=,SmwNX6IYwuabRusIpGUVNuM1vhY=
3,-7,fqaGkvgmNcO8xE01ta/OuJ37YAA=,ccbJ3v6pirphXNdYEGWHpsDPCI4=
4,-7,fqaGkvgmNcO8xE01ta/OuJ37YAA=,VB8Q2WtChtUhvxRzuKtUCBUnilM=
5,-7,fqaGkvgmNcO8xE01ta/OuJ37YAA=,zQYn+Q7xfG9OgV6YIJTKYGg/pc8=
6,-7,fqaGkvgmNcO8xE01ta/OuJ37YAA=,0DSCKhcTTjVHlbvg883dqgcqiLY=
7,-7,fqaGkvgmNcO8xE01ta/OuJ37YAA=,eyb4SoJNTG1hNHVLCJM8lrUuEc4=
8,-7,fqaGkvgmNcO8xE01ta/OuJ37YAA=,ygUuwCupSEr/0aDiGkSguOfeS1U=
9,-7,fqaGkvgmNcO8xE01ta/OuJ37YAA=,pSPFC+qRPEzfPp4dR27xmQWBsOU=
10,-7,fqaGkvgmNcO8xE01ta/OuJ37YAA=,Yfgm4SVdqO0kBLLylSgGpqc1HE4=
11,-7,fqaGkvgmNcO8xE01ta/OuJ37YAA=,PRpjPi/caPaNP6NAvt7GO9L/l7o=
12,-7,fqaGkvgmNcO8xE01ta/OuJ37YAA=,RRKa2GSu6Pv8JdCyPYyJWjkXslo=
13,-7,fqaGkvgmNcO8xE01ta/OuJ37YAA=,FN3kG+FijRvaAhmvUhAv9WL+dyY=
14,-7,fqaGkvgmNcO8xE01ta/OuJ37YAA=,svSrCqVKczShgDx0LnRY/npJ3D8=
15,-7,fqaGkvgmNcO8xE01ta/OuJ37YAA=,bQKiymV+gCSJR2fFPyl7XDcB9MU=
16,-7,fqaGkvgmNcO8xE01ta/OuJ37YAA=,PxG3deIijIuPHCCvoO/BAqZ6s9Y=
17,-7,fqaGkvgmNcO8xE01ta/OuJ37YAA=,r+CbFWNCTX0K98kGvvsMWYRbMIY=
18,-7,fqaGkvgmNcO8xE01ta/OuJ37YAA=,ebNb2SVm7cBxDlZQ6RFeEY22jqI=
19,-7,QXRkuyx87KBj/OaqdifJb1RKhG4=,dw1Eaj177iC35G6o5krqe3PqB1M=
20,-7,QXRkuyx87KBj/OaqdifJb1RKhG4=,BPpz3XilwM6EFfJw7TQXeo4UyJw=
21,-7,QXRkuyx87KBj/OaqdifJb1RKhG4=,5jJ2PgXzaMM2q+rubNW3w+4krhU=
22,-7,QXRkuyx87KBj/OaqdifJb1RKhG4=,/iW6D2XZv7xuDewGetJoNrq/dSQ=
23,-7,QXRkuyx87KBj/OaqdifJb1RKhG4=,AvdB9WJkF4pYGTAI15qY/1G8yv4=
24,-7,QXRkuyx87KBj/OaqdifJb1RKhG4=,dnnCgGLPqHfOusefbUeW45sk68U=
25,-7,QXRkuyx87KBj/OaqdifJb1RKhG4=,cmUymPNPC/U5qhR/3OiUESdEyHE=
26,-7,QXRkuyx87KBj/OaqdifJb1RKhG4=,rohjYMTCG5StmLIbRWJeIXq9m8A=
27,-7,QXRkuyx87KBj/OaqdifJb1RKhG4=,LXqCAlwVio06eYeKldp1Bt9bJ64=
28,-7,QXRkuyx87KBj/OaqdifJb1RKhG4=,yp/WETryUIu1539j+rDyc971YfI=
29,-7,QXRkuyx87KBj/OaqdifJb1RKhG4=,ErU0ix9ZKE056oDXW/BRyYGizlY=
30,-7,QXRkuyx87KBj/OaqdifJb1RKhG4=,miRM9cTiDVhNRhzNm2MJrsfjBpg=
31,-7,QXRkuyx87KBj/OaqdifJb1RKhG4=,B2Nt2XZP1t64XzK0caWVS6QMkQc=
0,-6,QXRkuyx87KBj/OaqdifJb1RKhG4=,svc1U1c3l2sFpSerr7+Pp48asKE=
1,-6,QXRkuyx87KBj/OaqdifJb1RKhG4=,ZyUg64cJWBfd4JhAxWNTvwx+cmg=
2,-6,QXRkuyx87KBj/OaqdifJb1RKhG4=,2ie62sCqRUe9mPoJGVvtecEcUuc=
3,-6,QXRkuyx87KBj/OaqdifJb1RKhG4=,aZEuQmkXztcBt4U02Y2/CufqJkc=
4,-6,QXRkuyx87KBj/OaqdifJb1RKhG4=,rajjlwG30NSWnL6z+cBcbbZ83zk=
5,-6,QXRkuyx87KBj/OaqdifJb1RKhG4=,AhKOzmhMDosV2/6TJsdAU74FRY4=
6,-6,QXRkuyx87KBj/OaqdifJb1RKhG4=,jKoLV5Ymlj/KtatRBM0WmibYN5c=
7,-6,QXRkuyx87KBj/OaqdifJb1RKhG4=,TXka2CpDRdmuKlsgWbAbfYsUPCc=
8,-6,QXRkuyx87KBj/OaqdifJb1RKhG4=,AAXp8rEs1trCx5MwqolEdxPvo9k=
9,-6,QXRkuyx87KBj/OaqdifJb1RKhG4=,g1bB4C+0xCCTecZ92K8jrOjw014=
10,-6,QXRkuyx87KBj/OaqdifJb1RKhG4=,pTTHv8Q8Pin64s7+q1QCThgfgsc=
11,-6,U2l52OhP45IL/f3AYgXN4nVu8jo=,ToPurhIBaV54W0eTUVKGCtQIRbg=
12,-6,U2l52OhP45IL/f3AYgXN4nVu8jo=,InIGzmHp0O6+WGe6vaJbqNdG1jI=
13,-6,U2l52OhP45IL/f3AYgXN4nVu8jo=,qU7U7xmLPIfqBJY55mlEW3coj74=
14,-6,U2l52OhP45IL/f3AYgXN4nVu8jo=,25uQHjYLWtfXACi3I2tCn6vePpw=
15,-6,U2l52OhP45IL/f3AYgXN4nVu8jo=,SogPKTULLJpct83yZnDR2VwMAdQ=
16,-6,U2l52OhP45IL/f3AYgXN4nVu8jo=,5Nbm52prH8PEjIDhmy6WDkclLeE=
17,-6,U2l52OhP45IL/f3AYgXN4nVu8jo=,vVbQWkQjBFPVI65FLrsprM9/F8c=
18,-6,U2l52OhP45IL/f3AYgXN4nVu8jo=,LUF1k3yALgSjjy7hEhHPvdYQmzw=
19,-6,U2l52OhP45IL/f3AYgXN4nVu8jo=,hZ9HRGUp7w3ZR3rlJrBZa2Xhow0=
20,-6,U2l52OhP45IL/f3AYgXN4nVu8jo=,zY3P//OC5GoZ6zjXMQdkBQpdSUU=
21,-6,U2l52OhP45IL/f3AYgXN4nVu8jo=,F8DrubktAlOeJYEt8rsuZckuyvA=
22,-6,U2l52OhP45IL/f3AYgXN4nVu8jo=,giC1NLHO4rJNnRXWZZ0WWk5V0qM=
23,-6,U2l52OhP45IL/f3AYgXN4nVu8jo=,ru4WlOt6gsyciRr2k0gRXjbdspU=
24,-6,U2l52OhP45IL/f3AYgXN4nVu8jo=,DkvBArWBBmQpM9LHvz8JbbwKkrw=
25,-6,U2l52OhP45IL/f3AYgXN4nVu8jo=,7lE42EeDIp4bfp5Km2gVx+5aDt8=
26,-6,U2l52OhP45IL/f3AYgXN4nVu8jo=,X+h7SPrpGD3jYtU2Z0Bwiq7QKSQ=
27,-6,U2l52OhP45IL/f3AYgXN4nVu8jo=,nsATWJPzVcQgaPTNMSyyzIa2aWk=
28,-6,U2l52OhP45IL/f3AYgXN4nVu8jo=,W/mNVs+mnBFGBTMW/RkrVGP2yK0=
29,-6,U2l52OhP45IL/f3AYgXN4nVu8jo=,+GJLVKWH+W6CR5wanBLRdBkwI6U=
30,-6,U2l52OhP45IL/f3AYgXN4nVu8jo=,mPtGkCvGP3DPLveoEBmUFf2M4G8=
31,-6,U2l52OhP45IL/f3AYgXN4nVu8jo=,O6y8HUQ+qYxqjaXJts7VdFxO89E=
0,-5,yOYSiVCKbTrl94w/9NMDyg8s3Iw=,dwhyQvYmXCNe2R9cs8+0ujUjCTQ=
1,-5,yOYSiVCKbTrl94w/9NMDyg8s3Iw=,EDOYaxDt4TUsSQHndYgBOOjTPfo=
2,-5,yOYSiVCKbTrl94w/9NMDyg8s3Iw=,vQEIJzDqYpAIu4wQVhV4dSMIM18=
3,-5,yOYSiVCKbTrl94w/9NMDyg8s3Iw=,sD2Ct/lqies3+pcEE8qVRPtr7bI=
4,-5,yOYSiVCKbTrl94w/9NMDyg8s3Iw=,/tR24aj8rm57ohuD0jzyDscp6MM=
5,-5,yOYSiVCKbTrl94w/9NMDyg8s3Iw=,wvUxbNL1pQk0kV26TFyBE5hnaFg=
6,-5,yOYSiVCKbTrl94w/9NMDyg8s3Iw=,/5JN9B5ik0vhhW98BS54QpsTPKk=
7,-5,yOYSiVCKbTrl94w/9NMDyg8s3Iw=,TujNASEf/bzRkLUguEUfE69qA9Y=
8,-5,yOYSiVCKbTrl94w/9NMDyg8s3Iw=,hX1TP/X5k8xL6jxjdFWcqMU5J34=
9,-5,yOYSiVCKbTrl94w/9NMDyg8s3Iw=,FfixNyJHie7erbkPP5Wk7/oQ+q0=
10,-5,yOYSiVCKbTrl94w/9NMDyg8s3Iw=,6CGZZI8l9ngX6xekDhrn5zJFub4=
11,-5,yOYSiVCKbTrl94w/9NMDyg8s3Iw=,ZLRKbIQPy4yvnRIuiAnfbm8cLNo=
12,-5,yOYSiVCKbTrl94w/9NMDyg8s3Iw=,Jm9ABVpB8UiqsHsoWJmpaejotaI=
13,-5,yOYSiVCKbTrl94w/9NMDyg8s3Iw=,muLSpdqveUy3rwRmvp6Rnnk1iqI=
14,-5,yOYSiVCKbTrl94w/9NMDyg8s3Iw=,3Ev4xwaq/vWn9vT9rJDRwgN6nfQ=
15,-5,yOYSiVCKbTrl94w/9NMDyg8s3Iw=,jQBqK1RHbmWb5UfwdxYiAAqG18Y=
16,-5,yOYSiVCKbTrl94w/9NMDyg8s3Iw=,dz+gvfJ7b2G7mF7TkoX685IeqjM=
17,-5,yOYSiVCKbTrl94w/9NMDyg8s3Iw=,2CMMct8qYZXZ3p1qlhgh1JSdiVg=
18,-5,yOYSiVCKbTrl94w/9NMDyg8s3Iw=,Gu3fNas9S2G+DAz6xQ87r+ULWrk=
19,-5,yOYSiVCKbTrl94w/9NMDyg8s3Iw=,uf2mY4sao0kddVQFFvwsdnzG0iA=
20,-5,yOYSiVCKbTrl94w/9NMDyg8s3Iw=,a81eDpml6BJMJmuxfsb12O7DeEo=
21,-5,yOYSiVCKbTrl94w/9NMDyg8s3Iw=,56us2B5/0qwuJQtL/jPltSmZh7s=
22,-5,yOYSiVCKbTrl94w/9NMDyg8s3Iw=,/ZzMzBlHneeqP1GTlss1ZZYvy7E=
23,-5,yOYSiVCKbTrl94w/9NMDyg8s3Iw=,I9hSicBzmZiEke+WxRV/qn87b5k=
24,-5,yOYSiVCKbTrl94w/9NMDyg8s3Iw=,J2xyFz6knTCAaIZj/6kPOWPxQoI=
25,-5,yOYSiVCKbTrl94w/9NMDyg8s3Iw=,apA1ViVMbDo/rIvVKG8GhzayB5Y=
26,-5,yOYSiVCKbTrl94w/9NMDyg8s3Iw=,g9xDoA71pRgg52/Nqdnn4re6cJk=
27,-5,yOYSiVCKbTrl94w/9NMDyg8s3Iw=,zb8ESudWna8V0uI7w6zrLTSP3mI=
28,-5,yOYSiVCKbTrl94w/9NMDyg8s3Iw=,pyVEkDPikfcF0EgxPVBoCLo4tqc=
29,-5,yOYSiVCKbTrl94w/9NMDyg8s3Iw=,usqhUlwnNCG9bca4GFRGSgUNVe4=
30,-5,yOYSiVCKbTrl94w/9NMDyg8s3Iw=,bsVA5qJiQMhqnHrnps5cgbQvslE=
31,-5,yOYSiVCKbTrl94w/9NMDyg8s3Iw=,o5p/4WGaZgncLq2FQTHODh50eq0=
0,-4,Yxu5bgrckvcH/o2TtZQTJKBgGm4=,tsvB+6dHuVl4aUCSTFzsPHxX9v0=
1,-4,Yxu5bgrckvcH/o2TtZQTJKBgGm4=,RELDUKUtfHBVpOENtUa4bJMEv54=
2,-4,Yxu5bgrckvcH/o2TtZQTJKBgGm4=,SOxdVLvdB2wFD+QUtYLTM+XK2KE=
3,-4,Yxu5bgrckvcH/o2TtZQTJKBgGm4=,9TynwBd4YJ5LbEAP2U6EIgrf698=
4,-4,Yxu5bgrckvcH/o2TtZQTJKBgGm4=,sqnaTtS9bHN7bxUlCo0jWIWSldM=
5,-4,Yxu5bgrckvcH/o2TtZQTJKBgGm4=,vvXREU70qHUO/Chpd3wm6e1jMKk=
6,-4,Yxu5bgrckvcH/o2TtZQTJKBgGm4=,N0cLb0/kHY4BNMSSXpzo52tWNF8=
7,-4,Yxu5bgrckvcH/o2TtZQTJKBgGm4=,BgEkMChypkppkQ0nzfx0VOTMaPk=
8,-4,Yxu5bgrckvcH/o2TtZQTJKBgGm4=,vjRnQ2XKAWfqOOFlYoaaIV6PuyY=
9,-4,Yxu5bgrckvcH/o2TtZQTJKBgGm4=,A0WssI6eSq8cWJJ60pOrx/X7GyE=
10,-4,Yxu5bgrckvcH/o2TtZQTJKBgGm4=,is17I1VpdC2HxZNyiChkUYKZVVw=
11,-4,Yxu5bgrckvcH/o2TtZQTJKBgGm4=,Wd6K1miRC6N/g5uXGHWqsTBJ368=
12,-4,Yxu5bgrckvcH/o2TtZQTJKBgGm4=,w9i4fsSNXkQgRrPmPds7Itq4AbE=
13,-4,Yxu5bgrckvcH/o2TtZQTJKBgGm4=,4UYStaU9F3ThcwNUqGe/isjYUsI=
14,-4,Yxu5bgrckvcH/o2TtZQTJKBgGm4=,XKg2CUvb1Vs8tOhZdj3CPyADRds=
15,-4,Yxu5bgrckvcH/o2TtZQTJKBgGm4=,IXBFmneR36b69zxLpHd2E8M1ahs=
16,-4,Yxu5bgrckvcH/o2TtZQTJKBgGm4=,AuzQADGbw/XZ/tANhj1oumgcZpc=
17,-4,Yxu5bgrckvcH/o2TtZQTJKBgGm4=,a+2bE9t9gQTUHsx/9rvov59PrQQ=
18,-4,Yxu5bgrckvcH/o2TtZQTJKBgGm4=,NWerQ/U7fIMpQA2gKm62qxc6IQo=
19,-4,Yxu5bgrckvcH/o2TtZQTJKBgGm4=,nL8CKeD5We88JPbFKs23l2iU03E=
20,-4,Yxu5bgrckvcH/o2TtZQTJKBgGm4=,e6ZQRv63ndCd0f3wNhDho+bAjtg=
21,-4,Yxu5bgrckvcH/o2TtZQTJKBgGm4=,I9OB6Fv846PYFq5W/d5aaoN2Ucw=
22,-4,Yxu5bgrckvcH/o2TtZQTJKBgGm4=,WbxaCRsgb7PEOcP+x9TPnINxfJA=
23,-4,Yxu5bgrckvcH/o2TtZQTJKBgGm4=,I9hSicBzmZiEke+WxRV/qn87b5k=
24,-4,Yxu5bgrckvcH/o2TtZQTJKBgGm4=,9jV5BnsF/6VrZ3ZdkKpLuXtwqu4=
25,-4,Yxu5bgrckvcH/o2TtZQTJKBgGm4=,8devb1zPnqYgkSdiGMsWlumMAFM=
26,-4,Yxu5bgrckvcH/o2TtZQTJKBgGm4=,KXBAotH9L+RwLl/yMuUFk3fR7No=
27,-4,Yxu5bgrckvcH/o2TtZQTJKBgGm4=,zb8ESudWna8V0uI7w6zrLTSP3mI=
28,-4,Y0R3STqwg55tlQ0h7Wbwky8Bi2M=,HDII4O9esp3pvkU1ZGY+mf9N4D4=
29,-4,Y0R3STqwg55tlQ0h7Wbwky8Bi2M=,IjMnZh1Br+SKbPeDJvLefKNDKNg=
30,-4,Y0R3STqwg55tlQ0h7Wbwky8Bi2M=,HLrgKLa/Z7pHTZMRGmR56HR8D6g=
31,-4,Y0R3STqwg55tlQ0h7Wbwky8Bi2M=,o5p/4WGaZgncLq2FQTHODh50eq0=
0,-3,Y0R3STqwg55tlQ0h7Wbwky8Bi2M=,4Y8dL/vrzsn6YgWZnlLRbQYxrG8=
1,-3,Y0R3STqwg55tlQ0h7Wbwky8Bi2M=,7YTYOeR5C0VBLDlTGwtTTthWkpw=
2,-3,Y0R3STqwg55tlQ0h7Wbwky8Bi2M=,9X+NyS00FRpmyxsSKq8Tx+CFd1Q=
3,-3,WUw+SliKZ4RRDyPzoFH4UEzptqo=,NJqZgVLhishhM/HYEg8o9AOLfRM=
4,-3,WUw+SliKZ4RRDyPzoFH4UEzptqo=,B22qbwYG4xQzg0E7IDUj5y8B8u4=
5,-3,WUw+SliKZ4RRDyPzoFH4UEzptqo=,PL4XOsWxNxOFheTkbdWpxcCQFso=
6,-3,WUw+SliKZ4RRDyPzoFH4UEzptqo=,V6VM7kEUHOlT6XhkwITYBjwxpOc=
7,-3,WUw+SliKZ4RRDyPzoFH4UEzptqo=,wTG+WEid993ylNRKcW/vwYfXX1s=
8,-3,WUw+SliKZ4RRDyPzoFH4UEzptqo=,MzDTyoQmWjUroi/ir393/nLcBYc=
9,-3,WUw+SliKZ4RRDyPzoFH4UEzptqo=,RFPNe1mPZ5l+9Jh7QnZ7dVuYwz8=
10,-3,WUw+SliKZ4RRDyPzoFH4UEzptqo=,bA7Ij3ralrjT+PpMYdAVfAs6lkw=
11,-3,WUw+SliKZ4RRDyPzoFH4UEzptqo=,lq4NeS+eqWPKpf1yceXO1fkLY3Y=
12,-3,WUw+SliKZ4RRDyPzoFH4UEzptqo=,BN7LATcy8GAW+b0sZ79txvJXtAA=
13,-3,WUw+SliKZ4RRDyPzoFH4UEzptqo=,aIAjOxHvjxsg/yaP9R212pRg3R8=
14,-3,WUw+SliKZ4RRDyPzoFH4UEzptqo=,pI/xD5xgGgAHzh0GpCXMC6IwQCE=
15,-3,WUw+SliKZ4RRDyPzoFH4UEzptqo=,pI/xD5xgGgAHzh0GpCXMC6IwQCE=
16,-3,WUw+SliKZ4RRDyPzoFH4UEzptqo=,mwhEW5DIYTzeMRFq3DwFyWr7biY=
17,-3,WUw+SliKZ4RRDyPzoFH4UEzptqo=,U8ZvpZ7E8GjK4N04KSIhf1tyU8o=
18,-3,WUw+SliKZ4RRDyPzoFH4UEzptqo=,PTqd/CJkdME8SkTfeV3jsGaKSK8=
19,-3,WUw+SliKZ4RRDyPzoFH4UEzptqo=,zzHAdDkCN388IXrsaOy12d+Ya0w=
20,-3,WUw+SliKZ4RRDyPzoFH4UEzptqo=,JkFY3GtUEEDeUuS73gqWStrXUd8=
21,-3,WUw+SliKZ4RRDyPzoFH4UEzptqo=,2TuwmjJqelm6ybkqFjbZwuXi/4M=
22,-3,WUw+SliKZ4RRDyPzoFH4UEzptqo=,LtW/bmc/u8b8ShR+2HUXVNYrbXU=
23,-3,WUw+SliKZ4RRDyPzoFH4UEzptqo=,r9ii8K2pUlK2zsodNfJP6khoYbk=
24,-3,WUw+SliKZ4RRDyPzoFH4UEzptqo=,tYXFR578Y+xrNigfWMm6qyYso64=
25,-3,WUw+SliKZ4RRDyPzoFH4UEzptqo=,sCr160Y9l2ZRLCpNtQ6pI0FdGW4=
26,-3,WUw+SliKZ4RRDyPzoFH4UEzptqo=,/eOSS8hRHPzp0oUurLWxeCYJz04=
27,-3,WUw+SliKZ4RRDyPzoFH4UEzptqo=,TdLrrGx66WEYeO5dFako17TTjxM=
28,-3,WUw+SliKZ4RRDyPzoFH4UEzptqo=,mU40XWu+FdzqXOT0w0E4RsAJeUE=
29,-3,WUw+SliKZ4RRDyPzoFH4UEzptqo=,cQ54jPCFb6SS/30hkN0OOAd+5KU=
30,-3,WUw+SliKZ4RRDyPzoFH4UEzptqo=,I0onoLiZgu0SewkJq55arv40VZ4=
31,-3,WUw+SliKZ4RRDyPzoFH4UEzptqo=,o5p/4WGaZgncLq2FQTHODh50eq0=
0,-2,UEl8bEWarL1gtjzQAbR+DoM6+Vs=,y1JOUd65/Ij3uVGBnZIPGiZfxWs=
1,-2,UEl8bEWarL1gtjzQAbR+DoM6+Vs=,WkYueN9OLnLKcF8E6xIXmfb/Xos=
2,-2,UEl8bEWarL1gtjzQAbR+DoM6+Vs=,8ZmGiAUSnHXci0RrtIpUvu++QBM=
3,-2,UEl8bEWarL1gtjzQAbR+DoM6+Vs=,4NI/pyAesw93Ki/bPhUALhzoSNc=
4,-2,UEl8bEWarL1gtjzQAbR+DoM6+Vs=,soNzQaLDvC74SpCwBc2wEz2dlvI=
5,-2,UEl8bEWarL1gtjzQAbR+DoM6+Vs=,2zXBJkm2zrOCsESpvBwVYz31SGE=
6,-2,UEl8bEWarL1gtjzQAbR+DoM6+Vs=,979oo+evaM1tEjbTbaHVcm2ASKQ=
7,-2,UEl8bEWarL1gtjzQAbR+DoM6+Vs=,bGJAgAFjFU9WfnvfCVerIk9bGU4=
8,-2,UEl8bEWarL1gtjzQAbR+DoM6+Vs=,j8bDVhcLmzi5rhUX7IUheb+mUJ4=
9,-2,UEl8bEWarL1gtjzQAbR+DoM6+Vs=,yI162RSiIZDTXvwFiZPkpCq0ElM=
10,-2,UEl8bEWarL1gtjzQAbR+DoM6+Vs=,zXiyuHssgWxAJkgHkSJ/QJ11QVI=
11,-2,UEl8bEWarL1gtjzQAbR+DoM6+Vs=,Nd509dXEZbBMs5CStZFVY/sJjEE=
12,-2,UEl8bEWarL1gtjzQAbR+DoM6+Vs=,do9z47V4jL6F3te+ml1UsopAYOw=
13,-2,UEl8bEWarL1gtjzQAbR+DoM6+Vs=,WDOzwbxW2AzQiY1tGBJ2GYmMero=
14,-2,UEl8bEWarL1gtjzQAbR+DoM6+Vs=,18dCqKRWgZwPZbIitay+Rpeg2yg=
15,-2,UEl8bEWarL1gtjzQAbR+DoM6+Vs=,5V17Xxy1GfeqDChTKAjGu9CbKRQ=
16,-2,UEl8bEWarL1gtjzQAbR+DoM6+Vs=,jyUHbdHfLww947rafZBWV060C5s=
17,-2,UEl8bEWarL1gtjzQAbR+DoM6+Vs=,Xldu6tPvGO5wDoqWeQ0fcmcHOr4=
18,-2,UEl8bEWarL1gtjzQAbR+DoM6+Vs=,Kk8xFsCROjG77b85ZHYf7HX5c70=
19,-2,UEl8bEWarL1gtjzQAbR+DoM6+Vs=,TYV9gz55IqMYfMlAgDrsMRWCxE8=
20,-2,UEl8bEWarL1gtjzQAbR+DoM6+Vs=,fzWqWVwVHXxkQsnfHLIXj+wKnJQ=
21,-2,UEl8bEWarL1gtjzQAbR+DoM6+Vs=,1qzObHmb/NsvucdJGlYOGiZS98I=
22,-2,UEl8bEWarL1gtjzQAbR+DoM6+Vs=,XAx2EHCwdniuvSoVfnyZIByKqdI=
23,-2,UEl8bEWarL1gtjzQAbR+DoM6+Vs=,YLcj5z2M/DAwKAMwdrYoDF7wF1Q=
24,-2,UEl8bEWarL1gtjzQAbR+DoM6+Vs=,cLENSVvuhf8Z9g7fuvzyXjy7Lbw=
25,-2,UEl8bEWarL1gtjzQAbR+DoM6+Vs=,xbCks1Ymcc5A7z40qe9Szazm4lA=
26,-2,UEl8bEWarL1gtjzQAbR+DoM6+Vs=,o9tc4pUOSsl3NaZt05XWjcS/CLs=
27,-2,UEl8bEWarL1gtjzQAbR+DoM6+Vs=,Z90vyiL60Lzhyu/7KBCjOWpsQDw=
28,-2,UEl8bEWarL1gtjzQAbR+DoM6+Vs=,VJwAXqq52RuA35pQGw7HbULEuzA=
29,-2,UEl8bEWarL1gtjzQAbR+DoM6+Vs=,xxgm/67hP7O9CK5Jsa6UjIsiOhI=
30,-2,UEl8bEWarL1gtjzQAbR+DoM6+Vs=,I0onoLiZgu0SewkJq55arv40VZ4=
31,-2,UEl8bEWarL1gtjzQAbR+DoM6+Vs=,o5p/4WGaZgncLq2FQTHODh50eq0=
0,-1,XSpopw3EkymcfYiw4UvDidWIWns=,xKbqeL6xsZtBB6JxVHJ4MhntBkI=
1,-1,XSpopw3EkymcfYiw4UvDidWIWns=,ToKTXH0PgRd9PJYIZ19laJ7C+Zo=
2,-1,XSpopw3EkymcfYiw4UvDidWIWns=,TTkXJgkNOU0G1BL57s31tVDbpc8=
3,-1,XSpopw3EkymcfYiw4UvDidWIWns=,nbLAdJ4XWPyPYk0BU04UUG8kano=
4,-1,LkTosmb/iwhl9jsxcnBGTpLnrjU=,XYM2vDPStusf9ApG2iFlxR/51kA=
5,-1,LkTosmb/iwhl9jsxcnBGTpLnrjU=,vjp3TlbsbwnOJ86EtYe+mEmhqE8=
6,-1,LkTosmb/iwhl9jsxcnBGTpLnrjU=,kP/Mws/J5QliuxY/xH2UrZqCGuo=
7,-1,LkTosmb/iwhl9jsxcnBGTpLnrjU=,l+J5J90xqN9+uxwcRASCWF/ZEQc=
8,-1,LkTosmb/iwhl9jsxcnBGTpLnrjU=,oocsytb+2E9Au4kpIsqtRLU2PJk=
9,-1,LkTosmb/iwhl9jsxcnBGTpLnrjU=,cgvr3gHDG8z7Ea0YLLw1DqIZS5U=
10,-1,LkTosmb/iwhl9jsxcnBGTpLnrjU=,YkjJd6URQr6wyPpsk7CwPg7UERU=
11,-1,LkTosmb/iwhl9jsxcnBGTpLnrjU=,7/g6zjo7m2iIJLADOesSIa7rDL0=
12,-1,LkTosmb/iwhl9jsxcnBGTpLnrjU=,Llf59wgoOgJMSTyu3AaZbDPIzzM=
13,-1,LkTosmb/iwhl9jsxcnBGTpLnrjU=,Yj78lOQRTllhmi1ZN3q0aML0j/U=
14,-1,LkTosmb/iwhl9jsxcnBGTpLnrjU=,HO/QvKxSDV3VvE21I+2BzNhKds0=
15,-1,LkTosmb/iwhl9jsxcnBGTpLnrjU=,yPWYaEwRB1GFnvzT2f/dtlrN5UM=
16,-1,LkTosmb/iwhl9jsxcnBGTpLnrjU=,5gzPWVVYZ9sQhZvy2nYEryeQCgo=
17,-1,LkTosmb/iwhl9jsxcnBGTpLnrjU=,L5hoUMByXc4khlEkokksBmyKfBQ=
18,-1,LkTosmb/iwhl9jsxcnBGTpLnrjU=,Ab6JGv/+Nv4L6q0SBJQD6IouCeM=
19,-1,LkTosmb/iwhl9jsxcnBGTpLnrjU=,xF9juuf+VMl+lb7t7oC/WEw5n10=
20,-1,LkTosmb/iwhl9jsxcnBGTpLnrjU=,fOedyZOaJshGNFpv0HNKnkaqHpM=
21,-1,LkTosmb/iwhl9jsxcnBGTpLnrjU=,NYYBUAVc48DN3BIQXqnH5mVFcwY=
22,-1,LkTosmb/iwhl9jsxcnBGTpLnrjU=,W1retQcehnzM/XyoqrTDNa13kpw=
23,-1,LkTosmb/iwhl9jsxcnBGTpLnrjU=,TUftGAM1jIfu7GwtavDIAW5XVXA=
24,-1,LkTosmb/iwhl9jsxcnBGTpLnrjU=,gkm8Jw31qX9fYs/Blgtb/Tna4C8=
25,-1,LkTosmb/iwhl9jsxcnBGTpLnrjU=,iZhYVL+TLC0rn2bE9hkXetSIpJY=
26,-1,LkTosmb/iwhl9jsxcnBGTpLnrjU=,uEkxheenJhLykC+hnMDDuV4xHQ8=
27,-1,LkTosmb/iwhl9jsxcnBGTpLnrjU=,e6YCUkZx/4GfpL6GHS4LgaM9WAI=
28,-1,LkTosmb/iwhl9jsxcnBGTpLnrjU=,e6YCUkZx/4GfpL6GHS4LgaM9WAI=
29,-1,LkTosmb/iwhl9jsxcnBGTpLnrjU=,TJKLNH8aMSNyoI0O1fH8yBaM8Ng=
30,-1,LkTosmb/iwhl9jsxcnBGTpLnrjU=,oVOIQydx84+0c7SAeuRGvABEc8M=
31,-1,LkTosmb/iwhl9jsxcnBGTpLnrjU=,o5p/4WGaZgncLq2FQTHODh50eq0=
